Code_Category,Feature_Category,Feature_Name,Feature_Code,Base_Feature Name,,Feature ,Feature Type ,Feature Sub Type
Spectral,Power & Frequency,adjusted_power-Alpha-avgch,adjusted_power-Alpha,Adjusted Power-Alpha,,Adjusted Power,Spectral,Spectral
Spectral,Power & Frequency,adjusted_power-Alpha-ch1,adjusted_power-Beta,Adjusted Power-Beta,,Aperiodic Intercept,Spectral,Spectral
Spectral,Power & Frequency,adjusted_power-Alpha-ch10,adjusted_power-Delta,Adjusted Power-Delta,,Aperiodic Slope,Spectral,Spectral
Spectral,Power & Frequency,adjusted_power-Alpha-ch11,adjusted_power-Gamma,Adjusted Power-Gamma,,App/Sample/Spectral Entropy,Complexity,non-linear
Spectral,Power & Frequency,adjusted_power-Alpha-ch12,adjusted_power-Theta,Adjusted Power-Theta,,CO_Embed2_Dist_tau_d_expfit_meandiff,Complexity,Complexity
Spectral,Power & Frequency,adjusted_power-Alpha-ch13,aperiodic_intercept,Aperiodic Intercept,,CO_HistogramAMI_even_2_5,Complexity,Nonlinear Autocorr
Spectral,Power & Frequency,adjusted_power-Alpha-ch14,aperiodic_slope,Aperiodic Slope,,CO_trev_1_num,Complexity,Nonlinear Autocorr
Spectral,Power & Frequency,adjusted_power-Alpha-ch15,app_ent,Approximate Entropy,,delta-beta ratio,Spectral,Spectral
Spectral,Power & Frequency,adjusted_power-Alpha-ch16,CO_Embed2_Dist_tau_d_expfit_meandiff,CATCH22 Embedding Distance,,deta-alpha ratio,Spectral,Spectral
Spectral,Power & Frequency,adjusted_power-Alpha-ch17,CO_f1ecac,CATCH22 AC Function_timescale,,DFA,Complexity,non-linear
Spectral,Power & Frequency,adjusted_power-Alpha-ch18,CO_FirstMin_ac,CATCH22 AC Function_First Minimum,,DN_HistogramMode_10,Morphological,Distribution Shape
Spectral,Power & Frequency,adjusted_power-Alpha-ch19,CO_HistogramAMI_even_2_5,CATCH22 Mutual Information_Bins,,DN_HistogramMode_5,Morphological,Distribution Shape
Spectral,Power & Frequency,adjusted_power-Alpha-ch2,CO_trev_1_num,CATCH22 Time Reversibility,,DN_Mean,Morphological,Morphological
Spectral,Power & Frequency,adjusted_power-Alpha-ch3,delta_alpha_ratio,Delta Alpha Ratio,,DN_OutlierInclude_n_001_mdrmd,Morphological,Extreme Events
Spectral,Power & Frequency,adjusted_power-Alpha-ch4,delta_beta_ratio,Delta Beta Ratio,,DN_OutlierInclude_p_001_mdrmdBroadband,Morphological,Extreme Events
Spectral,Power & Frequency,adjusted_power-Alpha-ch5,detrend_fluc-Alpha,Detrended Fluctuation-Alpha,,DN_Spread_Std,Morphological,Morphological
Spectral,Power & Frequency,adjusted_power-Alpha-ch6,detrend_fluc-Beta,Detrended Fluctuation-Beta,,FC_LocalSimple_mean1_tauresrat,Complexity,Incremental Diff
Spectral,Power & Frequency,adjusted_power-Alpha-ch7,detrend_fluc-Broadband,Detrended Fluctuation-Broadband,,FC_LocalSimple_mean3_stderr,Complexity,Forecasting
Spectral,Power & Frequency,adjusted_power-Alpha-ch8,detrend_fluc-Delta,Detrended Fluctuation-Delta,,first1e_acf_tau,Complexity,Linear Autocorr
Spectral,Power & Frequency,adjusted_power-Alpha-ch9,detrend_fluc-Gamma,Detrended Fluctuation-Gamma,,firstMin_acf,Complexity,Linear Autocorr
Spectral,Power & Frequency,adjusted_power-Beta-avgch,detrend_fluc-Theta,Detrended Fluctuation-Theta,,Higuichi,Complexity,non-linear
Spectral,Power & Frequency,adjusted_power-Beta-ch1,DN_HistogramMode_10,CATCH22 Distribution_Histogram_mode 10,,Hjorth Activity,Morphological,Morphological
Spectral,Power & Frequency,adjusted_power-Beta-ch10,DN_HistogramMode_5,CATCH22 Distribution_Histogram_mode 5,,Hjorth Complexity,Morphological,Morphological
Spectral,Power & Frequency,adjusted_power-Beta-ch11,DN_Mean,CATCH22 Distribution_Mean,,Hjorth Mobility,Morphological,Morphological
Spectral,Power & Frequency,adjusted_power-Beta-ch12,DN_OutlierInclude_n_001_mdrmd,CATCH22 Distribution_Outlier_positive,,"Hurst h, c",Complexity,non-linear
Spectral,Power & Frequency,adjusted_power-Beta-ch13,DN_OutlierInclude_p_001_mdrmd,CATCH22 Distribution_Outlier_negative,,IN_AutoMutualInfoStats_40_gaussian_fmmi,Complexity,Linear Autocorr
Spectral,Power & Frequency,adjusted_power-Beta-ch14,DN_Spread_Std,CATCH22 Distribution_Standard Deviation,,Katz’s Fractal,Complexity,non-linear
Spectral,Power & Frequency,adjusted_power-Beta-ch15,env_mean-Alpha,Envelope Mean-Alpha,,Kurtosis,Morphological,Morphological
Spectral,Power & Frequency,adjusted_power-Beta-ch16,env_mean-Beta,Envelope Mean-Beta,,Lzev Complexity,Complexity,non-linear
Spectral,Power & Frequency,adjusted_power-Beta-ch17,env_mean-Broadband,Envelope Mean-Broadband,,MD_hrv_classic_pnn40,Complexity,Incremental Diff
Spectral,Power & Frequency,adjusted_power-Beta-ch18,env_mean-Delta,Envelope Mean-Delta,,Mean Envelope,Morphological,Morphological
Spectral,Power & Frequency,adjusted_power-Beta-ch19,env_mean-Gamma,Envelope Mean-Gamma,,PD_PeriodicityWang_th001,Complexity,Linear Autocorr
Spectral,Power & Frequency,adjusted_power-Beta-ch2,env_mean-Theta,Envelope Mean-Theta,,Peak Alpha Frequency,Spectral,Spectral
Spectral,Power & Frequency,adjusted_power-Beta-ch3,env_std-Alpha,Envelope Standard Deviation-Alpha,,Power Absolute ,Spectral,Spectral
Spectral,Power & Frequency,adjusted_power-Beta-ch4,env_std-Beta,Envelope Standard Deviation-Beta,,Power Relative ,Spectral,Spectral
Spectral,Power & Frequency,adjusted_power-Beta-ch5,env_std-Broadband,Envelope Standard Deviation-Broadband,,SB_BinaryStats_diff_longstretch0,Complexity,Symbolic
Spectral,Power & Frequency,adjusted_power-Beta-ch6,env_std-Delta,Envelope Standard Deviation-Delta,,SB_BinaryStats_mean_longstretch1,Complexity,Symbolic
Spectral,Power & Frequency,adjusted_power-Beta-ch7,env_std-Gamma,Envelope Standard Deviation-Gamma,,SB_MotifThree_quantile_hh,Complexity,Symbolic
Spectral,Power & Frequency,adjusted_power-Beta-ch8,env_std-Theta,Envelope Standard Deviation-Theta,,SB_TransitionMatrix_3ac_sumdiagcov,Complexity,Symbolic
Spectral,Power & Frequency,adjusted_power-Beta-ch9,FC_LocalSimple_mean1_tauresrat,CATCH22 Whiten Timescale,,SC_FluctAnal_2_dfa_50_1_2_logi_prop_r1,Complexity,Self-Affine Scaling
Spectral,Power & Frequency,adjusted_power-Delta-avgch,FC_LocalSimple_mean3_stderr,CATCH22 Forecast Error,,SC_FluctAnal_2_rsrangefit_50_1_logi_prop_r1,Complexity,Self-Affine Scaling
Spectral,Power & Frequency,adjusted_power-Delta-ch1,higuchi_frac-Alpha,Higuchi Fractal-Alpha,,Skewness,Morphological,Morphological
Spectral,Power & Frequency,adjusted_power-Delta-ch10,higuchi_frac-Beta,Higuchi Fractal-Beta,,SP_Summaries_welch_rect_area_5_1,Spectral,Linear Autocorr
Spectral,Power & Frequency,adjusted_power-Delta-ch11,higuchi_frac-Broadband,Higuchi Fractal-Broadband,,SP_Summaries_welch_rect_centroid,Spectral,Linear Autocorr
Spectral,Power & Frequency,adjusted_power-Delta-ch12,higuchi_frac-Delta,Higuchi Fractal-Delta,,Std Envelope,Morphological,Morphological
Spectral,Power & Frequency,adjusted_power-Delta-ch13,higuchi_frac-Gamma,Higuchi Fractal-Gamma,,theta-alpha ratio,Spectral,Spectral
Spectral,Power & Frequency,adjusted_power-Delta-ch14,higuchi_frac-Theta,Higuchi Fractal-Theta,,theta-beta ratio,Spectral,Spectral
Spectral,Power & Frequency,adjusted_power-Delta-ch15,hjorth_activity,Hjorth Activity,,Total Power,Morphological,Morphological
Spectral,Power & Frequency,adjusted_power-Delta-ch16,hjorth_complexity,Hjorth Complexity,,,,
Spectral,Power & Frequency,adjusted_power-Delta-ch17,hjorth_mobility,Hjorth Mobility,,,,
Spectral,Power & Frequency,adjusted_power-Delta-ch18,hurst_exp_c,Hurst Exponent C,,,,
Spectral,Power & Frequency,adjusted_power-Delta-ch19,hurst_exp_h,Hurst Exponent H,,,,
Spectral,Power & Frequency,adjusted_power-Delta-ch2,IN_AutoMutualInfoStats_40_gaussian_fmmi,CATCH22 Automutual information,,,,
Spectral,Power & Frequency,adjusted_power-Delta-ch3,katz_frac-Theta,Katz Fractal-Theta,,,,
Spectral,Power & Frequency,adjusted_power-Delta-ch4,katz_frac-Alpha,Katz Fractal-Alpha,,,,
Spectral,Power & Frequency,adjusted_power-Delta-ch5,katz_frac-Beta,Katz Fractal-Beta,,,,
Spectral,Power & Frequency,adjusted_power-Delta-ch6,katz_frac-Broadband,Katz Fractal-Broadband,,,,
Spectral,Power & Frequency,adjusted_power-Delta-ch7,katz_frac-Delta,Katz Fractal-Delta,,,,
Spectral,Power & Frequency,adjusted_power-Delta-ch8,katz_frac-Gamma,Katz Fractal-Gamma,,,,
Spectral,Power & Frequency,adjusted_power-Delta-ch9,kurt_t-Alpha,Kurtosis-Alpha,,,,
Spectral,Power & Frequency,adjusted_power-Gamma-avgch,kurt_t-Beta,Kurtosis-Beta,,,,
Spectral,Power & Frequency,adjusted_power-Gamma-ch1,kurt_t-Broadband,Kurtosis-Broadband,,,,
Spectral,Power & Frequency,adjusted_power-Gamma-ch10,kurt_t-Delta,Kurtosis-Delta,,,,
Spectral,Power & Frequency,adjusted_power-Gamma-ch11,kurt_t-Gamma,Kurtosis-Gamma,,,,
Spectral,Power & Frequency,adjusted_power-Gamma-ch12,kurt_t-Theta,Kurtosis-Theta,,,,
Spectral,Power & Frequency,adjusted_power-Gamma-ch13,lziv,Lempel-Ziv,,,,
Spectral,Power & Frequency,adjusted_power-Gamma-ch14,MD_hrv_classic_pnn40,CATCH22 High Fluctuation,,,,
Spectral,Power & Frequency,adjusted_power-Gamma-ch15,PD_PeriodicityWang_th0_01,CATCH22 Periodicity,,,,
Spectral,Power & Frequency,adjusted_power-Gamma-ch16,peak_alpha_freq,Peak Alpha Frequency,,,,
Spectral,Power & Frequency,adjusted_power-Gamma-ch17,power_abs-Alpha,Power Absolute-Alpha,,,,
Spectral,Power & Frequency,adjusted_power-Gamma-ch18,power_abs-Beta,Power Absolute-Beta,,,,
Spectral,Power & Frequency,adjusted_power-Gamma-ch19,power_abs-Delta,Power Absolute-Delta,,,,
Spectral,Power & Frequency,adjusted_power-Gamma-ch2,power_abs-Gamma,Power Absolute-Gamma,,,,
Spectral,Power & Frequency,adjusted_power-Gamma-ch3,power_abs-Theta,Power Absolute-Theta,,,,
Spectral,Power & Frequency,adjusted_power-Gamma-ch4,power_rel-Delta,Power Relative-Delta,,,,
Spectral,Power & Frequency,adjusted_power-Gamma-ch5,power_rel-Alpha,Power Relative-Alpha,,,,
Spectral,Power & Frequency,adjusted_power-Gamma-ch6,power_rel-Beta,Power Relative-Beta,,,,
Spectral,Power & Frequency,adjusted_power-Gamma-ch7,power_rel-Gamma,Power Relative-Gamma,,,,
Spectral,Power & Frequency,adjusted_power-Gamma-ch8,power_rel-Theta,Power Relative-Theta,,,,
Spectral,Power & Frequency,adjusted_power-Gamma-ch9,power_t-Alpha,Total Power-Alpha,,,,
Spectral,Power & Frequency,adjusted_power-Theta-avgch,power_t-Beta,Total Power-Beta,,,,
Spectral,Power & Frequency,adjusted_power-Theta-ch1,power_t-Broadband,Total Power-Broadband,,,,
Spectral,Power & Frequency,adjusted_power-Theta-ch10,power_t-Delta,Total Power-Delta,,,,
Spectral,Power & Frequency,adjusted_power-Theta-ch11,power_t-Gamma,Total Power-Gamma,,,,
Spectral,Power & Frequency,adjusted_power-Theta-ch12,power_t-Theta,Total Power-Theta,,,,
Spectral,Power & Frequency,adjusted_power-Theta-ch13,samp_ent,Sample Entropy,,,,
Spectral,Power & Frequency,adjusted_power-Theta-ch14,SB_BinaryStats_diff_longstretch0,CATCH22 Stretch Decreasing,,,,
Spectral,Power & Frequency,adjusted_power-Theta-ch15,SB_BinaryStats_mean_longstretch1,CATCH22 Stretch High,,,,
Spectral,Power & Frequency,adjusted_power-Theta-ch16,SB_MotifThree_quantile_hh,CATCH22 Entropy Pairs,,,,
Spectral,Power & Frequency,adjusted_power-Theta-ch17,SB_TransitionMatrix_3ac_sumdiagcov,CATCH22 Transition Variance,,,,
Spectral,Power & Frequency,adjusted_power-Theta-ch18,SC_FluctAnal_2_dfa_50_1_2_logi_prop_r1,CATCH22 dfa,,,,
Spectral,Power & Frequency,adjusted_power-Theta-ch19,SC_FluctAnal_2_rsrangefit_50_1_logi_prop_r1,CATCH22 Rescaled Range Analysis,,,,
Spectral,Power & Frequency,adjusted_power-Theta-ch2,skew_t-Alpha,Skewness-Alpha,,,,
Spectral,Power & Frequency,adjusted_power-Theta-ch3,skew_t-Beta,Skewness-Beta,,,,
Spectral,Power & Frequency,adjusted_power-Theta-ch4,skew_t-Broadband,Skewness-Broadband,,,,
Spectral,Power & Frequency,adjusted_power-Theta-ch5,skew_t-Delta,Skewness-Delta,,,,
Spectral,Power & Frequency,adjusted_power-Theta-ch6,skew_t-Gamma,Skewness-Gamma,,,,
Spectral,Power & Frequency,adjusted_power-Theta-ch7,skew_t-Theta,Skewness-Theta,,,,
Spectral,Power & Frequency,adjusted_power-Theta-ch8,SP_Summaries_welch_rect_area_5_1,CATCH22 Low Frequency Power,,,,
Spectral,Power & Frequency,adjusted_power-Theta-ch9,SP_Summaries_welch_rect_centroid,CATCH22 Centroid Frequency,,,,
Spectral,Aperiodic components,aperiodic_intercept-avgch,spect_ent,Spectral Entropy,,,,
Spectral,Aperiodic components,aperiodic_intercept-ch1,theta_alpha_ratio,Theta Alpha Ratio,,,,
Spectral,Aperiodic components,aperiodic_intercept-ch10,theta_beta_ratio,Theta Beta Ratio,,,,
Spectral,Aperiodic components,aperiodic_intercept-ch11,,,,,,
Spectral,Aperiodic components,aperiodic_intercept-ch12,,,,,,
Spectral,Aperiodic components,aperiodic_intercept-ch13,,,,,,
Spectral,Aperiodic components,aperiodic_intercept-ch14,,,,,,
Spectral,Aperiodic components,aperiodic_intercept-ch15,,,,,,
Spectral,Aperiodic components,aperiodic_intercept-ch16,,,,,,
Spectral,Aperiodic components,aperiodic_intercept-ch17,,,,,,
Spectral,Aperiodic components,aperiodic_intercept-ch18,,,,,,
Spectral,Aperiodic components,aperiodic_intercept-ch19,,,,,,
Spectral,Aperiodic components,aperiodic_intercept-ch2,,,,,,
Spectral,Aperiodic components,aperiodic_intercept-ch3,,,,,,
Spectral,Aperiodic components,aperiodic_intercept-ch4,,,,,,
Spectral,Aperiodic components,aperiodic_intercept-ch5,,,,,,
Spectral,Aperiodic components,aperiodic_intercept-ch6,,,,,,
Spectral,Aperiodic components,aperiodic_intercept-ch7,,,,,,
Spectral,Aperiodic components,aperiodic_intercept-ch8,,,,,,
Spectral,Aperiodic components,aperiodic_intercept-ch9,,,,,,
Spectral,Aperiodic components,aperiodic_slope-avgch,,,,,,
Spectral,Aperiodic components,aperiodic_slope-ch1,,,,,,
Spectral,Aperiodic components,aperiodic_slope-ch10,,,,,,
Spectral,Aperiodic components,aperiodic_slope-ch11,,,,,,
Spectral,Aperiodic components,aperiodic_slope-ch12,,,,,,
Spectral,Aperiodic components,aperiodic_slope-ch13,,,,,,
Spectral,Aperiodic components,aperiodic_slope-ch14,,,,,,
Spectral,Aperiodic components,aperiodic_slope-ch15,,,,,,
Spectral,Aperiodic components,aperiodic_slope-ch16,,,,,,
Spectral,Aperiodic components,aperiodic_slope-ch17,,,,,,
Spectral,Aperiodic components,aperiodic_slope-ch18,,,,,,
Spectral,Aperiodic components,aperiodic_slope-ch19,,,,,,
Spectral,Aperiodic components,aperiodic_slope-ch2,,,,,,
Spectral,Aperiodic components,aperiodic_slope-ch3,,,,,,
Spectral,Aperiodic components,aperiodic_slope-ch4,,,,,,
Spectral,Aperiodic components,aperiodic_slope-ch5,,,,,,
Spectral,Aperiodic components,aperiodic_slope-ch6,,,,,,
Spectral,Aperiodic components,aperiodic_slope-ch7,,,,,,
Spectral,Aperiodic components,aperiodic_slope-ch8,,,,,,
Spectral,Aperiodic components,aperiodic_slope-ch9,,,,,,
Complexity,Entropy,app_ent-avgch,,,,,,
Complexity,Entropy,app_ent-ch1,,,,,,
Complexity,Entropy,app_ent-ch10,,,,,,
Complexity,Entropy,app_ent-ch11,,,,,,
Complexity,Entropy,app_ent-ch12,,,,,,
Complexity,Entropy,app_ent-ch13,,,,,,
Complexity,Entropy,app_ent-ch14,,,,,,
Complexity,Entropy,app_ent-ch15,,,,,,
Complexity,Entropy,app_ent-ch16,,,,,,
Complexity,Entropy,app_ent-ch17,,,,,,
Complexity,Entropy,app_ent-ch18,,,,,,
Complexity,Entropy,app_ent-ch19,,,,,,
Complexity,Entropy,app_ent-ch2,,,,,,
Complexity,Entropy,app_ent-ch3,,,,,,
Complexity,Entropy,app_ent-ch4,,,,,,
Complexity,Entropy,app_ent-ch5,,,,,,
Complexity,Entropy,app_ent-ch6,,,,,,
Complexity,Entropy,app_ent-ch7,,,,,,
Complexity,Entropy,app_ent-ch8,,,,,,
Complexity,Entropy,app_ent-ch9,,,,,,
Complexity,Others,CO_Embed2_Dist_tau_d_expfit_meandiff-avgch,,,,,,
Complexity,Others,CO_Embed2_Dist_tau_d_expfit_meandiff-ch1,,,,,,
Complexity,Others,CO_Embed2_Dist_tau_d_expfit_meandiff-ch10,,,,,,
Complexity,Others,CO_Embed2_Dist_tau_d_expfit_meandiff-ch11,,,,,,
Complexity,Others,CO_Embed2_Dist_tau_d_expfit_meandiff-ch12,,,,,,
Complexity,Others,CO_Embed2_Dist_tau_d_expfit_meandiff-ch13,,,,,,
Complexity,Others,CO_Embed2_Dist_tau_d_expfit_meandiff-ch14,,,,,,
Complexity,Others,CO_Embed2_Dist_tau_d_expfit_meandiff-ch15,,,,,,
Complexity,Others,CO_Embed2_Dist_tau_d_expfit_meandiff-ch16,,,,,,
Complexity,Others,CO_Embed2_Dist_tau_d_expfit_meandiff-ch17,,,,,,
Complexity,Others,CO_Embed2_Dist_tau_d_expfit_meandiff-ch18,,,,,,
Complexity,Others,CO_Embed2_Dist_tau_d_expfit_meandiff-ch19,,,,,,
Complexity,Others,CO_Embed2_Dist_tau_d_expfit_meandiff-ch2,,,,,,
Complexity,Others,CO_Embed2_Dist_tau_d_expfit_meandiff-ch3,,,,,,
Complexity,Others,CO_Embed2_Dist_tau_d_expfit_meandiff-ch4,,,,,,
Complexity,Others,CO_Embed2_Dist_tau_d_expfit_meandiff-ch5,,,,,,
Complexity,Others,CO_Embed2_Dist_tau_d_expfit_meandiff-ch6,,,,,,
Complexity,Others,CO_Embed2_Dist_tau_d_expfit_meandiff-ch7,,,,,,
Complexity,Others,CO_Embed2_Dist_tau_d_expfit_meandiff-ch8,,,,,,
Complexity,Others,CO_Embed2_Dist_tau_d_expfit_meandiff-ch9,,,,,,
Complexity,Autocorrelation,CO_f1ecac-avgch,,,,,,
Complexity,Autocorrelation,CO_f1ecac-ch1,,,,,,
Complexity,Autocorrelation,CO_f1ecac-ch10,,,,,,
Complexity,Autocorrelation,CO_f1ecac-ch11,,,,,,
Complexity,Autocorrelation,CO_f1ecac-ch12,,,,,,
Complexity,Autocorrelation,CO_f1ecac-ch13,,,,,,
Complexity,Autocorrelation,CO_f1ecac-ch14,,,,,,
Complexity,Autocorrelation,CO_f1ecac-ch15,,,,,,
Complexity,Autocorrelation,CO_f1ecac-ch16,,,,,,
Complexity,Autocorrelation,CO_f1ecac-ch17,,,,,,
Complexity,Autocorrelation,CO_f1ecac-ch18,,,,,,
Complexity,Autocorrelation,CO_f1ecac-ch19,,,,,,
Complexity,Autocorrelation,CO_f1ecac-ch2,,,,,,
Complexity,Autocorrelation,CO_f1ecac-ch3,,,,,,
Complexity,Autocorrelation,CO_f1ecac-ch4,,,,,,
Complexity,Autocorrelation,CO_f1ecac-ch5,,,,,,
Complexity,Autocorrelation,CO_f1ecac-ch6,,,,,,
Complexity,Autocorrelation,CO_f1ecac-ch7,,,,,,
Complexity,Autocorrelation,CO_f1ecac-ch8,,,,,,
Complexity,Autocorrelation,CO_f1ecac-ch9,,,,,,
Complexity,Autocorrelation,CO_FirstMin_ac-avgch,,,,,,
Complexity,Autocorrelation,CO_FirstMin_ac-ch1,,,,,,
Complexity,Autocorrelation,CO_FirstMin_ac-ch10,,,,,,
Complexity,Autocorrelation,CO_FirstMin_ac-ch11,,,,,,
Complexity,Autocorrelation,CO_FirstMin_ac-ch12,,,,,,
Complexity,Autocorrelation,CO_FirstMin_ac-ch13,,,,,,
Complexity,Autocorrelation,CO_FirstMin_ac-ch14,,,,,,
Complexity,Autocorrelation,CO_FirstMin_ac-ch15,,,,,,
Complexity,Autocorrelation,CO_FirstMin_ac-ch16,,,,,,
Complexity,Autocorrelation,CO_FirstMin_ac-ch17,,,,,,
Complexity,Autocorrelation,CO_FirstMin_ac-ch18,,,,,,
Complexity,Autocorrelation,CO_FirstMin_ac-ch19,,,,,,
Complexity,Autocorrelation,CO_FirstMin_ac-ch2,,,,,,
Complexity,Autocorrelation,CO_FirstMin_ac-ch3,,,,,,
Complexity,Autocorrelation,CO_FirstMin_ac-ch4,,,,,,
Complexity,Autocorrelation,CO_FirstMin_ac-ch5,,,,,,
Complexity,Autocorrelation,CO_FirstMin_ac-ch6,,,,,,
Complexity,Autocorrelation,CO_FirstMin_ac-ch7,,,,,,
Complexity,Autocorrelation,CO_FirstMin_ac-ch8,,,,,,
Complexity,Autocorrelation,CO_FirstMin_ac-ch9,,,,,,
Complexity,Autocorrelation,CO_HistogramAMI_even_2_5-avgch,,,,,,
Complexity,Autocorrelation,CO_HistogramAMI_even_2_5-ch1,,,,,,
Complexity,Autocorrelation,CO_HistogramAMI_even_2_5-ch10,,,,,,
Complexity,Autocorrelation,CO_HistogramAMI_even_2_5-ch11,,,,,,
Complexity,Autocorrelation,CO_HistogramAMI_even_2_5-ch12,,,,,,
Complexity,Autocorrelation,CO_HistogramAMI_even_2_5-ch13,,,,,,
Complexity,Autocorrelation,CO_HistogramAMI_even_2_5-ch14,,,,,,
Complexity,Autocorrelation,CO_HistogramAMI_even_2_5-ch15,,,,,,
Complexity,Autocorrelation,CO_HistogramAMI_even_2_5-ch16,,,,,,
Complexity,Autocorrelation,CO_HistogramAMI_even_2_5-ch17,,,,,,
Complexity,Autocorrelation,CO_HistogramAMI_even_2_5-ch18,,,,,,
Complexity,Autocorrelation,CO_HistogramAMI_even_2_5-ch19,,,,,,
Complexity,Autocorrelation,CO_HistogramAMI_even_2_5-ch2,,,,,,
Complexity,Autocorrelation,CO_HistogramAMI_even_2_5-ch3,,,,,,
Complexity,Autocorrelation,CO_HistogramAMI_even_2_5-ch4,,,,,,
Complexity,Autocorrelation,CO_HistogramAMI_even_2_5-ch5,,,,,,
Complexity,Autocorrelation,CO_HistogramAMI_even_2_5-ch6,,,,,,
Complexity,Autocorrelation,CO_HistogramAMI_even_2_5-ch7,,,,,,
Complexity,Autocorrelation,CO_HistogramAMI_even_2_5-ch8,,,,,,
Complexity,Autocorrelation,CO_HistogramAMI_even_2_5-ch9,,,,,,
Complexity,Autocorrelation,CO_trev_1_num-avgch,,,,,,
Complexity,Autocorrelation,CO_trev_1_num-ch1,,,,,,
Complexity,Autocorrelation,CO_trev_1_num-ch10,,,,,,
Complexity,Autocorrelation,CO_trev_1_num-ch11,,,,,,
Complexity,Autocorrelation,CO_trev_1_num-ch12,,,,,,
Complexity,Autocorrelation,CO_trev_1_num-ch13,,,,,,
Complexity,Autocorrelation,CO_trev_1_num-ch14,,,,,,
Complexity,Autocorrelation,CO_trev_1_num-ch15,,,,,,
Complexity,Autocorrelation,CO_trev_1_num-ch16,,,,,,
Complexity,Autocorrelation,CO_trev_1_num-ch17,,,,,,
Complexity,Autocorrelation,CO_trev_1_num-ch18,,,,,,
Complexity,Autocorrelation,CO_trev_1_num-ch19,,,,,,
Complexity,Autocorrelation,CO_trev_1_num-ch2,,,,,,
Complexity,Autocorrelation,CO_trev_1_num-ch3,,,,,,
Complexity,Autocorrelation,CO_trev_1_num-ch4,,,,,,
Complexity,Autocorrelation,CO_trev_1_num-ch5,,,,,,
Complexity,Autocorrelation,CO_trev_1_num-ch6,,,,,,
Complexity,Autocorrelation,CO_trev_1_num-ch7,,,,,,
Complexity,Autocorrelation,CO_trev_1_num-ch8,,,,,,
Complexity,Autocorrelation,CO_trev_1_num-ch9,,,,,,
Spectral,Frequency Ratios,delta_alpha_ratio-avgch,,,,,,
Spectral,Frequency Ratios,delta_alpha_ratio-ch1,,,,,,
Spectral,Frequency Ratios,delta_alpha_ratio-ch10,,,,,,
Spectral,Frequency Ratios,delta_alpha_ratio-ch11,,,,,,
Spectral,Frequency Ratios,delta_alpha_ratio-ch12,,,,,,
Spectral,Frequency Ratios,delta_alpha_ratio-ch13,,,,,,
Spectral,Frequency Ratios,delta_alpha_ratio-ch14,,,,,,
Spectral,Frequency Ratios,delta_alpha_ratio-ch15,,,,,,
Spectral,Frequency Ratios,delta_alpha_ratio-ch16,,,,,,
Spectral,Frequency Ratios,delta_alpha_ratio-ch17,,,,,,
Spectral,Frequency Ratios,delta_alpha_ratio-ch18,,,,,,
Spectral,Frequency Ratios,delta_alpha_ratio-ch19,,,,,,
Spectral,Frequency Ratios,delta_alpha_ratio-ch2,,,,,,
Spectral,Frequency Ratios,delta_alpha_ratio-ch3,,,,,,
Spectral,Frequency Ratios,delta_alpha_ratio-ch4,,,,,,
Spectral,Frequency Ratios,delta_alpha_ratio-ch5,,,,,,
Spectral,Frequency Ratios,delta_alpha_ratio-ch6,,,,,,
Spectral,Frequency Ratios,delta_alpha_ratio-ch7,,,,,,
Spectral,Frequency Ratios,delta_alpha_ratio-ch8,,,,,,
Spectral,Frequency Ratios,delta_alpha_ratio-ch9,,,,,,
Spectral,Frequency Ratios,delta_beta_ratio-avgch,,,,,,
Spectral,Frequency Ratios,delta_beta_ratio-ch1,,,,,,
Spectral,Frequency Ratios,delta_beta_ratio-ch10,,,,,,
Spectral,Frequency Ratios,delta_beta_ratio-ch11,,,,,,
Spectral,Frequency Ratios,delta_beta_ratio-ch12,,,,,,
Spectral,Frequency Ratios,delta_beta_ratio-ch13,,,,,,
Spectral,Frequency Ratios,delta_beta_ratio-ch14,,,,,,
Spectral,Frequency Ratios,delta_beta_ratio-ch15,,,,,,
Spectral,Frequency Ratios,delta_beta_ratio-ch16,,,,,,
Spectral,Frequency Ratios,delta_beta_ratio-ch17,,,,,,
Spectral,Frequency Ratios,delta_beta_ratio-ch18,,,,,,
Spectral,Frequency Ratios,delta_beta_ratio-ch19,,,,,,
Spectral,Frequency Ratios,delta_beta_ratio-ch2,,,,,,
Spectral,Frequency Ratios,delta_beta_ratio-ch3,,,,,,
Spectral,Frequency Ratios,delta_beta_ratio-ch4,,,,,,
Spectral,Frequency Ratios,delta_beta_ratio-ch5,,,,,,
Spectral,Frequency Ratios,delta_beta_ratio-ch6,,,,,,
Spectral,Frequency Ratios,delta_beta_ratio-ch7,,,,,,
Spectral,Frequency Ratios,delta_beta_ratio-ch8,,,,,,
Spectral,Frequency Ratios,delta_beta_ratio-ch9,,,,,,
Complexity,Fractal,detrend_fluc-Alpha-avgch,,,,,,
Complexity,Fractal,detrend_fluc-Alpha-ch1,,,,,,
Complexity,Fractal,detrend_fluc-Alpha-ch10,,,,,,
Complexity,Fractal,detrend_fluc-Alpha-ch11,,,,,,
Complexity,Fractal,detrend_fluc-Alpha-ch12,,,,,,
Complexity,Fractal,detrend_fluc-Alpha-ch13,,,,,,
Complexity,Fractal,detrend_fluc-Alpha-ch14,,,,,,
Complexity,Fractal,detrend_fluc-Alpha-ch15,,,,,,
Complexity,Fractal,detrend_fluc-Alpha-ch16,,,,,,
Complexity,Fractal,detrend_fluc-Alpha-ch17,,,,,,
Complexity,Fractal,detrend_fluc-Alpha-ch18,,,,,,
Complexity,Fractal,detrend_fluc-Alpha-ch19,,,,,,
Complexity,Fractal,detrend_fluc-Alpha-ch2,,,,,,
Complexity,Fractal,detrend_fluc-Alpha-ch3,,,,,,
Complexity,Fractal,detrend_fluc-Alpha-ch4,,,,,,
Complexity,Fractal,detrend_fluc-Alpha-ch5,,,,,,
Complexity,Fractal,detrend_fluc-Alpha-ch6,,,,,,
Complexity,Fractal,detrend_fluc-Alpha-ch7,,,,,,
Complexity,Fractal,detrend_fluc-Alpha-ch8,,,,,,
Complexity,Fractal,detrend_fluc-Alpha-ch9,,,,,,
Complexity,Fractal,detrend_fluc-Beta-avgch,,,,,,
Complexity,Fractal,detrend_fluc-Beta-ch1,,,,,,
Complexity,Fractal,detrend_fluc-Beta-ch10,,,,,,
Complexity,Fractal,detrend_fluc-Beta-ch11,,,,,,
Complexity,Fractal,detrend_fluc-Beta-ch12,,,,,,
Complexity,Fractal,detrend_fluc-Beta-ch13,,,,,,
Complexity,Fractal,detrend_fluc-Beta-ch14,,,,,,
Complexity,Fractal,detrend_fluc-Beta-ch15,,,,,,
Complexity,Fractal,detrend_fluc-Beta-ch16,,,,,,
Complexity,Fractal,detrend_fluc-Beta-ch17,,,,,,
Complexity,Fractal,detrend_fluc-Beta-ch18,,,,,,
Complexity,Fractal,detrend_fluc-Beta-ch19,,,,,,
Complexity,Fractal,detrend_fluc-Beta-ch2,,,,,,
Complexity,Fractal,detrend_fluc-Beta-ch3,,,,,,
Complexity,Fractal,detrend_fluc-Beta-ch4,,,,,,
Complexity,Fractal,detrend_fluc-Beta-ch5,,,,,,
Complexity,Fractal,detrend_fluc-Beta-ch6,,,,,,
Complexity,Fractal,detrend_fluc-Beta-ch7,,,,,,
Complexity,Fractal,detrend_fluc-Beta-ch8,,,,,,
Complexity,Fractal,detrend_fluc-Beta-ch9,,,,,,
Complexity,Fractal,detrend_fluc-Broadband-avgch,,,,,,
Complexity,Fractal,detrend_fluc-Broadband-ch1,,,,,,
Complexity,Fractal,detrend_fluc-Broadband-ch10,,,,,,
Complexity,Fractal,detrend_fluc-Broadband-ch11,,,,,,
Complexity,Fractal,detrend_fluc-Broadband-ch12,,,,,,
Complexity,Fractal,detrend_fluc-Broadband-ch13,,,,,,
Complexity,Fractal,detrend_fluc-Broadband-ch14,,,,,,
Complexity,Fractal,detrend_fluc-Broadband-ch15,,,,,,
Complexity,Fractal,detrend_fluc-Broadband-ch16,,,,,,
Complexity,Fractal,detrend_fluc-Broadband-ch17,,,,,,
Complexity,Fractal,detrend_fluc-Broadband-ch18,,,,,,
Complexity,Fractal,detrend_fluc-Broadband-ch19,,,,,,
Complexity,Fractal,detrend_fluc-Broadband-ch2,,,,,,
Complexity,Fractal,detrend_fluc-Broadband-ch3,,,,,,
Complexity,Fractal,detrend_fluc-Broadband-ch4,,,,,,
Complexity,Fractal,detrend_fluc-Broadband-ch5,,,,,,
Complexity,Fractal,detrend_fluc-Broadband-ch6,,,,,,
Complexity,Fractal,detrend_fluc-Broadband-ch7,,,,,,
Complexity,Fractal,detrend_fluc-Broadband-ch8,,,,,,
Complexity,Fractal,detrend_fluc-Broadband-ch9,,,,,,
Complexity,Fractal,detrend_fluc-Delta-avgch,,,,,,
Complexity,Fractal,detrend_fluc-Delta-ch1,,,,,,
Complexity,Fractal,detrend_fluc-Delta-ch10,,,,,,
Complexity,Fractal,detrend_fluc-Delta-ch11,,,,,,
Complexity,Fractal,detrend_fluc-Delta-ch12,,,,,,
Complexity,Fractal,detrend_fluc-Delta-ch13,,,,,,
Complexity,Fractal,detrend_fluc-Delta-ch14,,,,,,
Complexity,Fractal,detrend_fluc-Delta-ch15,,,,,,
Complexity,Fractal,detrend_fluc-Delta-ch16,,,,,,
Complexity,Fractal,detrend_fluc-Delta-ch17,,,,,,
Complexity,Fractal,detrend_fluc-Delta-ch18,,,,,,
Complexity,Fractal,detrend_fluc-Delta-ch19,,,,,,
Complexity,Fractal,detrend_fluc-Delta-ch2,,,,,,
Complexity,Fractal,detrend_fluc-Delta-ch3,,,,,,
Complexity,Fractal,detrend_fluc-Delta-ch4,,,,,,
Complexity,Fractal,detrend_fluc-Delta-ch5,,,,,,
Complexity,Fractal,detrend_fluc-Delta-ch6,,,,,,
Complexity,Fractal,detrend_fluc-Delta-ch7,,,,,,
Complexity,Fractal,detrend_fluc-Delta-ch8,,,,,,
Complexity,Fractal,detrend_fluc-Delta-ch9,,,,,,
Complexity,Fractal,detrend_fluc-Gamma-avgch,,,,,,
Complexity,Fractal,detrend_fluc-Gamma-ch1,,,,,,
Complexity,Fractal,detrend_fluc-Gamma-ch10,,,,,,
Complexity,Fractal,detrend_fluc-Gamma-ch11,,,,,,
Complexity,Fractal,detrend_fluc-Gamma-ch12,,,,,,
Complexity,Fractal,detrend_fluc-Gamma-ch13,,,,,,
Complexity,Fractal,detrend_fluc-Gamma-ch14,,,,,,
Complexity,Fractal,detrend_fluc-Gamma-ch15,,,,,,
Complexity,Fractal,detrend_fluc-Gamma-ch16,,,,,,
Complexity,Fractal,detrend_fluc-Gamma-ch17,,,,,,
Complexity,Fractal,detrend_fluc-Gamma-ch18,,,,,,
Complexity,Fractal,detrend_fluc-Gamma-ch19,,,,,,
Complexity,Fractal,detrend_fluc-Gamma-ch2,,,,,,
Complexity,Fractal,detrend_fluc-Gamma-ch3,,,,,,
Complexity,Fractal,detrend_fluc-Gamma-ch4,,,,,,
Complexity,Fractal,detrend_fluc-Gamma-ch5,,,,,,
Complexity,Fractal,detrend_fluc-Gamma-ch6,,,,,,
Complexity,Fractal,detrend_fluc-Gamma-ch7,,,,,,
Complexity,Fractal,detrend_fluc-Gamma-ch8,,,,,,
Complexity,Fractal,detrend_fluc-Gamma-ch9,,,,,,
Complexity,Fractal,detrend_fluc-Theta-avgch,,,,,,
Complexity,Fractal,detrend_fluc-Theta-ch1,,,,,,
Complexity,Fractal,detrend_fluc-Theta-ch10,,,,,,
Complexity,Fractal,detrend_fluc-Theta-ch11,,,,,,
Complexity,Fractal,detrend_fluc-Theta-ch12,,,,,,
Complexity,Fractal,detrend_fluc-Theta-ch13,,,,,,
Complexity,Fractal,detrend_fluc-Theta-ch14,,,,,,
Complexity,Fractal,detrend_fluc-Theta-ch15,,,,,,
Complexity,Fractal,detrend_fluc-Theta-ch16,,,,,,
Complexity,Fractal,detrend_fluc-Theta-ch17,,,,,,
Complexity,Fractal,detrend_fluc-Theta-ch18,,,,,,
Complexity,Fractal,detrend_fluc-Theta-ch19,,,,,,
Complexity,Fractal,detrend_fluc-Theta-ch2,,,,,,
Complexity,Fractal,detrend_fluc-Theta-ch3,,,,,,
Complexity,Fractal,detrend_fluc-Theta-ch4,,,,,,
Complexity,Fractal,detrend_fluc-Theta-ch5,,,,,,
Complexity,Fractal,detrend_fluc-Theta-ch6,,,,,,
Complexity,Fractal,detrend_fluc-Theta-ch7,,,,,,
Complexity,Fractal,detrend_fluc-Theta-ch8,,,,,,
Complexity,Fractal,detrend_fluc-Theta-ch9,,,,,,
Morphological,Distribution,DN_HistogramMode_10-avgch,,,,,,
Morphological,Distribution,DN_HistogramMode_10-ch1,,,,,,
Morphological,Distribution,DN_HistogramMode_10-ch10,,,,,,
Morphological,Distribution,DN_HistogramMode_10-ch11,,,,,,
Morphological,Distribution,DN_HistogramMode_10-ch12,,,,,,
Morphological,Distribution,DN_HistogramMode_10-ch13,,,,,,
Morphological,Distribution,DN_HistogramMode_10-ch14,,,,,,
Morphological,Distribution,DN_HistogramMode_10-ch15,,,,,,
Morphological,Distribution,DN_HistogramMode_10-ch16,,,,,,
Morphological,Distribution,DN_HistogramMode_10-ch17,,,,,,
Morphological,Distribution,DN_HistogramMode_10-ch18,,,,,,
Morphological,Distribution,DN_HistogramMode_10-ch19,,,,,,
Morphological,Distribution,DN_HistogramMode_10-ch2,,,,,,
Morphological,Distribution,DN_HistogramMode_10-ch3,,,,,,
Morphological,Distribution,DN_HistogramMode_10-ch4,,,,,,
Morphological,Distribution,DN_HistogramMode_10-ch5,,,,,,
Morphological,Distribution,DN_HistogramMode_10-ch6,,,,,,
Morphological,Distribution,DN_HistogramMode_10-ch7,,,,,,
Morphological,Distribution,DN_HistogramMode_10-ch8,,,,,,
Morphological,Distribution,DN_HistogramMode_10-ch9,,,,,,
Morphological,Distribution,DN_HistogramMode_5-avgch,,,,,,
Morphological,Distribution,DN_HistogramMode_5-ch1,,,,,,
Morphological,Distribution,DN_HistogramMode_5-ch10,,,,,,
Morphological,Distribution,DN_HistogramMode_5-ch11,,,,,,
Morphological,Distribution,DN_HistogramMode_5-ch12,,,,,,
Morphological,Distribution,DN_HistogramMode_5-ch13,,,,,,
Morphological,Distribution,DN_HistogramMode_5-ch14,,,,,,
Morphological,Distribution,DN_HistogramMode_5-ch15,,,,,,
Morphological,Distribution,DN_HistogramMode_5-ch16,,,,,,
Morphological,Distribution,DN_HistogramMode_5-ch17,,,,,,
Morphological,Distribution,DN_HistogramMode_5-ch18,,,,,,
Morphological,Distribution,DN_HistogramMode_5-ch19,,,,,,
Morphological,Distribution,DN_HistogramMode_5-ch2,,,,,,
Morphological,Distribution,DN_HistogramMode_5-ch3,,,,,,
Morphological,Distribution,DN_HistogramMode_5-ch4,,,,,,
Morphological,Distribution,DN_HistogramMode_5-ch5,,,,,,
Morphological,Distribution,DN_HistogramMode_5-ch6,,,,,,
Morphological,Distribution,DN_HistogramMode_5-ch7,,,,,,
Morphological,Distribution,DN_HistogramMode_5-ch8,,,,,,
Morphological,Distribution,DN_HistogramMode_5-ch9,,,,,,
Morphological,Distribution,DN_Mean-avgch,,,,,,
Morphological,Distribution,DN_Mean-ch1,,,,,,
Morphological,Distribution,DN_Mean-ch10,,,,,,
Morphological,Distribution,DN_Mean-ch11,,,,,,
Morphological,Distribution,DN_Mean-ch12,,,,,,
Morphological,Distribution,DN_Mean-ch13,,,,,,
Morphological,Distribution,DN_Mean-ch14,,,,,,
Morphological,Distribution,DN_Mean-ch15,,,,,,
Morphological,Distribution,DN_Mean-ch16,,,,,,
Morphological,Distribution,DN_Mean-ch17,,,,,,
Morphological,Distribution,DN_Mean-ch18,,,,,,
Morphological,Distribution,DN_Mean-ch19,,,,,,
Morphological,Distribution,DN_Mean-ch2,,,,,,
Morphological,Distribution,DN_Mean-ch3,,,,,,
Morphological,Distribution,DN_Mean-ch4,,,,,,
Morphological,Distribution,DN_Mean-ch5,,,,,,
Morphological,Distribution,DN_Mean-ch6,,,,,,
Morphological,Distribution,DN_Mean-ch7,,,,,,
Morphological,Distribution,DN_Mean-ch8,,,,,,
Morphological,Distribution,DN_Mean-ch9,,,,,,
Morphological,Distribution,DN_OutlierInclude_n_001_mdrmd-avgch,,,,,,
Morphological,Distribution,DN_OutlierInclude_n_001_mdrmd-ch1,,,,,,
Morphological,Distribution,DN_OutlierInclude_n_001_mdrmd-ch10,,,,,,
Morphological,Distribution,DN_OutlierInclude_n_001_mdrmd-ch11,,,,,,
Morphological,Distribution,DN_OutlierInclude_n_001_mdrmd-ch12,,,,,,
Morphological,Distribution,DN_OutlierInclude_n_001_mdrmd-ch13,,,,,,
Morphological,Distribution,DN_OutlierInclude_n_001_mdrmd-ch14,,,,,,
Morphological,Distribution,DN_OutlierInclude_n_001_mdrmd-ch15,,,,,,
Morphological,Distribution,DN_OutlierInclude_n_001_mdrmd-ch16,,,,,,
Morphological,Distribution,DN_OutlierInclude_n_001_mdrmd-ch17,,,,,,
Morphological,Distribution,DN_OutlierInclude_n_001_mdrmd-ch18,,,,,,
Morphological,Distribution,DN_OutlierInclude_n_001_mdrmd-ch19,,,,,,
Morphological,Distribution,DN_OutlierInclude_n_001_mdrmd-ch2,,,,,,
Morphological,Distribution,DN_OutlierInclude_n_001_mdrmd-ch3,,,,,,
Morphological,Distribution,DN_OutlierInclude_n_001_mdrmd-ch4,,,,,,
Morphological,Distribution,DN_OutlierInclude_n_001_mdrmd-ch5,,,,,,
Morphological,Distribution,DN_OutlierInclude_n_001_mdrmd-ch6,,,,,,
Morphological,Distribution,DN_OutlierInclude_n_001_mdrmd-ch7,,,,,,
Morphological,Distribution,DN_OutlierInclude_n_001_mdrmd-ch8,,,,,,
Morphological,Distribution,DN_OutlierInclude_n_001_mdrmd-ch9,,,,,,
Morphological,Distribution,DN_OutlierInclude_p_001_mdrmd-avgch,,,,,,
Morphological,Distribution,DN_OutlierInclude_p_001_mdrmd-ch1,,,,,,
Morphological,Distribution,DN_OutlierInclude_p_001_mdrmd-ch10,,,,,,
Morphological,Distribution,DN_OutlierInclude_p_001_mdrmd-ch11,,,,,,
Morphological,Distribution,DN_OutlierInclude_p_001_mdrmd-ch12,,,,,,
Morphological,Distribution,DN_OutlierInclude_p_001_mdrmd-ch13,,,,,,
Morphological,Distribution,DN_OutlierInclude_p_001_mdrmd-ch14,,,,,,
Morphological,Distribution,DN_OutlierInclude_p_001_mdrmd-ch15,,,,,,
Morphological,Distribution,DN_OutlierInclude_p_001_mdrmd-ch16,,,,,,
Morphological,Distribution,DN_OutlierInclude_p_001_mdrmd-ch17,,,,,,
Morphological,Distribution,DN_OutlierInclude_p_001_mdrmd-ch18,,,,,,
Morphological,Distribution,DN_OutlierInclude_p_001_mdrmd-ch19,,,,,,
Morphological,Distribution,DN_OutlierInclude_p_001_mdrmd-ch2,,,,,,
Morphological,Distribution,DN_OutlierInclude_p_001_mdrmd-ch3,,,,,,
Morphological,Distribution,DN_OutlierInclude_p_001_mdrmd-ch4,,,,,,
Morphological,Distribution,DN_OutlierInclude_p_001_mdrmd-ch5,,,,,,
Morphological,Distribution,DN_OutlierInclude_p_001_mdrmd-ch6,,,,,,
Morphological,Distribution,DN_OutlierInclude_p_001_mdrmd-ch7,,,,,,
Morphological,Distribution,DN_OutlierInclude_p_001_mdrmd-ch8,,,,,,
Morphological,Distribution,DN_OutlierInclude_p_001_mdrmd-ch9,,,,,,
Morphological,Distribution,DN_Spread_Std-avgch,,,,,,
Morphological,Distribution,DN_Spread_Std-ch1,,,,,,
Morphological,Distribution,DN_Spread_Std-ch10,,,,,,
Morphological,Distribution,DN_Spread_Std-ch11,,,,,,
Morphological,Distribution,DN_Spread_Std-ch12,,,,,,
Morphological,Distribution,DN_Spread_Std-ch13,,,,,,
Morphological,Distribution,DN_Spread_Std-ch14,,,,,,
Morphological,Distribution,DN_Spread_Std-ch15,,,,,,
Morphological,Distribution,DN_Spread_Std-ch16,,,,,,
Morphological,Distribution,DN_Spread_Std-ch17,,,,,,
Morphological,Distribution,DN_Spread_Std-ch18,,,,,,
Morphological,Distribution,DN_Spread_Std-ch19,,,,,,
Morphological,Distribution,DN_Spread_Std-ch2,,,,,,
Morphological,Distribution,DN_Spread_Std-ch3,,,,,,
Morphological,Distribution,DN_Spread_Std-ch4,,,,,,
Morphological,Distribution,DN_Spread_Std-ch5,,,,,,
Morphological,Distribution,DN_Spread_Std-ch6,,,,,,
Morphological,Distribution,DN_Spread_Std-ch7,,,,,,
Morphological,Distribution,DN_Spread_Std-ch8,,,,,,
Morphological,Distribution,DN_Spread_Std-ch9,,,,,,
Morphological,Statistical,env_mean-Alpha-avgch,,,,,,
Morphological,Statistical,env_mean-Alpha-ch1,,,,,,
Morphological,Statistical,env_mean-Alpha-ch10,,,,,,
Morphological,Statistical,env_mean-Alpha-ch11,,,,,,
Morphological,Statistical,env_mean-Alpha-ch12,,,,,,
Morphological,Statistical,env_mean-Alpha-ch13,,,,,,
Morphological,Statistical,env_mean-Alpha-ch14,,,,,,
Morphological,Statistical,env_mean-Alpha-ch15,,,,,,
Morphological,Statistical,env_mean-Alpha-ch16,,,,,,
Morphological,Statistical,env_mean-Alpha-ch17,,,,,,
Morphological,Statistical,env_mean-Alpha-ch18,,,,,,
Morphological,Statistical,env_mean-Alpha-ch19,,,,,,
Morphological,Statistical,env_mean-Alpha-ch2,,,,,,
Morphological,Statistical,env_mean-Alpha-ch3,,,,,,
Morphological,Statistical,env_mean-Alpha-ch4,,,,,,
Morphological,Statistical,env_mean-Alpha-ch5,,,,,,
Morphological,Statistical,env_mean-Alpha-ch6,,,,,,
Morphological,Statistical,env_mean-Alpha-ch7,,,,,,
Morphological,Statistical,env_mean-Alpha-ch8,,,,,,
Morphological,Statistical,env_mean-Alpha-ch9,,,,,,
Morphological,Statistical,env_mean-Beta-avgch,,,,,,
Morphological,Statistical,env_mean-Beta-ch1,,,,,,
Morphological,Statistical,env_mean-Beta-ch10,,,,,,
Morphological,Statistical,env_mean-Beta-ch11,,,,,,
Morphological,Statistical,env_mean-Beta-ch12,,,,,,
Morphological,Statistical,env_mean-Beta-ch13,,,,,,
Morphological,Statistical,env_mean-Beta-ch14,,,,,,
Morphological,Statistical,env_mean-Beta-ch15,,,,,,
Morphological,Statistical,env_mean-Beta-ch16,,,,,,
Morphological,Statistical,env_mean-Beta-ch17,,,,,,
Morphological,Statistical,env_mean-Beta-ch18,,,,,,
Morphological,Statistical,env_mean-Beta-ch19,,,,,,
Morphological,Statistical,env_mean-Beta-ch2,,,,,,
Morphological,Statistical,env_mean-Beta-ch3,,,,,,
Morphological,Statistical,env_mean-Beta-ch4,,,,,,
Morphological,Statistical,env_mean-Beta-ch5,,,,,,
Morphological,Statistical,env_mean-Beta-ch6,,,,,,
Morphological,Statistical,env_mean-Beta-ch7,,,,,,
Morphological,Statistical,env_mean-Beta-ch8,,,,,,
Morphological,Statistical,env_mean-Beta-ch9,,,,,,
Morphological,Statistical,env_mean-Broadband-avgch,,,,,,
Morphological,Statistical,env_mean-Broadband-ch1,,,,,,
Morphological,Statistical,env_mean-Broadband-ch10,,,,,,
Morphological,Statistical,env_mean-Broadband-ch11,,,,,,
Morphological,Statistical,env_mean-Broadband-ch12,,,,,,
Morphological,Statistical,env_mean-Broadband-ch13,,,,,,
Morphological,Statistical,env_mean-Broadband-ch14,,,,,,
Morphological,Statistical,env_mean-Broadband-ch15,,,,,,
Morphological,Statistical,env_mean-Broadband-ch16,,,,,,
Morphological,Statistical,env_mean-Broadband-ch17,,,,,,
Morphological,Statistical,env_mean-Broadband-ch18,,,,,,
Morphological,Statistical,env_mean-Broadband-ch19,,,,,,
Morphological,Statistical,env_mean-Broadband-ch2,,,,,,
Morphological,Statistical,env_mean-Broadband-ch3,,,,,,
Morphological,Statistical,env_mean-Broadband-ch4,,,,,,
Morphological,Statistical,env_mean-Broadband-ch5,,,,,,
Morphological,Statistical,env_mean-Broadband-ch6,,,,,,
Morphological,Statistical,env_mean-Broadband-ch7,,,,,,
Morphological,Statistical,env_mean-Broadband-ch8,,,,,,
Morphological,Statistical,env_mean-Broadband-ch9,,,,,,
Morphological,Statistical,env_mean-Delta-avgch,,,,,,
Morphological,Statistical,env_mean-Delta-ch1,,,,,,
Morphological,Statistical,env_mean-Delta-ch10,,,,,,
Morphological,Statistical,env_mean-Delta-ch11,,,,,,
Morphological,Statistical,env_mean-Delta-ch12,,,,,,
Morphological,Statistical,env_mean-Delta-ch13,,,,,,
Morphological,Statistical,env_mean-Delta-ch14,,,,,,
Morphological,Statistical,env_mean-Delta-ch15,,,,,,
Morphological,Statistical,env_mean-Delta-ch16,,,,,,
Morphological,Statistical,env_mean-Delta-ch17,,,,,,
Morphological,Statistical,env_mean-Delta-ch18,,,,,,
Morphological,Statistical,env_mean-Delta-ch19,,,,,,
Morphological,Statistical,env_mean-Delta-ch2,,,,,,
Morphological,Statistical,env_mean-Delta-ch3,,,,,,
Morphological,Statistical,env_mean-Delta-ch4,,,,,,
Morphological,Statistical,env_mean-Delta-ch5,,,,,,
Morphological,Statistical,env_mean-Delta-ch6,,,,,,
Morphological,Statistical,env_mean-Delta-ch7,,,,,,
Morphological,Statistical,env_mean-Delta-ch8,,,,,,
Morphological,Statistical,env_mean-Delta-ch9,,,,,,
Morphological,Statistical,env_mean-Gamma-avgch,,,,,,
Morphological,Statistical,env_mean-Gamma-ch1,,,,,,
Morphological,Statistical,env_mean-Gamma-ch10,,,,,,
Morphological,Statistical,env_mean-Gamma-ch11,,,,,,
Morphological,Statistical,env_mean-Gamma-ch12,,,,,,
Morphological,Statistical,env_mean-Gamma-ch13,,,,,,
Morphological,Statistical,env_mean-Gamma-ch14,,,,,,
Morphological,Statistical,env_mean-Gamma-ch15,,,,,,
Morphological,Statistical,env_mean-Gamma-ch16,,,,,,
Morphological,Statistical,env_mean-Gamma-ch17,,,,,,
Morphological,Statistical,env_mean-Gamma-ch18,,,,,,
Morphological,Statistical,env_mean-Gamma-ch19,,,,,,
Morphological,Statistical,env_mean-Gamma-ch2,,,,,,
Morphological,Statistical,env_mean-Gamma-ch3,,,,,,
Morphological,Statistical,env_mean-Gamma-ch4,,,,,,
Morphological,Statistical,env_mean-Gamma-ch5,,,,,,
Morphological,Statistical,env_mean-Gamma-ch6,,,,,,
Morphological,Statistical,env_mean-Gamma-ch7,,,,,,
Morphological,Statistical,env_mean-Gamma-ch8,,,,,,
Morphological,Statistical,env_mean-Gamma-ch9,,,,,,
Morphological,Statistical,env_mean-Theta-avgch,,,,,,
Morphological,Statistical,env_mean-Theta-ch1,,,,,,
Morphological,Statistical,env_mean-Theta-ch10,,,,,,
Morphological,Statistical,env_mean-Theta-ch11,,,,,,
Morphological,Statistical,env_mean-Theta-ch12,,,,,,
Morphological,Statistical,env_mean-Theta-ch13,,,,,,
Morphological,Statistical,env_mean-Theta-ch14,,,,,,
Morphological,Statistical,env_mean-Theta-ch15,,,,,,
Morphological,Statistical,env_mean-Theta-ch16,,,,,,
Morphological,Statistical,env_mean-Theta-ch17,,,,,,
Morphological,Statistical,env_mean-Theta-ch18,,,,,,
Morphological,Statistical,env_mean-Theta-ch19,,,,,,
Morphological,Statistical,env_mean-Theta-ch2,,,,,,
Morphological,Statistical,env_mean-Theta-ch3,,,,,,
Morphological,Statistical,env_mean-Theta-ch4,,,,,,
Morphological,Statistical,env_mean-Theta-ch5,,,,,,
Morphological,Statistical,env_mean-Theta-ch6,,,,,,
Morphological,Statistical,env_mean-Theta-ch7,,,,,,
Morphological,Statistical,env_mean-Theta-ch8,,,,,,
Morphological,Statistical,env_mean-Theta-ch9,,,,,,
Morphological,Statistical,env_std-Alpha-avgch,,,,,,
Morphological,Statistical,env_std-Alpha-ch1,,,,,,
Morphological,Statistical,env_std-Alpha-ch10,,,,,,
Morphological,Statistical,env_std-Alpha-ch11,,,,,,
Morphological,Statistical,env_std-Alpha-ch12,,,,,,
Morphological,Statistical,env_std-Alpha-ch13,,,,,,
Morphological,Statistical,env_std-Alpha-ch14,,,,,,
Morphological,Statistical,env_std-Alpha-ch15,,,,,,
Morphological,Statistical,env_std-Alpha-ch16,,,,,,
Morphological,Statistical,env_std-Alpha-ch17,,,,,,
Morphological,Statistical,env_std-Alpha-ch18,,,,,,
Morphological,Statistical,env_std-Alpha-ch19,,,,,,
Morphological,Statistical,env_std-Alpha-ch2,,,,,,
Morphological,Statistical,env_std-Alpha-ch3,,,,,,
Morphological,Statistical,env_std-Alpha-ch4,,,,,,
Morphological,Statistical,env_std-Alpha-ch5,,,,,,
Morphological,Statistical,env_std-Alpha-ch6,,,,,,
Morphological,Statistical,env_std-Alpha-ch7,,,,,,
Morphological,Statistical,env_std-Alpha-ch8,,,,,,
Morphological,Statistical,env_std-Alpha-ch9,,,,,,
Morphological,Statistical,env_std-Beta-avgch,,,,,,
Morphological,Statistical,env_std-Beta-ch1,,,,,,
Morphological,Statistical,env_std-Beta-ch10,,,,,,
Morphological,Statistical,env_std-Beta-ch11,,,,,,
Morphological,Statistical,env_std-Beta-ch12,,,,,,
Morphological,Statistical,env_std-Beta-ch13,,,,,,
Morphological,Statistical,env_std-Beta-ch14,,,,,,
Morphological,Statistical,env_std-Beta-ch15,,,,,,
Morphological,Statistical,env_std-Beta-ch16,,,,,,
Morphological,Statistical,env_std-Beta-ch17,,,,,,
Morphological,Statistical,env_std-Beta-ch18,,,,,,
Morphological,Statistical,env_std-Beta-ch19,,,,,,
Morphological,Statistical,env_std-Beta-ch2,,,,,,
Morphological,Statistical,env_std-Beta-ch3,,,,,,
Morphological,Statistical,env_std-Beta-ch4,,,,,,
Morphological,Statistical,env_std-Beta-ch5,,,,,,
Morphological,Statistical,env_std-Beta-ch6,,,,,,
Morphological,Statistical,env_std-Beta-ch7,,,,,,
Morphological,Statistical,env_std-Beta-ch8,,,,,,
Morphological,Statistical,env_std-Beta-ch9,,,,,,
Morphological,Statistical,env_std-Broadband-avgch,,,,,,
Morphological,Statistical,env_std-Broadband-ch1,,,,,,
Morphological,Statistical,env_std-Broadband-ch10,,,,,,
Morphological,Statistical,env_std-Broadband-ch11,,,,,,
Morphological,Statistical,env_std-Broadband-ch12,,,,,,
Morphological,Statistical,env_std-Broadband-ch13,,,,,,
Morphological,Statistical,env_std-Broadband-ch14,,,,,,
Morphological,Statistical,env_std-Broadband-ch15,,,,,,
Morphological,Statistical,env_std-Broadband-ch16,,,,,,
Morphological,Statistical,env_std-Broadband-ch17,,,,,,
Morphological,Statistical,env_std-Broadband-ch18,,,,,,
Morphological,Statistical,env_std-Broadband-ch19,,,,,,
Morphological,Statistical,env_std-Broadband-ch2,,,,,,
Morphological,Statistical,env_std-Broadband-ch3,,,,,,
Morphological,Statistical,env_std-Broadband-ch4,,,,,,
Morphological,Statistical,env_std-Broadband-ch5,,,,,,
Morphological,Statistical,env_std-Broadband-ch6,,,,,,
Morphological,Statistical,env_std-Broadband-ch7,,,,,,
Morphological,Statistical,env_std-Broadband-ch8,,,,,,
Morphological,Statistical,env_std-Broadband-ch9,,,,,,
Morphological,Statistical,env_std-Delta-avgch,,,,,,
Morphological,Statistical,env_std-Delta-ch1,,,,,,
Morphological,Statistical,env_std-Delta-ch10,,,,,,
Morphological,Statistical,env_std-Delta-ch11,,,,,,
Morphological,Statistical,env_std-Delta-ch12,,,,,,
Morphological,Statistical,env_std-Delta-ch13,,,,,,
Morphological,Statistical,env_std-Delta-ch14,,,,,,
Morphological,Statistical,env_std-Delta-ch15,,,,,,
Morphological,Statistical,env_std-Delta-ch16,,,,,,
Morphological,Statistical,env_std-Delta-ch17,,,,,,
Morphological,Statistical,env_std-Delta-ch18,,,,,,
Morphological,Statistical,env_std-Delta-ch19,,,,,,
Morphological,Statistical,env_std-Delta-ch2,,,,,,
Morphological,Statistical,env_std-Delta-ch3,,,,,,
Morphological,Statistical,env_std-Delta-ch4,,,,,,
Morphological,Statistical,env_std-Delta-ch5,,,,,,
Morphological,Statistical,env_std-Delta-ch6,,,,,,
Morphological,Statistical,env_std-Delta-ch7,,,,,,
Morphological,Statistical,env_std-Delta-ch8,,,,,,
Morphological,Statistical,env_std-Delta-ch9,,,,,,
Morphological,Statistical,env_std-Gamma-avgch,,,,,,
Morphological,Statistical,env_std-Gamma-ch1,,,,,,
Morphological,Statistical,env_std-Gamma-ch10,,,,,,
Morphological,Statistical,env_std-Gamma-ch11,,,,,,
Morphological,Statistical,env_std-Gamma-ch12,,,,,,
Morphological,Statistical,env_std-Gamma-ch13,,,,,,
Morphological,Statistical,env_std-Gamma-ch14,,,,,,
Morphological,Statistical,env_std-Gamma-ch15,,,,,,
Morphological,Statistical,env_std-Gamma-ch16,,,,,,
Morphological,Statistical,env_std-Gamma-ch17,,,,,,
Morphological,Statistical,env_std-Gamma-ch18,,,,,,
Morphological,Statistical,env_std-Gamma-ch19,,,,,,
Morphological,Statistical,env_std-Gamma-ch2,,,,,,
Morphological,Statistical,env_std-Gamma-ch3,,,,,,
Morphological,Statistical,env_std-Gamma-ch4,,,,,,
Morphological,Statistical,env_std-Gamma-ch5,,,,,,
Morphological,Statistical,env_std-Gamma-ch6,,,,,,
Morphological,Statistical,env_std-Gamma-ch7,,,,,,
Morphological,Statistical,env_std-Gamma-ch8,,,,,,
Morphological,Statistical,env_std-Gamma-ch9,,,,,,
Morphological,Statistical,env_std-Theta-avgch,,,,,,
Morphological,Statistical,env_std-Theta-ch1,,,,,,
Morphological,Statistical,env_std-Theta-ch10,,,,,,
Morphological,Statistical,env_std-Theta-ch11,,,,,,
Morphological,Statistical,env_std-Theta-ch12,,,,,,
Morphological,Statistical,env_std-Theta-ch13,,,,,,
Morphological,Statistical,env_std-Theta-ch14,,,,,,
Morphological,Statistical,env_std-Theta-ch15,,,,,,
Morphological,Statistical,env_std-Theta-ch16,,,,,,
Morphological,Statistical,env_std-Theta-ch17,,,,,,
Morphological,Statistical,env_std-Theta-ch18,,,,,,
Morphological,Statistical,env_std-Theta-ch19,,,,,,
Morphological,Statistical,env_std-Theta-ch2,,,,,,
Morphological,Statistical,env_std-Theta-ch3,,,,,,
Morphological,Statistical,env_std-Theta-ch4,,,,,,
Morphological,Statistical,env_std-Theta-ch5,,,,,,
Morphological,Statistical,env_std-Theta-ch6,,,,,,
Morphological,Statistical,env_std-Theta-ch7,,,,,,
Morphological,Statistical,env_std-Theta-ch8,,,,,,
Morphological,Statistical,env_std-Theta-ch9,,,,,,
Complexity,Others,FC_LocalSimple_mean1_tauresrat-avgch,,,,,,
Complexity,Others,FC_LocalSimple_mean1_tauresrat-ch1,,,,,,
Complexity,Others,FC_LocalSimple_mean1_tauresrat-ch10,,,,,,
Complexity,Others,FC_LocalSimple_mean1_tauresrat-ch11,,,,,,
Complexity,Others,FC_LocalSimple_mean1_tauresrat-ch12,,,,,,
Complexity,Others,FC_LocalSimple_mean1_tauresrat-ch13,,,,,,
Complexity,Others,FC_LocalSimple_mean1_tauresrat-ch14,,,,,,
Complexity,Others,FC_LocalSimple_mean1_tauresrat-ch15,,,,,,
Complexity,Others,FC_LocalSimple_mean1_tauresrat-ch16,,,,,,
Complexity,Others,FC_LocalSimple_mean1_tauresrat-ch17,,,,,,
Complexity,Others,FC_LocalSimple_mean1_tauresrat-ch18,,,,,,
Complexity,Others,FC_LocalSimple_mean1_tauresrat-ch19,,,,,,
Complexity,Others,FC_LocalSimple_mean1_tauresrat-ch2,,,,,,
Complexity,Others,FC_LocalSimple_mean1_tauresrat-ch3,,,,,,
Complexity,Others,FC_LocalSimple_mean1_tauresrat-ch4,,,,,,
Complexity,Others,FC_LocalSimple_mean1_tauresrat-ch5,,,,,,
Complexity,Others,FC_LocalSimple_mean1_tauresrat-ch6,,,,,,
Complexity,Others,FC_LocalSimple_mean1_tauresrat-ch7,,,,,,
Complexity,Others,FC_LocalSimple_mean1_tauresrat-ch8,,,,,,
Complexity,Others,FC_LocalSimple_mean1_tauresrat-ch9,,,,,,
Complexity,Others,FC_LocalSimple_mean3_stderr-avgch,,,,,,
Complexity,Others,FC_LocalSimple_mean3_stderr-ch1,,,,,,
Complexity,Others,FC_LocalSimple_mean3_stderr-ch10,,,,,,
Complexity,Others,FC_LocalSimple_mean3_stderr-ch11,,,,,,
Complexity,Others,FC_LocalSimple_mean3_stderr-ch12,,,,,,
Complexity,Others,FC_LocalSimple_mean3_stderr-ch13,,,,,,
Complexity,Others,FC_LocalSimple_mean3_stderr-ch14,,,,,,
Complexity,Others,FC_LocalSimple_mean3_stderr-ch15,,,,,,
Complexity,Others,FC_LocalSimple_mean3_stderr-ch16,,,,,,
Complexity,Others,FC_LocalSimple_mean3_stderr-ch17,,,,,,
Complexity,Others,FC_LocalSimple_mean3_stderr-ch18,,,,,,
Complexity,Others,FC_LocalSimple_mean3_stderr-ch19,,,,,,
Complexity,Others,FC_LocalSimple_mean3_stderr-ch2,,,,,,
Complexity,Others,FC_LocalSimple_mean3_stderr-ch3,,,,,,
Complexity,Others,FC_LocalSimple_mean3_stderr-ch4,,,,,,
Complexity,Others,FC_LocalSimple_mean3_stderr-ch5,,,,,,
Complexity,Others,FC_LocalSimple_mean3_stderr-ch6,,,,,,
Complexity,Others,FC_LocalSimple_mean3_stderr-ch7,,,,,,
Complexity,Others,FC_LocalSimple_mean3_stderr-ch8,,,,,,
Complexity,Others,FC_LocalSimple_mean3_stderr-ch9,,,,,,
Complexity,Fractal,higuchi_frac-Alpha-avgch,,,,,,
Complexity,Fractal,higuchi_frac-Alpha-ch1,,,,,,
Complexity,Fractal,higuchi_frac-Alpha-ch10,,,,,,
Complexity,Fractal,higuchi_frac-Alpha-ch11,,,,,,
Complexity,Fractal,higuchi_frac-Alpha-ch12,,,,,,
Complexity,Fractal,higuchi_frac-Alpha-ch13,,,,,,
Complexity,Fractal,higuchi_frac-Alpha-ch14,,,,,,
Complexity,Fractal,higuchi_frac-Alpha-ch15,,,,,,
Complexity,Fractal,higuchi_frac-Alpha-ch16,,,,,,
Complexity,Fractal,higuchi_frac-Alpha-ch17,,,,,,
Complexity,Fractal,higuchi_frac-Alpha-ch18,,,,,,
Complexity,Fractal,higuchi_frac-Alpha-ch19,,,,,,
Complexity,Fractal,higuchi_frac-Alpha-ch2,,,,,,
Complexity,Fractal,higuchi_frac-Alpha-ch3,,,,,,
Complexity,Fractal,higuchi_frac-Alpha-ch4,,,,,,
Complexity,Fractal,higuchi_frac-Alpha-ch5,,,,,,
Complexity,Fractal,higuchi_frac-Alpha-ch6,,,,,,
Complexity,Fractal,higuchi_frac-Alpha-ch7,,,,,,
Complexity,Fractal,higuchi_frac-Alpha-ch8,,,,,,
Complexity,Fractal,higuchi_frac-Alpha-ch9,,,,,,
Complexity,Fractal,higuchi_frac-Beta-avgch,,,,,,
Complexity,Fractal,higuchi_frac-Beta-ch1,,,,,,
Complexity,Fractal,higuchi_frac-Beta-ch10,,,,,,
Complexity,Fractal,higuchi_frac-Beta-ch11,,,,,,
Complexity,Fractal,higuchi_frac-Beta-ch12,,,,,,
Complexity,Fractal,higuchi_frac-Beta-ch13,,,,,,
Complexity,Fractal,higuchi_frac-Beta-ch14,,,,,,
Complexity,Fractal,higuchi_frac-Beta-ch15,,,,,,
Complexity,Fractal,higuchi_frac-Beta-ch16,,,,,,
Complexity,Fractal,higuchi_frac-Beta-ch17,,,,,,
Complexity,Fractal,higuchi_frac-Beta-ch18,,,,,,
Complexity,Fractal,higuchi_frac-Beta-ch19,,,,,,
Complexity,Fractal,higuchi_frac-Beta-ch2,,,,,,
Complexity,Fractal,higuchi_frac-Beta-ch3,,,,,,
Complexity,Fractal,higuchi_frac-Beta-ch4,,,,,,
Complexity,Fractal,higuchi_frac-Beta-ch5,,,,,,
Complexity,Fractal,higuchi_frac-Beta-ch6,,,,,,
Complexity,Fractal,higuchi_frac-Beta-ch7,,,,,,
Complexity,Fractal,higuchi_frac-Beta-ch8,,,,,,
Complexity,Fractal,higuchi_frac-Beta-ch9,,,,,,
Complexity,Fractal,higuchi_frac-Broadband-avgch,,,,,,
Complexity,Fractal,higuchi_frac-Broadband-ch1,,,,,,
Complexity,Fractal,higuchi_frac-Broadband-ch10,,,,,,
Complexity,Fractal,higuchi_frac-Broadband-ch11,,,,,,
Complexity,Fractal,higuchi_frac-Broadband-ch12,,,,,,
Complexity,Fractal,higuchi_frac-Broadband-ch13,,,,,,
Complexity,Fractal,higuchi_frac-Broadband-ch14,,,,,,
Complexity,Fractal,higuchi_frac-Broadband-ch15,,,,,,
Complexity,Fractal,higuchi_frac-Broadband-ch16,,,,,,
Complexity,Fractal,higuchi_frac-Broadband-ch17,,,,,,
Complexity,Fractal,higuchi_frac-Broadband-ch18,,,,,,
Complexity,Fractal,higuchi_frac-Broadband-ch19,,,,,,
Complexity,Fractal,higuchi_frac-Broadband-ch2,,,,,,
Complexity,Fractal,higuchi_frac-Broadband-ch3,,,,,,
Complexity,Fractal,higuchi_frac-Broadband-ch4,,,,,,
Complexity,Fractal,higuchi_frac-Broadband-ch5,,,,,,
Complexity,Fractal,higuchi_frac-Broadband-ch6,,,,,,
Complexity,Fractal,higuchi_frac-Broadband-ch7,,,,,,
Complexity,Fractal,higuchi_frac-Broadband-ch8,,,,,,
Complexity,Fractal,higuchi_frac-Broadband-ch9,,,,,,
Complexity,Fractal,higuchi_frac-Delta-avgch,,,,,,
Complexity,Fractal,higuchi_frac-Delta-ch1,,,,,,
Complexity,Fractal,higuchi_frac-Delta-ch10,,,,,,
Complexity,Fractal,higuchi_frac-Delta-ch11,,,,,,
Complexity,Fractal,higuchi_frac-Delta-ch12,,,,,,
Complexity,Fractal,higuchi_frac-Delta-ch13,,,,,,
Complexity,Fractal,higuchi_frac-Delta-ch14,,,,,,
Complexity,Fractal,higuchi_frac-Delta-ch15,,,,,,
Complexity,Fractal,higuchi_frac-Delta-ch16,,,,,,
Complexity,Fractal,higuchi_frac-Delta-ch17,,,,,,
Complexity,Fractal,higuchi_frac-Delta-ch18,,,,,,
Complexity,Fractal,higuchi_frac-Delta-ch19,,,,,,
Complexity,Fractal,higuchi_frac-Delta-ch2,,,,,,
Complexity,Fractal,higuchi_frac-Delta-ch3,,,,,,
Complexity,Fractal,higuchi_frac-Delta-ch4,,,,,,
Complexity,Fractal,higuchi_frac-Delta-ch5,,,,,,
Complexity,Fractal,higuchi_frac-Delta-ch6,,,,,,
Complexity,Fractal,higuchi_frac-Delta-ch7,,,,,,
Complexity,Fractal,higuchi_frac-Delta-ch8,,,,,,
Complexity,Fractal,higuchi_frac-Delta-ch9,,,,,,
Complexity,Fractal,higuchi_frac-Gamma-avgch,,,,,,
Complexity,Fractal,higuchi_frac-Gamma-ch1,,,,,,
Complexity,Fractal,higuchi_frac-Gamma-ch10,,,,,,
Complexity,Fractal,higuchi_frac-Gamma-ch11,,,,,,
Complexity,Fractal,higuchi_frac-Gamma-ch12,,,,,,
Complexity,Fractal,higuchi_frac-Gamma-ch13,,,,,,
Complexity,Fractal,higuchi_frac-Gamma-ch14,,,,,,
Complexity,Fractal,higuchi_frac-Gamma-ch15,,,,,,
Complexity,Fractal,higuchi_frac-Gamma-ch16,,,,,,
Complexity,Fractal,higuchi_frac-Gamma-ch17,,,,,,
Complexity,Fractal,higuchi_frac-Gamma-ch18,,,,,,
Complexity,Fractal,higuchi_frac-Gamma-ch19,,,,,,
Complexity,Fractal,higuchi_frac-Gamma-ch2,,,,,,
Complexity,Fractal,higuchi_frac-Gamma-ch3,,,,,,
Complexity,Fractal,higuchi_frac-Gamma-ch4,,,,,,
Complexity,Fractal,higuchi_frac-Gamma-ch5,,,,,,
Complexity,Fractal,higuchi_frac-Gamma-ch6,,,,,,
Complexity,Fractal,higuchi_frac-Gamma-ch7,,,,,,
Complexity,Fractal,higuchi_frac-Gamma-ch8,,,,,,
Complexity,Fractal,higuchi_frac-Gamma-ch9,,,,,,
Complexity,Fractal,higuchi_frac-Theta-avgch,,,,,,
Complexity,Fractal,higuchi_frac-Theta-ch1,,,,,,
Complexity,Fractal,higuchi_frac-Theta-ch10,,,,,,
Complexity,Fractal,higuchi_frac-Theta-ch11,,,,,,
Complexity,Fractal,higuchi_frac-Theta-ch12,,,,,,
Complexity,Fractal,higuchi_frac-Theta-ch13,,,,,,
Complexity,Fractal,higuchi_frac-Theta-ch14,,,,,,
Complexity,Fractal,higuchi_frac-Theta-ch15,,,,,,
Complexity,Fractal,higuchi_frac-Theta-ch16,,,,,,
Complexity,Fractal,higuchi_frac-Theta-ch17,,,,,,
Complexity,Fractal,higuchi_frac-Theta-ch18,,,,,,
Complexity,Fractal,higuchi_frac-Theta-ch19,,,,,,
Complexity,Fractal,higuchi_frac-Theta-ch2,,,,,,
Complexity,Fractal,higuchi_frac-Theta-ch3,,,,,,
Complexity,Fractal,higuchi_frac-Theta-ch4,,,,,,
Complexity,Fractal,higuchi_frac-Theta-ch5,,,,,,
Complexity,Fractal,higuchi_frac-Theta-ch6,,,,,,
Complexity,Fractal,higuchi_frac-Theta-ch7,,,,,,
Complexity,Fractal,higuchi_frac-Theta-ch8,,,,,,
Complexity,Fractal,higuchi_frac-Theta-ch9,,,,,,
Morphological,Hjorth Parameters,hjorth_activity-avgch,,,,,,
Morphological,Hjorth Parameters,hjorth_activity-ch1,,,,,,
Morphological,Hjorth Parameters,hjorth_activity-ch10,,,,,,
Morphological,Hjorth Parameters,hjorth_activity-ch11,,,,,,
Morphological,Hjorth Parameters,hjorth_activity-ch12,,,,,,
Morphological,Hjorth Parameters,hjorth_activity-ch13,,,,,,
Morphological,Hjorth Parameters,hjorth_activity-ch14,,,,,,
Morphological,Hjorth Parameters,hjorth_activity-ch15,,,,,,
Morphological,Hjorth Parameters,hjorth_activity-ch16,,,,,,
Morphological,Hjorth Parameters,hjorth_activity-ch17,,,,,,
Morphological,Hjorth Parameters,hjorth_activity-ch18,,,,,,
Morphological,Hjorth Parameters,hjorth_activity-ch19,,,,,,
Morphological,Hjorth Parameters,hjorth_activity-ch2,,,,,,
Morphological,Hjorth Parameters,hjorth_activity-ch3,,,,,,
Morphological,Hjorth Parameters,hjorth_activity-ch4,,,,,,
Morphological,Hjorth Parameters,hjorth_activity-ch5,,,,,,
Morphological,Hjorth Parameters,hjorth_activity-ch6,,,,,,
Morphological,Hjorth Parameters,hjorth_activity-ch7,,,,,,
Morphological,Hjorth Parameters,hjorth_activity-ch8,,,,,,
Morphological,Hjorth Parameters,hjorth_activity-ch9,,,,,,
Morphological,Hjorth Parameters,hjorth_complexity-avgch,,,,,,
Morphological,Hjorth Parameters,hjorth_complexity-ch1,,,,,,
Morphological,Hjorth Parameters,hjorth_complexity-ch10,,,,,,
Morphological,Hjorth Parameters,hjorth_complexity-ch11,,,,,,
Morphological,Hjorth Parameters,hjorth_complexity-ch12,,,,,,
Morphological,Hjorth Parameters,hjorth_complexity-ch13,,,,,,
Morphological,Hjorth Parameters,hjorth_complexity-ch14,,,,,,
Morphological,Hjorth Parameters,hjorth_complexity-ch15,,,,,,
Morphological,Hjorth Parameters,hjorth_complexity-ch16,,,,,,
Morphological,Hjorth Parameters,hjorth_complexity-ch17,,,,,,
Morphological,Hjorth Parameters,hjorth_complexity-ch18,,,,,,
Morphological,Hjorth Parameters,hjorth_complexity-ch19,,,,,,
Morphological,Hjorth Parameters,hjorth_complexity-ch2,,,,,,
Morphological,Hjorth Parameters,hjorth_complexity-ch3,,,,,,
Morphological,Hjorth Parameters,hjorth_complexity-ch4,,,,,,
Morphological,Hjorth Parameters,hjorth_complexity-ch5,,,,,,
Morphological,Hjorth Parameters,hjorth_complexity-ch6,,,,,,
Morphological,Hjorth Parameters,hjorth_complexity-ch7,,,,,,
Morphological,Hjorth Parameters,hjorth_complexity-ch8,,,,,,
Morphological,Hjorth Parameters,hjorth_complexity-ch9,,,,,,
Morphological,Hjorth Parameters,hjorth_mobility-avgch,,,,,,
Morphological,Hjorth Parameters,hjorth_mobility-ch1,,,,,,
Morphological,Hjorth Parameters,hjorth_mobility-ch10,,,,,,
Morphological,Hjorth Parameters,hjorth_mobility-ch11,,,,,,
Morphological,Hjorth Parameters,hjorth_mobility-ch12,,,,,,
Morphological,Hjorth Parameters,hjorth_mobility-ch13,,,,,,
Morphological,Hjorth Parameters,hjorth_mobility-ch14,,,,,,
Morphological,Hjorth Parameters,hjorth_mobility-ch15,,,,,,
Morphological,Hjorth Parameters,hjorth_mobility-ch16,,,,,,
Morphological,Hjorth Parameters,hjorth_mobility-ch17,,,,,,
Morphological,Hjorth Parameters,hjorth_mobility-ch18,,,,,,
Morphological,Hjorth Parameters,hjorth_mobility-ch19,,,,,,
Morphological,Hjorth Parameters,hjorth_mobility-ch2,,,,,,
Morphological,Hjorth Parameters,hjorth_mobility-ch3,,,,,,
Morphological,Hjorth Parameters,hjorth_mobility-ch4,,,,,,
Morphological,Hjorth Parameters,hjorth_mobility-ch5,,,,,,
Morphological,Hjorth Parameters,hjorth_mobility-ch6,,,,,,
Morphological,Hjorth Parameters,hjorth_mobility-ch7,,,,,,
Morphological,Hjorth Parameters,hjorth_mobility-ch8,,,,,,
Morphological,Hjorth Parameters,hjorth_mobility-ch9,,,,,,
Complexity,Fractal,hurst_exp_c-avgch,,,,,,
Complexity,Fractal,hurst_exp_c-ch1,,,,,,
Complexity,Fractal,hurst_exp_c-ch10,,,,,,
Complexity,Fractal,hurst_exp_c-ch11,,,,,,
Complexity,Fractal,hurst_exp_c-ch12,,,,,,
Complexity,Fractal,hurst_exp_c-ch13,,,,,,
Complexity,Fractal,hurst_exp_c-ch14,,,,,,
Complexity,Fractal,hurst_exp_c-ch15,,,,,,
Complexity,Fractal,hurst_exp_c-ch16,,,,,,
Complexity,Fractal,hurst_exp_c-ch17,,,,,,
Complexity,Fractal,hurst_exp_c-ch18,,,,,,
Complexity,Fractal,hurst_exp_c-ch19,,,,,,
Complexity,Fractal,hurst_exp_c-ch2,,,,,,
Complexity,Fractal,hurst_exp_c-ch3,,,,,,
Complexity,Fractal,hurst_exp_c-ch4,,,,,,
Complexity,Fractal,hurst_exp_c-ch5,,,,,,
Complexity,Fractal,hurst_exp_c-ch6,,,,,,
Complexity,Fractal,hurst_exp_c-ch7,,,,,,
Complexity,Fractal,hurst_exp_c-ch8,,,,,,
Complexity,Fractal,hurst_exp_c-ch9,,,,,,
Complexity,Fractal,hurst_exp_h-avgch,,,,,,
Complexity,Fractal,hurst_exp_h-ch1,,,,,,
Complexity,Fractal,hurst_exp_h-ch10,,,,,,
Complexity,Fractal,hurst_exp_h-ch11,,,,,,
Complexity,Fractal,hurst_exp_h-ch12,,,,,,
Complexity,Fractal,hurst_exp_h-ch13,,,,,,
Complexity,Fractal,hurst_exp_h-ch14,,,,,,
Complexity,Fractal,hurst_exp_h-ch15,,,,,,
Complexity,Fractal,hurst_exp_h-ch16,,,,,,
Complexity,Fractal,hurst_exp_h-ch17,,,,,,
Complexity,Fractal,hurst_exp_h-ch18,,,,,,
Complexity,Fractal,hurst_exp_h-ch19,,,,,,
Complexity,Fractal,hurst_exp_h-ch2,,,,,,
Complexity,Fractal,hurst_exp_h-ch3,,,,,,
Complexity,Fractal,hurst_exp_h-ch4,,,,,,
Complexity,Fractal,hurst_exp_h-ch5,,,,,,
Complexity,Fractal,hurst_exp_h-ch6,,,,,,
Complexity,Fractal,hurst_exp_h-ch7,,,,,,
Complexity,Fractal,hurst_exp_h-ch8,,,,,,
Complexity,Fractal,hurst_exp_h-ch9,,,,,,
Complexity,Autocorrelation,IN_AutoMutualInfoStats_40_gaussian_fmmi-avgch,,,,,,
Complexity,Autocorrelation,IN_AutoMutualInfoStats_40_gaussian_fmmi-ch1,,,,,,
Complexity,Autocorrelation,IN_AutoMutualInfoStats_40_gaussian_fmmi-ch10,,,,,,
Complexity,Autocorrelation,IN_AutoMutualInfoStats_40_gaussian_fmmi-ch11,,,,,,
Complexity,Autocorrelation,IN_AutoMutualInfoStats_40_gaussian_fmmi-ch12,,,,,,
Complexity,Autocorrelation,IN_AutoMutualInfoStats_40_gaussian_fmmi-ch13,,,,,,
Complexity,Autocorrelation,IN_AutoMutualInfoStats_40_gaussian_fmmi-ch14,,,,,,
Complexity,Autocorrelation,IN_AutoMutualInfoStats_40_gaussian_fmmi-ch15,,,,,,
Complexity,Autocorrelation,IN_AutoMutualInfoStats_40_gaussian_fmmi-ch16,,,,,,
Complexity,Autocorrelation,IN_AutoMutualInfoStats_40_gaussian_fmmi-ch17,,,,,,
Complexity,Autocorrelation,IN_AutoMutualInfoStats_40_gaussian_fmmi-ch18,,,,,,
Complexity,Autocorrelation,IN_AutoMutualInfoStats_40_gaussian_fmmi-ch19,,,,,,
Complexity,Autocorrelation,IN_AutoMutualInfoStats_40_gaussian_fmmi-ch2,,,,,,
Complexity,Autocorrelation,IN_AutoMutualInfoStats_40_gaussian_fmmi-ch3,,,,,,
Complexity,Autocorrelation,IN_AutoMutualInfoStats_40_gaussian_fmmi-ch4,,,,,,
Complexity,Autocorrelation,IN_AutoMutualInfoStats_40_gaussian_fmmi-ch5,,,,,,
Complexity,Autocorrelation,IN_AutoMutualInfoStats_40_gaussian_fmmi-ch6,,,,,,
Complexity,Autocorrelation,IN_AutoMutualInfoStats_40_gaussian_fmmi-ch7,,,,,,
Complexity,Autocorrelation,IN_AutoMutualInfoStats_40_gaussian_fmmi-ch8,,,,,,
Complexity,Autocorrelation,IN_AutoMutualInfoStats_40_gaussian_fmmi-ch9,,,,,,
Complexity,Fractal,katz_frac-Alpha-avgch,,,,,,
Complexity,Fractal,katz_frac-Alpha-ch1,,,,,,
Complexity,Fractal,katz_frac-Alpha-ch10,,,,,,
Complexity,Fractal,katz_frac-Alpha-ch11,,,,,,
Complexity,Fractal,katz_frac-Alpha-ch12,,,,,,
Complexity,Fractal,katz_frac-Alpha-ch13,,,,,,
Complexity,Fractal,katz_frac-Alpha-ch14,,,,,,
Complexity,Fractal,katz_frac-Alpha-ch15,,,,,,
Complexity,Fractal,katz_frac-Alpha-ch16,,,,,,
Complexity,Fractal,katz_frac-Alpha-ch17,,,,,,
Complexity,Fractal,katz_frac-Alpha-ch18,,,,,,
Complexity,Fractal,katz_frac-Alpha-ch19,,,,,,
Complexity,Fractal,katz_frac-Alpha-ch2,,,,,,
Complexity,Fractal,katz_frac-Alpha-ch3,,,,,,
Complexity,Fractal,katz_frac-Alpha-ch4,,,,,,
Complexity,Fractal,katz_frac-Alpha-ch5,,,,,,
Complexity,Fractal,katz_frac-Alpha-ch6,,,,,,
Complexity,Fractal,katz_frac-Alpha-ch7,,,,,,
Complexity,Fractal,katz_frac-Alpha-ch8,,,,,,
Complexity,Fractal,katz_frac-Alpha-ch9,,,,,,
Complexity,Fractal,katz_frac-Beta-avgch,,,,,,
Complexity,Fractal,katz_frac-Beta-ch1,,,,,,
Complexity,Fractal,katz_frac-Beta-ch10,,,,,,
Complexity,Fractal,katz_frac-Beta-ch11,,,,,,
Complexity,Fractal,katz_frac-Beta-ch12,,,,,,
Complexity,Fractal,katz_frac-Beta-ch13,,,,,,
Complexity,Fractal,katz_frac-Beta-ch14,,,,,,
Complexity,Fractal,katz_frac-Beta-ch15,,,,,,
Complexity,Fractal,katz_frac-Beta-ch16,,,,,,
Complexity,Fractal,katz_frac-Beta-ch17,,,,,,
Complexity,Fractal,katz_frac-Beta-ch18,,,,,,
Complexity,Fractal,katz_frac-Beta-ch19,,,,,,
Complexity,Fractal,katz_frac-Beta-ch2,,,,,,
Complexity,Fractal,katz_frac-Beta-ch3,,,,,,
Complexity,Fractal,katz_frac-Beta-ch4,,,,,,
Complexity,Fractal,katz_frac-Beta-ch5,,,,,,
Complexity,Fractal,katz_frac-Beta-ch6,,,,,,
Complexity,Fractal,katz_frac-Beta-ch7,,,,,,
Complexity,Fractal,katz_frac-Beta-ch8,,,,,,
Complexity,Fractal,katz_frac-Beta-ch9,,,,,,
Complexity,Fractal,katz_frac-Broadband-avgch,,,,,,
Complexity,Fractal,katz_frac-Broadband-ch1,,,,,,
Complexity,Fractal,katz_frac-Broadband-ch10,,,,,,
Complexity,Fractal,katz_frac-Broadband-ch11,,,,,,
Complexity,Fractal,katz_frac-Broadband-ch12,,,,,,
Complexity,Fractal,katz_frac-Broadband-ch13,,,,,,
Complexity,Fractal,katz_frac-Broadband-ch14,,,,,,
Complexity,Fractal,katz_frac-Broadband-ch15,,,,,,
Complexity,Fractal,katz_frac-Broadband-ch16,,,,,,
Complexity,Fractal,katz_frac-Broadband-ch17,,,,,,
Complexity,Fractal,katz_frac-Broadband-ch18,,,,,,
Complexity,Fractal,katz_frac-Broadband-ch19,,,,,,
Complexity,Fractal,katz_frac-Broadband-ch2,,,,,,
Complexity,Fractal,katz_frac-Broadband-ch3,,,,,,
Complexity,Fractal,katz_frac-Broadband-ch4,,,,,,
Complexity,Fractal,katz_frac-Broadband-ch5,,,,,,
Complexity,Fractal,katz_frac-Broadband-ch6,,,,,,
Complexity,Fractal,katz_frac-Broadband-ch7,,,,,,
Complexity,Fractal,katz_frac-Broadband-ch8,,,,,,
Complexity,Fractal,katz_frac-Broadband-ch9,,,,,,
Complexity,Fractal,katz_frac-Delta-avgch,,,,,,
Complexity,Fractal,katz_frac-Delta-ch1,,,,,,
Complexity,Fractal,katz_frac-Delta-ch10,,,,,,
Complexity,Fractal,katz_frac-Delta-ch11,,,,,,
Complexity,Fractal,katz_frac-Delta-ch12,,,,,,
Complexity,Fractal,katz_frac-Delta-ch13,,,,,,
Complexity,Fractal,katz_frac-Delta-ch14,,,,,,
Complexity,Fractal,katz_frac-Delta-ch15,,,,,,
Complexity,Fractal,katz_frac-Delta-ch16,,,,,,
Complexity,Fractal,katz_frac-Delta-ch17,,,,,,
Complexity,Fractal,katz_frac-Delta-ch18,,,,,,
Complexity,Fractal,katz_frac-Delta-ch19,,,,,,
Complexity,Fractal,katz_frac-Delta-ch2,,,,,,
Complexity,Fractal,katz_frac-Delta-ch3,,,,,,
Complexity,Fractal,katz_frac-Delta-ch4,,,,,,
Complexity,Fractal,katz_frac-Delta-ch5,,,,,,
Complexity,Fractal,katz_frac-Delta-ch6,,,,,,
Complexity,Fractal,katz_frac-Delta-ch7,,,,,,
Complexity,Fractal,katz_frac-Delta-ch8,,,,,,
Complexity,Fractal,katz_frac-Delta-ch9,,,,,,
Complexity,Fractal,katz_frac-Gamma-avgch,,,,,,
Complexity,Fractal,katz_frac-Gamma-ch1,,,,,,
Complexity,Fractal,katz_frac-Gamma-ch10,,,,,,
Complexity,Fractal,katz_frac-Gamma-ch11,,,,,,
Complexity,Fractal,katz_frac-Gamma-ch12,,,,,,
Complexity,Fractal,katz_frac-Gamma-ch13,,,,,,
Complexity,Fractal,katz_frac-Gamma-ch14,,,,,,
Complexity,Fractal,katz_frac-Gamma-ch15,,,,,,
Complexity,Fractal,katz_frac-Gamma-ch16,,,,,,
Complexity,Fractal,katz_frac-Gamma-ch17,,,,,,
Complexity,Fractal,katz_frac-Gamma-ch18,,,,,,
Complexity,Fractal,katz_frac-Gamma-ch19,,,,,,
Complexity,Fractal,katz_frac-Gamma-ch2,,,,,,
Complexity,Fractal,katz_frac-Gamma-ch3,,,,,,
Complexity,Fractal,katz_frac-Gamma-ch4,,,,,,
Complexity,Fractal,katz_frac-Gamma-ch5,,,,,,
Complexity,Fractal,katz_frac-Gamma-ch6,,,,,,
Complexity,Fractal,katz_frac-Gamma-ch7,,,,,,
Complexity,Fractal,katz_frac-Gamma-ch8,,,,,,
Complexity,Fractal,katz_frac-Gamma-ch9,,,,,,
Complexity,Fractal,katz_frac-Theta-avgch,,,,,,
Complexity,Fractal,katz_frac-Theta-ch1,,,,,,
Complexity,Fractal,katz_frac-Theta-ch10,,,,,,
Complexity,Fractal,katz_frac-Theta-ch11,,,,,,
Complexity,Fractal,katz_frac-Theta-ch12,,,,,,
Complexity,Fractal,katz_frac-Theta-ch13,,,,,,
Complexity,Fractal,katz_frac-Theta-ch14,,,,,,
Complexity,Fractal,katz_frac-Theta-ch15,,,,,,
Complexity,Fractal,katz_frac-Theta-ch16,,,,,,
Complexity,Fractal,katz_frac-Theta-ch17,,,,,,
Complexity,Fractal,katz_frac-Theta-ch18,,,,,,
Complexity,Fractal,katz_frac-Theta-ch19,,,,,,
Complexity,Fractal,katz_frac-Theta-ch2,,,,,,
Complexity,Fractal,katz_frac-Theta-ch3,,,,,,
Complexity,Fractal,katz_frac-Theta-ch4,,,,,,
Complexity,Fractal,katz_frac-Theta-ch5,,,,,,
Complexity,Fractal,katz_frac-Theta-ch6,,,,,,
Complexity,Fractal,katz_frac-Theta-ch7,,,,,,
Complexity,Fractal,katz_frac-Theta-ch8,,,,,,
Complexity,Fractal,katz_frac-Theta-ch9,,,,,,
Morphological,Distribution,kurt_t-Alpha-avgch,,,,,,
Morphological,Distribution,kurt_t-Alpha-ch1,,,,,,
Morphological,Distribution,kurt_t-Alpha-ch10,,,,,,
Morphological,Distribution,kurt_t-Alpha-ch11,,,,,,
Morphological,Distribution,kurt_t-Alpha-ch12,,,,,,
Morphological,Distribution,kurt_t-Alpha-ch13,,,,,,
Morphological,Distribution,kurt_t-Alpha-ch14,,,,,,
Morphological,Distribution,kurt_t-Alpha-ch15,,,,,,
Morphological,Distribution,kurt_t-Alpha-ch16,,,,,,
Morphological,Distribution,kurt_t-Alpha-ch17,,,,,,
Morphological,Distribution,kurt_t-Alpha-ch18,,,,,,
Morphological,Distribution,kurt_t-Alpha-ch19,,,,,,
Morphological,Distribution,kurt_t-Alpha-ch2,,,,,,
Morphological,Distribution,kurt_t-Alpha-ch3,,,,,,
Morphological,Distribution,kurt_t-Alpha-ch4,,,,,,
Morphological,Distribution,kurt_t-Alpha-ch5,,,,,,
Morphological,Distribution,kurt_t-Alpha-ch6,,,,,,
Morphological,Distribution,kurt_t-Alpha-ch7,,,,,,
Morphological,Distribution,kurt_t-Alpha-ch8,,,,,,
Morphological,Distribution,kurt_t-Alpha-ch9,,,,,,
Morphological,Distribution,kurt_t-Beta-avgch,,,,,,
Morphological,Distribution,kurt_t-Beta-ch1,,,,,,
Morphological,Distribution,kurt_t-Beta-ch10,,,,,,
Morphological,Distribution,kurt_t-Beta-ch11,,,,,,
Morphological,Distribution,kurt_t-Beta-ch12,,,,,,
Morphological,Distribution,kurt_t-Beta-ch13,,,,,,
Morphological,Distribution,kurt_t-Beta-ch14,,,,,,
Morphological,Distribution,kurt_t-Beta-ch15,,,,,,
Morphological,Distribution,kurt_t-Beta-ch16,,,,,,
Morphological,Distribution,kurt_t-Beta-ch17,,,,,,
Morphological,Distribution,kurt_t-Beta-ch18,,,,,,
Morphological,Distribution,kurt_t-Beta-ch19,,,,,,
Morphological,Distribution,kurt_t-Beta-ch2,,,,,,
Morphological,Distribution,kurt_t-Beta-ch3,,,,,,
Morphological,Distribution,kurt_t-Beta-ch4,,,,,,
Morphological,Distribution,kurt_t-Beta-ch5,,,,,,
Morphological,Distribution,kurt_t-Beta-ch6,,,,,,
Morphological,Distribution,kurt_t-Beta-ch7,,,,,,
Morphological,Distribution,kurt_t-Beta-ch8,,,,,,
Morphological,Distribution,kurt_t-Beta-ch9,,,,,,
Morphological,Distribution,kurt_t-Broadband-avgch,,,,,,
Morphological,Distribution,kurt_t-Broadband-ch1,,,,,,
Morphological,Distribution,kurt_t-Broadband-ch10,,,,,,
Morphological,Distribution,kurt_t-Broadband-ch11,,,,,,
Morphological,Distribution,kurt_t-Broadband-ch12,,,,,,
Morphological,Distribution,kurt_t-Broadband-ch13,,,,,,
Morphological,Distribution,kurt_t-Broadband-ch14,,,,,,
Morphological,Distribution,kurt_t-Broadband-ch15,,,,,,
Morphological,Distribution,kurt_t-Broadband-ch16,,,,,,
Morphological,Distribution,kurt_t-Broadband-ch17,,,,,,
Morphological,Distribution,kurt_t-Broadband-ch18,,,,,,
Morphological,Distribution,kurt_t-Broadband-ch19,,,,,,
Morphological,Distribution,kurt_t-Broadband-ch2,,,,,,
Morphological,Distribution,kurt_t-Broadband-ch3,,,,,,
Morphological,Distribution,kurt_t-Broadband-ch4,,,,,,
Morphological,Distribution,kurt_t-Broadband-ch5,,,,,,
Morphological,Distribution,kurt_t-Broadband-ch6,,,,,,
Morphological,Distribution,kurt_t-Broadband-ch7,,,,,,
Morphological,Distribution,kurt_t-Broadband-ch8,,,,,,
Morphological,Distribution,kurt_t-Broadband-ch9,,,,,,
Morphological,Distribution,kurt_t-Delta-avgch,,,,,,
Morphological,Distribution,kurt_t-Delta-ch1,,,,,,
Morphological,Distribution,kurt_t-Delta-ch10,,,,,,
Morphological,Distribution,kurt_t-Delta-ch11,,,,,,
Morphological,Distribution,kurt_t-Delta-ch12,,,,,,
Morphological,Distribution,kurt_t-Delta-ch13,,,,,,
Morphological,Distribution,kurt_t-Delta-ch14,,,,,,
Morphological,Distribution,kurt_t-Delta-ch15,,,,,,
Morphological,Distribution,kurt_t-Delta-ch16,,,,,,
Morphological,Distribution,kurt_t-Delta-ch17,,,,,,
Morphological,Distribution,kurt_t-Delta-ch18,,,,,,
Morphological,Distribution,kurt_t-Delta-ch19,,,,,,
Morphological,Distribution,kurt_t-Delta-ch2,,,,,,
Morphological,Distribution,kurt_t-Delta-ch3,,,,,,
Morphological,Distribution,kurt_t-Delta-ch4,,,,,,
Morphological,Distribution,kurt_t-Delta-ch5,,,,,,
Morphological,Distribution,kurt_t-Delta-ch6,,,,,,
Morphological,Distribution,kurt_t-Delta-ch7,,,,,,
Morphological,Distribution,kurt_t-Delta-ch8,,,,,,
Morphological,Distribution,kurt_t-Delta-ch9,,,,,,
Morphological,Distribution,kurt_t-Gamma-avgch,,,,,,
Morphological,Distribution,kurt_t-Gamma-ch1,,,,,,
Morphological,Distribution,kurt_t-Gamma-ch10,,,,,,
Morphological,Distribution,kurt_t-Gamma-ch11,,,,,,
Morphological,Distribution,kurt_t-Gamma-ch12,,,,,,
Morphological,Distribution,kurt_t-Gamma-ch13,,,,,,
Morphological,Distribution,kurt_t-Gamma-ch14,,,,,,
Morphological,Distribution,kurt_t-Gamma-ch15,,,,,,
Morphological,Distribution,kurt_t-Gamma-ch16,,,,,,
Morphological,Distribution,kurt_t-Gamma-ch17,,,,,,
Morphological,Distribution,kurt_t-Gamma-ch18,,,,,,
Morphological,Distribution,kurt_t-Gamma-ch19,,,,,,
Morphological,Distribution,kurt_t-Gamma-ch2,,,,,,
Morphological,Distribution,kurt_t-Gamma-ch3,,,,,,
Morphological,Distribution,kurt_t-Gamma-ch4,,,,,,
Morphological,Distribution,kurt_t-Gamma-ch5,,,,,,
Morphological,Distribution,kurt_t-Gamma-ch6,,,,,,
Morphological,Distribution,kurt_t-Gamma-ch7,,,,,,
Morphological,Distribution,kurt_t-Gamma-ch8,,,,,,
Morphological,Distribution,kurt_t-Gamma-ch9,,,,,,
Morphological,Distribution,kurt_t-Theta-avgch,,,,,,
Morphological,Distribution,kurt_t-Theta-ch1,,,,,,
Morphological,Distribution,kurt_t-Theta-ch10,,,,,,
Morphological,Distribution,kurt_t-Theta-ch11,,,,,,
Morphological,Distribution,kurt_t-Theta-ch12,,,,,,
Morphological,Distribution,kurt_t-Theta-ch13,,,,,,
Morphological,Distribution,kurt_t-Theta-ch14,,,,,,
Morphological,Distribution,kurt_t-Theta-ch15,,,,,,
Morphological,Distribution,kurt_t-Theta-ch16,,,,,,
Morphological,Distribution,kurt_t-Theta-ch17,,,,,,
Morphological,Distribution,kurt_t-Theta-ch18,,,,,,
Morphological,Distribution,kurt_t-Theta-ch19,,,,,,
Morphological,Distribution,kurt_t-Theta-ch2,,,,,,
Morphological,Distribution,kurt_t-Theta-ch3,,,,,,
Morphological,Distribution,kurt_t-Theta-ch4,,,,,,
Morphological,Distribution,kurt_t-Theta-ch5,,,,,,
Morphological,Distribution,kurt_t-Theta-ch6,,,,,,
Morphological,Distribution,kurt_t-Theta-ch7,,,,,,
Morphological,Distribution,kurt_t-Theta-ch8,,,,,,
Morphological,Distribution,kurt_t-Theta-ch9,,,,,,
Complexity,Others,lziv-avgch,,,,,,
Complexity,Others,lziv-ch1,,,,,,
Complexity,Others,lziv-ch10,,,,,,
Complexity,Others,lziv-ch11,,,,,,
Complexity,Others,lziv-ch12,,,,,,
Complexity,Others,lziv-ch13,,,,,,
Complexity,Others,lziv-ch14,,,,,,
Complexity,Others,lziv-ch15,,,,,,
Complexity,Others,lziv-ch16,,,,,,
Complexity,Others,lziv-ch17,,,,,,
Complexity,Others,lziv-ch18,,,,,,
Complexity,Others,lziv-ch19,,,,,,
Complexity,Others,lziv-ch2,,,,,,
Complexity,Others,lziv-ch3,,,,,,
Complexity,Others,lziv-ch4,,,,,,
Complexity,Others,lziv-ch5,,,,,,
Complexity,Others,lziv-ch6,,,,,,
Complexity,Others,lziv-ch7,,,,,,
Complexity,Others,lziv-ch8,,,,,,
Complexity,Others,lziv-ch9,,,,,,
Complexity,Others,MD_hrv_classic_pnn40-avgch,,,,,,
Complexity,Others,MD_hrv_classic_pnn40-ch1,,,,,,
Complexity,Others,MD_hrv_classic_pnn40-ch10,,,,,,
Complexity,Others,MD_hrv_classic_pnn40-ch11,,,,,,
Complexity,Others,MD_hrv_classic_pnn40-ch12,,,,,,
Complexity,Others,MD_hrv_classic_pnn40-ch13,,,,,,
Complexity,Others,MD_hrv_classic_pnn40-ch14,,,,,,
Complexity,Others,MD_hrv_classic_pnn40-ch15,,,,,,
Complexity,Others,MD_hrv_classic_pnn40-ch16,,,,,,
Complexity,Others,MD_hrv_classic_pnn40-ch17,,,,,,
Complexity,Others,MD_hrv_classic_pnn40-ch18,,,,,,
Complexity,Others,MD_hrv_classic_pnn40-ch19,,,,,,
Complexity,Others,MD_hrv_classic_pnn40-ch2,,,,,,
Complexity,Others,MD_hrv_classic_pnn40-ch3,,,,,,
Complexity,Others,MD_hrv_classic_pnn40-ch4,,,,,,
Complexity,Others,MD_hrv_classic_pnn40-ch5,,,,,,
Complexity,Others,MD_hrv_classic_pnn40-ch6,,,,,,
Complexity,Others,MD_hrv_classic_pnn40-ch7,,,,,,
Complexity,Others,MD_hrv_classic_pnn40-ch8,,,,,,
Complexity,Others,MD_hrv_classic_pnn40-ch9,,,,,,
Complexity,Autocorrelation,PD_PeriodicityWang_th0_01-avgch,,,,,,
Complexity,Autocorrelation,PD_PeriodicityWang_th0_01-ch1,,,,,,
Complexity,Autocorrelation,PD_PeriodicityWang_th0_01-ch10,,,,,,
Complexity,Autocorrelation,PD_PeriodicityWang_th0_01-ch11,,,,,,
Complexity,Autocorrelation,PD_PeriodicityWang_th0_01-ch12,,,,,,
Complexity,Autocorrelation,PD_PeriodicityWang_th0_01-ch13,,,,,,
Complexity,Autocorrelation,PD_PeriodicityWang_th0_01-ch14,,,,,,
Complexity,Autocorrelation,PD_PeriodicityWang_th0_01-ch15,,,,,,
Complexity,Autocorrelation,PD_PeriodicityWang_th0_01-ch16,,,,,,
Complexity,Autocorrelation,PD_PeriodicityWang_th0_01-ch17,,,,,,
Complexity,Autocorrelation,PD_PeriodicityWang_th0_01-ch18,,,,,,
Complexity,Autocorrelation,PD_PeriodicityWang_th0_01-ch19,,,,,,
Complexity,Autocorrelation,PD_PeriodicityWang_th0_01-ch2,,,,,,
Complexity,Autocorrelation,PD_PeriodicityWang_th0_01-ch3,,,,,,
Complexity,Autocorrelation,PD_PeriodicityWang_th0_01-ch4,,,,,,
Complexity,Autocorrelation,PD_PeriodicityWang_th0_01-ch5,,,,,,
Complexity,Autocorrelation,PD_PeriodicityWang_th0_01-ch6,,,,,,
Complexity,Autocorrelation,PD_PeriodicityWang_th0_01-ch7,,,,,,
Complexity,Autocorrelation,PD_PeriodicityWang_th0_01-ch8,,,,,,
Complexity,Autocorrelation,PD_PeriodicityWang_th0_01-ch9,,,,,,
Spectral,Power & Frequency,peak_alpha_freq-avgch,,,,,,
Spectral,Power & Frequency,peak_alpha_freq-ch1,,,,,,
Spectral,Power & Frequency,peak_alpha_freq-ch10,,,,,,
Spectral,Power & Frequency,peak_alpha_freq-ch11,,,,,,
Spectral,Power & Frequency,peak_alpha_freq-ch12,,,,,,
Spectral,Power & Frequency,peak_alpha_freq-ch13,,,,,,
Spectral,Power & Frequency,peak_alpha_freq-ch14,,,,,,
Spectral,Power & Frequency,peak_alpha_freq-ch15,,,,,,
Spectral,Power & Frequency,peak_alpha_freq-ch16,,,,,,
Spectral,Power & Frequency,peak_alpha_freq-ch17,,,,,,
Spectral,Power & Frequency,peak_alpha_freq-ch18,,,,,,
Spectral,Power & Frequency,peak_alpha_freq-ch19,,,,,,
Spectral,Power & Frequency,peak_alpha_freq-ch2,,,,,,
Spectral,Power & Frequency,peak_alpha_freq-ch3,,,,,,
Spectral,Power & Frequency,peak_alpha_freq-ch4,,,,,,
Spectral,Power & Frequency,peak_alpha_freq-ch5,,,,,,
Spectral,Power & Frequency,peak_alpha_freq-ch6,,,,,,
Spectral,Power & Frequency,peak_alpha_freq-ch7,,,,,,
Spectral,Power & Frequency,peak_alpha_freq-ch8,,,,,,
Spectral,Power & Frequency,peak_alpha_freq-ch9,,,,,,
Spectral,Power & Frequency,power_abs-Alpha-avgch,,,,,,
Spectral,Power & Frequency,power_abs-Alpha-ch1,,,,,,
Spectral,Power & Frequency,power_abs-Alpha-ch10,,,,,,
Spectral,Power & Frequency,power_abs-Alpha-ch11,,,,,,
Spectral,Power & Frequency,power_abs-Alpha-ch12,,,,,,
Spectral,Power & Frequency,power_abs-Alpha-ch13,,,,,,
Spectral,Power & Frequency,power_abs-Alpha-ch14,,,,,,
Spectral,Power & Frequency,power_abs-Alpha-ch15,,,,,,
Spectral,Power & Frequency,power_abs-Alpha-ch16,,,,,,
Spectral,Power & Frequency,power_abs-Alpha-ch17,,,,,,
Spectral,Power & Frequency,power_abs-Alpha-ch18,,,,,,
Spectral,Power & Frequency,power_abs-Alpha-ch19,,,,,,
Spectral,Power & Frequency,power_abs-Alpha-ch2,,,,,,
Spectral,Power & Frequency,power_abs-Alpha-ch3,,,,,,
Spectral,Power & Frequency,power_abs-Alpha-ch4,,,,,,
Spectral,Power & Frequency,power_abs-Alpha-ch5,,,,,,
Spectral,Power & Frequency,power_abs-Alpha-ch6,,,,,,
Spectral,Power & Frequency,power_abs-Alpha-ch7,,,,,,
Spectral,Power & Frequency,power_abs-Alpha-ch8,,,,,,
Spectral,Power & Frequency,power_abs-Alpha-ch9,,,,,,
Spectral,Power & Frequency,power_abs-Beta-avgch,,,,,,
Spectral,Power & Frequency,power_abs-Beta-ch1,,,,,,
Spectral,Power & Frequency,power_abs-Beta-ch10,,,,,,
Spectral,Power & Frequency,power_abs-Beta-ch11,,,,,,
Spectral,Power & Frequency,power_abs-Beta-ch12,,,,,,
Spectral,Power & Frequency,power_abs-Beta-ch13,,,,,,
Spectral,Power & Frequency,power_abs-Beta-ch14,,,,,,
Spectral,Power & Frequency,power_abs-Beta-ch15,,,,,,
Spectral,Power & Frequency,power_abs-Beta-ch16,,,,,,
Spectral,Power & Frequency,power_abs-Beta-ch17,,,,,,
Spectral,Power & Frequency,power_abs-Beta-ch18,,,,,,
Spectral,Power & Frequency,power_abs-Beta-ch19,,,,,,
Spectral,Power & Frequency,power_abs-Beta-ch2,,,,,,
Spectral,Power & Frequency,power_abs-Beta-ch3,,,,,,
Spectral,Power & Frequency,power_abs-Beta-ch4,,,,,,
Spectral,Power & Frequency,power_abs-Beta-ch5,,,,,,
Spectral,Power & Frequency,power_abs-Beta-ch6,,,,,,
Spectral,Power & Frequency,power_abs-Beta-ch7,,,,,,
Spectral,Power & Frequency,power_abs-Beta-ch8,,,,,,
Spectral,Power & Frequency,power_abs-Beta-ch9,,,,,,
Spectral,Power & Frequency,power_abs-Delta-avgch,,,,,,
Spectral,Power & Frequency,power_abs-Delta-ch1,,,,,,
Spectral,Power & Frequency,power_abs-Delta-ch10,,,,,,
Spectral,Power & Frequency,power_abs-Delta-ch11,,,,,,
Spectral,Power & Frequency,power_abs-Delta-ch12,,,,,,
Spectral,Power & Frequency,power_abs-Delta-ch13,,,,,,
Spectral,Power & Frequency,power_abs-Delta-ch14,,,,,,
Spectral,Power & Frequency,power_abs-Delta-ch15,,,,,,
Spectral,Power & Frequency,power_abs-Delta-ch16,,,,,,
Spectral,Power & Frequency,power_abs-Delta-ch17,,,,,,
Spectral,Power & Frequency,power_abs-Delta-ch18,,,,,,
Spectral,Power & Frequency,power_abs-Delta-ch19,,,,,,
Spectral,Power & Frequency,power_abs-Delta-ch2,,,,,,
Spectral,Power & Frequency,power_abs-Delta-ch3,,,,,,
Spectral,Power & Frequency,power_abs-Delta-ch4,,,,,,
Spectral,Power & Frequency,power_abs-Delta-ch5,,,,,,
Spectral,Power & Frequency,power_abs-Delta-ch6,,,,,,
Spectral,Power & Frequency,power_abs-Delta-ch7,,,,,,
Spectral,Power & Frequency,power_abs-Delta-ch8,,,,,,
Spectral,Power & Frequency,power_abs-Delta-ch9,,,,,,
Spectral,Power & Frequency,power_abs-Gamma-avgch,,,,,,
Spectral,Power & Frequency,power_abs-Gamma-ch1,,,,,,
Spectral,Power & Frequency,power_abs-Gamma-ch10,,,,,,
Spectral,Power & Frequency,power_abs-Gamma-ch11,,,,,,
Spectral,Power & Frequency,power_abs-Gamma-ch12,,,,,,
Spectral,Power & Frequency,power_abs-Gamma-ch13,,,,,,
Spectral,Power & Frequency,power_abs-Gamma-ch14,,,,,,
Spectral,Power & Frequency,power_abs-Gamma-ch15,,,,,,
Spectral,Power & Frequency,power_abs-Gamma-ch16,,,,,,
Spectral,Power & Frequency,power_abs-Gamma-ch17,,,,,,
Spectral,Power & Frequency,power_abs-Gamma-ch18,,,,,,
Spectral,Power & Frequency,power_abs-Gamma-ch19,,,,,,
Spectral,Power & Frequency,power_abs-Gamma-ch2,,,,,,
Spectral,Power & Frequency,power_abs-Gamma-ch3,,,,,,
Spectral,Power & Frequency,power_abs-Gamma-ch4,,,,,,
Spectral,Power & Frequency,power_abs-Gamma-ch5,,,,,,
Spectral,Power & Frequency,power_abs-Gamma-ch6,,,,,,
Spectral,Power & Frequency,power_abs-Gamma-ch7,,,,,,
Spectral,Power & Frequency,power_abs-Gamma-ch8,,,,,,
Spectral,Power & Frequency,power_abs-Gamma-ch9,,,,,,
Spectral,Power & Frequency,power_abs-Theta-avgch,,,,,,
Spectral,Power & Frequency,power_abs-Theta-ch1,,,,,,
Spectral,Power & Frequency,power_abs-Theta-ch10,,,,,,
Spectral,Power & Frequency,power_abs-Theta-ch11,,,,,,
Spectral,Power & Frequency,power_abs-Theta-ch12,,,,,,
Spectral,Power & Frequency,power_abs-Theta-ch13,,,,,,
Spectral,Power & Frequency,power_abs-Theta-ch14,,,,,,
Spectral,Power & Frequency,power_abs-Theta-ch15,,,,,,
Spectral,Power & Frequency,power_abs-Theta-ch16,,,,,,
Spectral,Power & Frequency,power_abs-Theta-ch17,,,,,,
Spectral,Power & Frequency,power_abs-Theta-ch18,,,,,,
Spectral,Power & Frequency,power_abs-Theta-ch19,,,,,,
Spectral,Power & Frequency,power_abs-Theta-ch2,,,,,,
Spectral,Power & Frequency,power_abs-Theta-ch3,,,,,,
Spectral,Power & Frequency,power_abs-Theta-ch4,,,,,,
Spectral,Power & Frequency,power_abs-Theta-ch5,,,,,,
Spectral,Power & Frequency,power_abs-Theta-ch6,,,,,,
Spectral,Power & Frequency,power_abs-Theta-ch7,,,,,,
Spectral,Power & Frequency,power_abs-Theta-ch8,,,,,,
Spectral,Power & Frequency,power_abs-Theta-ch9,,,,,,
Spectral,Power & Frequency,power_rel-Alpha-avgch,,,,,,
Spectral,Power & Frequency,power_rel-Alpha-ch1,,,,,,
Spectral,Power & Frequency,power_rel-Alpha-ch10,,,,,,
Spectral,Power & Frequency,power_rel-Alpha-ch11,,,,,,
Spectral,Power & Frequency,power_rel-Alpha-ch12,,,,,,
Spectral,Power & Frequency,power_rel-Alpha-ch13,,,,,,
Spectral,Power & Frequency,power_rel-Alpha-ch14,,,,,,
Spectral,Power & Frequency,power_rel-Alpha-ch15,,,,,,
Spectral,Power & Frequency,power_rel-Alpha-ch16,,,,,,
Spectral,Power & Frequency,power_rel-Alpha-ch17,,,,,,
Spectral,Power & Frequency,power_rel-Alpha-ch18,,,,,,
Spectral,Power & Frequency,power_rel-Alpha-ch19,,,,,,
Spectral,Power & Frequency,power_rel-Alpha-ch2,,,,,,
Spectral,Power & Frequency,power_rel-Alpha-ch3,,,,,,
Spectral,Power & Frequency,power_rel-Alpha-ch4,,,,,,
Spectral,Power & Frequency,power_rel-Alpha-ch5,,,,,,
Spectral,Power & Frequency,power_rel-Alpha-ch6,,,,,,
Spectral,Power & Frequency,power_rel-Alpha-ch7,,,,,,
Spectral,Power & Frequency,power_rel-Alpha-ch8,,,,,,
Spectral,Power & Frequency,power_rel-Alpha-ch9,,,,,,
Spectral,Power & Frequency,power_rel-Beta-avgch,,,,,,
Spectral,Power & Frequency,power_rel-Beta-ch1,,,,,,
Spectral,Power & Frequency,power_rel-Beta-ch10,,,,,,
Spectral,Power & Frequency,power_rel-Beta-ch11,,,,,,
Spectral,Power & Frequency,power_rel-Beta-ch12,,,,,,
Spectral,Power & Frequency,power_rel-Beta-ch13,,,,,,
Spectral,Power & Frequency,power_rel-Beta-ch14,,,,,,
Spectral,Power & Frequency,power_rel-Beta-ch15,,,,,,
Spectral,Power & Frequency,power_rel-Beta-ch16,,,,,,
Spectral,Power & Frequency,power_rel-Beta-ch17,,,,,,
Spectral,Power & Frequency,power_rel-Beta-ch18,,,,,,
Spectral,Power & Frequency,power_rel-Beta-ch19,,,,,,
Spectral,Power & Frequency,power_rel-Beta-ch2,,,,,,
Spectral,Power & Frequency,power_rel-Beta-ch3,,,,,,
Spectral,Power & Frequency,power_rel-Beta-ch4,,,,,,
Spectral,Power & Frequency,power_rel-Beta-ch5,,,,,,
Spectral,Power & Frequency,power_rel-Beta-ch6,,,,,,
Spectral,Power & Frequency,power_rel-Beta-ch7,,,,,,
Spectral,Power & Frequency,power_rel-Beta-ch8,,,,,,
Spectral,Power & Frequency,power_rel-Beta-ch9,,,,,,
Spectral,Power & Frequency,power_rel-Delta-avgch,,,,,,
Spectral,Power & Frequency,power_rel-Delta-ch1,,,,,,
Spectral,Power & Frequency,power_rel-Delta-ch10,,,,,,
Spectral,Power & Frequency,power_rel-Delta-ch11,,,,,,
Spectral,Power & Frequency,power_rel-Delta-ch12,,,,,,
Spectral,Power & Frequency,power_rel-Delta-ch13,,,,,,
Spectral,Power & Frequency,power_rel-Delta-ch14,,,,,,
Spectral,Power & Frequency,power_rel-Delta-ch15,,,,,,
Spectral,Power & Frequency,power_rel-Delta-ch16,,,,,,
Spectral,Power & Frequency,power_rel-Delta-ch17,,,,,,
Spectral,Power & Frequency,power_rel-Delta-ch18,,,,,,
Spectral,Power & Frequency,power_rel-Delta-ch19,,,,,,
Spectral,Power & Frequency,power_rel-Delta-ch2,,,,,,
Spectral,Power & Frequency,power_rel-Delta-ch3,,,,,,
Spectral,Power & Frequency,power_rel-Delta-ch4,,,,,,
Spectral,Power & Frequency,power_rel-Delta-ch5,,,,,,
Spectral,Power & Frequency,power_rel-Delta-ch6,,,,,,
Spectral,Power & Frequency,power_rel-Delta-ch7,,,,,,
Spectral,Power & Frequency,power_rel-Delta-ch8,,,,,,
Spectral,Power & Frequency,power_rel-Delta-ch9,,,,,,
Spectral,Power & Frequency,power_rel-Gamma-avgch,,,,,,
Spectral,Power & Frequency,power_rel-Gamma-ch1,,,,,,
Spectral,Power & Frequency,power_rel-Gamma-ch10,,,,,,
Spectral,Power & Frequency,power_rel-Gamma-ch11,,,,,,
Spectral,Power & Frequency,power_rel-Gamma-ch12,,,,,,
Spectral,Power & Frequency,power_rel-Gamma-ch13,,,,,,
Spectral,Power & Frequency,power_rel-Gamma-ch14,,,,,,
Spectral,Power & Frequency,power_rel-Gamma-ch15,,,,,,
Spectral,Power & Frequency,power_rel-Gamma-ch16,,,,,,
Spectral,Power & Frequency,power_rel-Gamma-ch17,,,,,,
Spectral,Power & Frequency,power_rel-Gamma-ch18,,,,,,
Spectral,Power & Frequency,power_rel-Gamma-ch19,,,,,,
Spectral,Power & Frequency,power_rel-Gamma-ch2,,,,,,
Spectral,Power & Frequency,power_rel-Gamma-ch3,,,,,,
Spectral,Power & Frequency,power_rel-Gamma-ch4,,,,,,
Spectral,Power & Frequency,power_rel-Gamma-ch5,,,,,,
Spectral,Power & Frequency,power_rel-Gamma-ch6,,,,,,
Spectral,Power & Frequency,power_rel-Gamma-ch7,,,,,,
Spectral,Power & Frequency,power_rel-Gamma-ch8,,,,,,
Spectral,Power & Frequency,power_rel-Gamma-ch9,,,,,,
Spectral,Power & Frequency,power_rel-Theta-avgch,,,,,,
Spectral,Power & Frequency,power_rel-Theta-ch1,,,,,,
Spectral,Power & Frequency,power_rel-Theta-ch10,,,,,,
Spectral,Power & Frequency,power_rel-Theta-ch11,,,,,,
Spectral,Power & Frequency,power_rel-Theta-ch12,,,,,,
Spectral,Power & Frequency,power_rel-Theta-ch13,,,,,,
Spectral,Power & Frequency,power_rel-Theta-ch14,,,,,,
Spectral,Power & Frequency,power_rel-Theta-ch15,,,,,,
Spectral,Power & Frequency,power_rel-Theta-ch16,,,,,,
Spectral,Power & Frequency,power_rel-Theta-ch17,,,,,,
Spectral,Power & Frequency,power_rel-Theta-ch18,,,,,,
Spectral,Power & Frequency,power_rel-Theta-ch19,,,,,,
Spectral,Power & Frequency,power_rel-Theta-ch2,,,,,,
Spectral,Power & Frequency,power_rel-Theta-ch3,,,,,,
Spectral,Power & Frequency,power_rel-Theta-ch4,,,,,,
Spectral,Power & Frequency,power_rel-Theta-ch5,,,,,,
Spectral,Power & Frequency,power_rel-Theta-ch6,,,,,,
Spectral,Power & Frequency,power_rel-Theta-ch7,,,,,,
Spectral,Power & Frequency,power_rel-Theta-ch8,,,,,,
Spectral,Power & Frequency,power_rel-Theta-ch9,,,,,,
Spectral,Power & Frequency,power_t-Alpha-avgch,,,,,,
Spectral,Power & Frequency,power_t-Alpha-ch1,,,,,,
Spectral,Power & Frequency,power_t-Alpha-ch10,,,,,,
Spectral,Power & Frequency,power_t-Alpha-ch11,,,,,,
Spectral,Power & Frequency,power_t-Alpha-ch12,,,,,,
Spectral,Power & Frequency,power_t-Alpha-ch13,,,,,,
Spectral,Power & Frequency,power_t-Alpha-ch14,,,,,,
Spectral,Power & Frequency,power_t-Alpha-ch15,,,,,,
Spectral,Power & Frequency,power_t-Alpha-ch16,,,,,,
Spectral,Power & Frequency,power_t-Alpha-ch17,,,,,,
Spectral,Power & Frequency,power_t-Alpha-ch18,,,,,,
Spectral,Power & Frequency,power_t-Alpha-ch19,,,,,,
Spectral,Power & Frequency,power_t-Alpha-ch2,,,,,,
Spectral,Power & Frequency,power_t-Alpha-ch3,,,,,,
Spectral,Power & Frequency,power_t-Alpha-ch4,,,,,,
Spectral,Power & Frequency,power_t-Alpha-ch5,,,,,,
Spectral,Power & Frequency,power_t-Alpha-ch6,,,,,,
Spectral,Power & Frequency,power_t-Alpha-ch7,,,,,,
Spectral,Power & Frequency,power_t-Alpha-ch8,,,,,,
Spectral,Power & Frequency,power_t-Alpha-ch9,,,,,,
Spectral,Power & Frequency,power_t-Beta-avgch,,,,,,
Spectral,Power & Frequency,power_t-Beta-ch1,,,,,,
Spectral,Power & Frequency,power_t-Beta-ch10,,,,,,
Spectral,Power & Frequency,power_t-Beta-ch11,,,,,,
Spectral,Power & Frequency,power_t-Beta-ch12,,,,,,
Spectral,Power & Frequency,power_t-Beta-ch13,,,,,,
Spectral,Power & Frequency,power_t-Beta-ch14,,,,,,
Spectral,Power & Frequency,power_t-Beta-ch15,,,,,,
Spectral,Power & Frequency,power_t-Beta-ch16,,,,,,
Spectral,Power & Frequency,power_t-Beta-ch17,,,,,,
Spectral,Power & Frequency,power_t-Beta-ch18,,,,,,
Spectral,Power & Frequency,power_t-Beta-ch19,,,,,,
Spectral,Power & Frequency,power_t-Beta-ch2,,,,,,
Spectral,Power & Frequency,power_t-Beta-ch3,,,,,,
Spectral,Power & Frequency,power_t-Beta-ch4,,,,,,
Spectral,Power & Frequency,power_t-Beta-ch5,,,,,,
Spectral,Power & Frequency,power_t-Beta-ch6,,,,,,
Spectral,Power & Frequency,power_t-Beta-ch7,,,,,,
Spectral,Power & Frequency,power_t-Beta-ch8,,,,,,
Spectral,Power & Frequency,power_t-Beta-ch9,,,,,,
Spectral,Power & Frequency,power_t-Broadband-avgch,,,,,,
Spectral,Power & Frequency,power_t-Broadband-ch1,,,,,,
Spectral,Power & Frequency,power_t-Broadband-ch10,,,,,,
Spectral,Power & Frequency,power_t-Broadband-ch11,,,,,,
Spectral,Power & Frequency,power_t-Broadband-ch12,,,,,,
Spectral,Power & Frequency,power_t-Broadband-ch13,,,,,,
Spectral,Power & Frequency,power_t-Broadband-ch14,,,,,,
Spectral,Power & Frequency,power_t-Broadband-ch15,,,,,,
Spectral,Power & Frequency,power_t-Broadband-ch16,,,,,,
Spectral,Power & Frequency,power_t-Broadband-ch17,,,,,,
Spectral,Power & Frequency,power_t-Broadband-ch18,,,,,,
Spectral,Power & Frequency,power_t-Broadband-ch19,,,,,,
Spectral,Power & Frequency,power_t-Broadband-ch2,,,,,,
Spectral,Power & Frequency,power_t-Broadband-ch3,,,,,,
Spectral,Power & Frequency,power_t-Broadband-ch4,,,,,,
Spectral,Power & Frequency,power_t-Broadband-ch5,,,,,,
Spectral,Power & Frequency,power_t-Broadband-ch6,,,,,,
Spectral,Power & Frequency,power_t-Broadband-ch7,,,,,,
Spectral,Power & Frequency,power_t-Broadband-ch8,,,,,,
Spectral,Power & Frequency,power_t-Broadband-ch9,,,,,,
Spectral,Power & Frequency,power_t-Delta-avgch,,,,,,
Spectral,Power & Frequency,power_t-Delta-ch1,,,,,,
Spectral,Power & Frequency,power_t-Delta-ch10,,,,,,
Spectral,Power & Frequency,power_t-Delta-ch11,,,,,,
Spectral,Power & Frequency,power_t-Delta-ch12,,,,,,
Spectral,Power & Frequency,power_t-Delta-ch13,,,,,,
Spectral,Power & Frequency,power_t-Delta-ch14,,,,,,
Spectral,Power & Frequency,power_t-Delta-ch15,,,,,,
Spectral,Power & Frequency,power_t-Delta-ch16,,,,,,
Spectral,Power & Frequency,power_t-Delta-ch17,,,,,,
Spectral,Power & Frequency,power_t-Delta-ch18,,,,,,
Spectral,Power & Frequency,power_t-Delta-ch19,,,,,,
Spectral,Power & Frequency,power_t-Delta-ch2,,,,,,
Spectral,Power & Frequency,power_t-Delta-ch3,,,,,,
Spectral,Power & Frequency,power_t-Delta-ch4,,,,,,
Spectral,Power & Frequency,power_t-Delta-ch5,,,,,,
Spectral,Power & Frequency,power_t-Delta-ch6,,,,,,
Spectral,Power & Frequency,power_t-Delta-ch7,,,,,,
Spectral,Power & Frequency,power_t-Delta-ch8,,,,,,
Spectral,Power & Frequency,power_t-Delta-ch9,,,,,,
Spectral,Power & Frequency,power_t-Gamma-avgch,,,,,,
Spectral,Power & Frequency,power_t-Gamma-ch1,,,,,,
Spectral,Power & Frequency,power_t-Gamma-ch10,,,,,,
Spectral,Power & Frequency,power_t-Gamma-ch11,,,,,,
Spectral,Power & Frequency,power_t-Gamma-ch12,,,,,,
Spectral,Power & Frequency,power_t-Gamma-ch13,,,,,,
Spectral,Power & Frequency,power_t-Gamma-ch14,,,,,,
Spectral,Power & Frequency,power_t-Gamma-ch15,,,,,,
Spectral,Power & Frequency,power_t-Gamma-ch16,,,,,,
Spectral,Power & Frequency,power_t-Gamma-ch17,,,,,,
Spectral,Power & Frequency,power_t-Gamma-ch18,,,,,,
Spectral,Power & Frequency,power_t-Gamma-ch19,,,,,,
Spectral,Power & Frequency,power_t-Gamma-ch2,,,,,,
Spectral,Power & Frequency,power_t-Gamma-ch3,,,,,,
Spectral,Power & Frequency,power_t-Gamma-ch4,,,,,,
Spectral,Power & Frequency,power_t-Gamma-ch5,,,,,,
Spectral,Power & Frequency,power_t-Gamma-ch6,,,,,,
Spectral,Power & Frequency,power_t-Gamma-ch7,,,,,,
Spectral,Power & Frequency,power_t-Gamma-ch8,,,,,,
Spectral,Power & Frequency,power_t-Gamma-ch9,,,,,,
Spectral,Power & Frequency,power_t-Theta-avgch,,,,,,
Spectral,Power & Frequency,power_t-Theta-ch1,,,,,,
Spectral,Power & Frequency,power_t-Theta-ch10,,,,,,
Spectral,Power & Frequency,power_t-Theta-ch11,,,,,,
Spectral,Power & Frequency,power_t-Theta-ch12,,,,,,
Spectral,Power & Frequency,power_t-Theta-ch13,,,,,,
Spectral,Power & Frequency,power_t-Theta-ch14,,,,,,
Spectral,Power & Frequency,power_t-Theta-ch15,,,,,,
Spectral,Power & Frequency,power_t-Theta-ch16,,,,,,
Spectral,Power & Frequency,power_t-Theta-ch17,,,,,,
Spectral,Power & Frequency,power_t-Theta-ch18,,,,,,
Spectral,Power & Frequency,power_t-Theta-ch19,,,,,,
Spectral,Power & Frequency,power_t-Theta-ch2,,,,,,
Spectral,Power & Frequency,power_t-Theta-ch3,,,,,,
Spectral,Power & Frequency,power_t-Theta-ch4,,,,,,
Spectral,Power & Frequency,power_t-Theta-ch5,,,,,,
Spectral,Power & Frequency,power_t-Theta-ch6,,,,,,
Spectral,Power & Frequency,power_t-Theta-ch7,,,,,,
Spectral,Power & Frequency,power_t-Theta-ch8,,,,,,
Spectral,Power & Frequency,power_t-Theta-ch9,,,,,,
Complexity,Entropy,samp_ent-avgch,,,,,,
Complexity,Entropy,samp_ent-ch1,,,,,,
Complexity,Entropy,samp_ent-ch10,,,,,,
Complexity,Entropy,samp_ent-ch11,,,,,,
Complexity,Entropy,samp_ent-ch12,,,,,,
Complexity,Entropy,samp_ent-ch13,,,,,,
Complexity,Entropy,samp_ent-ch14,,,,,,
Complexity,Entropy,samp_ent-ch15,,,,,,
Complexity,Entropy,samp_ent-ch16,,,,,,
Complexity,Entropy,samp_ent-ch17,,,,,,
Complexity,Entropy,samp_ent-ch18,,,,,,
Complexity,Entropy,samp_ent-ch19,,,,,,
Complexity,Entropy,samp_ent-ch2,,,,,,
Complexity,Entropy,samp_ent-ch3,,,,,,
Complexity,Entropy,samp_ent-ch4,,,,,,
Complexity,Entropy,samp_ent-ch5,,,,,,
Complexity,Entropy,samp_ent-ch6,,,,,,
Complexity,Entropy,samp_ent-ch7,,,,,,
Complexity,Entropy,samp_ent-ch8,,,,,,
Complexity,Entropy,samp_ent-ch9,,,,,,
Complexity,Others,SB_BinaryStats_diff_longstretch0-avgch,,,,,,
Complexity,Others,SB_BinaryStats_diff_longstretch0-ch1,,,,,,
Complexity,Others,SB_BinaryStats_diff_longstretch0-ch10,,,,,,
Complexity,Others,SB_BinaryStats_diff_longstretch0-ch11,,,,,,
Complexity,Others,SB_BinaryStats_diff_longstretch0-ch12,,,,,,
Complexity,Others,SB_BinaryStats_diff_longstretch0-ch13,,,,,,
Complexity,Others,SB_BinaryStats_diff_longstretch0-ch14,,,,,,
Complexity,Others,SB_BinaryStats_diff_longstretch0-ch15,,,,,,
Complexity,Others,SB_BinaryStats_diff_longstretch0-ch16,,,,,,
Complexity,Others,SB_BinaryStats_diff_longstretch0-ch17,,,,,,
Complexity,Others,SB_BinaryStats_diff_longstretch0-ch18,,,,,,
Complexity,Others,SB_BinaryStats_diff_longstretch0-ch19,,,,,,
Complexity,Others,SB_BinaryStats_diff_longstretch0-ch2,,,,,,
Complexity,Others,SB_BinaryStats_diff_longstretch0-ch3,,,,,,
Complexity,Others,SB_BinaryStats_diff_longstretch0-ch4,,,,,,
Complexity,Others,SB_BinaryStats_diff_longstretch0-ch5,,,,,,
Complexity,Others,SB_BinaryStats_diff_longstretch0-ch6,,,,,,
Complexity,Others,SB_BinaryStats_diff_longstretch0-ch7,,,,,,
Complexity,Others,SB_BinaryStats_diff_longstretch0-ch8,,,,,,
Complexity,Others,SB_BinaryStats_diff_longstretch0-ch9,,,,,,
Complexity,Others,SB_BinaryStats_mean_longstretch1-avgch,,,,,,
Complexity,Others,SB_BinaryStats_mean_longstretch1-ch1,,,,,,
Complexity,Others,SB_BinaryStats_mean_longstretch1-ch10,,,,,,
Complexity,Others,SB_BinaryStats_mean_longstretch1-ch11,,,,,,
Complexity,Others,SB_BinaryStats_mean_longstretch1-ch12,,,,,,
Complexity,Others,SB_BinaryStats_mean_longstretch1-ch13,,,,,,
Complexity,Others,SB_BinaryStats_mean_longstretch1-ch14,,,,,,
Complexity,Others,SB_BinaryStats_mean_longstretch1-ch15,,,,,,
Complexity,Others,SB_BinaryStats_mean_longstretch1-ch16,,,,,,
Complexity,Others,SB_BinaryStats_mean_longstretch1-ch17,,,,,,
Complexity,Others,SB_BinaryStats_mean_longstretch1-ch18,,,,,,
Complexity,Others,SB_BinaryStats_mean_longstretch1-ch19,,,,,,
Complexity,Others,SB_BinaryStats_mean_longstretch1-ch2,,,,,,
Complexity,Others,SB_BinaryStats_mean_longstretch1-ch3,,,,,,
Complexity,Others,SB_BinaryStats_mean_longstretch1-ch4,,,,,,
Complexity,Others,SB_BinaryStats_mean_longstretch1-ch5,,,,,,
Complexity,Others,SB_BinaryStats_mean_longstretch1-ch6,,,,,,
Complexity,Others,SB_BinaryStats_mean_longstretch1-ch7,,,,,,
Complexity,Others,SB_BinaryStats_mean_longstretch1-ch8,,,,,,
Complexity,Others,SB_BinaryStats_mean_longstretch1-ch9,,,,,,
Complexity,Others,SB_MotifThree_quantile_hh-avgch,,,,,,
Complexity,Others,SB_MotifThree_quantile_hh-ch1,,,,,,
Complexity,Others,SB_MotifThree_quantile_hh-ch10,,,,,,
Complexity,Others,SB_MotifThree_quantile_hh-ch11,,,,,,
Complexity,Others,SB_MotifThree_quantile_hh-ch12,,,,,,
Complexity,Others,SB_MotifThree_quantile_hh-ch13,,,,,,
Complexity,Others,SB_MotifThree_quantile_hh-ch14,,,,,,
Complexity,Others,SB_MotifThree_quantile_hh-ch15,,,,,,
Complexity,Others,SB_MotifThree_quantile_hh-ch16,,,,,,
Complexity,Others,SB_MotifThree_quantile_hh-ch17,,,,,,
Complexity,Others,SB_MotifThree_quantile_hh-ch18,,,,,,
Complexity,Others,SB_MotifThree_quantile_hh-ch19,,,,,,
Complexity,Others,SB_MotifThree_quantile_hh-ch2,,,,,,
Complexity,Others,SB_MotifThree_quantile_hh-ch3,,,,,,
Complexity,Others,SB_MotifThree_quantile_hh-ch4,,,,,,
Complexity,Others,SB_MotifThree_quantile_hh-ch5,,,,,,
Complexity,Others,SB_MotifThree_quantile_hh-ch6,,,,,,
Complexity,Others,SB_MotifThree_quantile_hh-ch7,,,,,,
Complexity,Others,SB_MotifThree_quantile_hh-ch8,,,,,,
Complexity,Others,SB_MotifThree_quantile_hh-ch9,,,,,,
Complexity,Others,SB_TransitionMatrix_3ac_sumdiagcov-avgch,,,,,,
Complexity,Others,SB_TransitionMatrix_3ac_sumdiagcov-ch1,,,,,,
Complexity,Others,SB_TransitionMatrix_3ac_sumdiagcov-ch10,,,,,,
Complexity,Others,SB_TransitionMatrix_3ac_sumdiagcov-ch11,,,,,,
Complexity,Others,SB_TransitionMatrix_3ac_sumdiagcov-ch12,,,,,,
Complexity,Others,SB_TransitionMatrix_3ac_sumdiagcov-ch13,,,,,,
Complexity,Others,SB_TransitionMatrix_3ac_sumdiagcov-ch14,,,,,,
Complexity,Others,SB_TransitionMatrix_3ac_sumdiagcov-ch15,,,,,,
Complexity,Others,SB_TransitionMatrix_3ac_sumdiagcov-ch16,,,,,,
Complexity,Others,SB_TransitionMatrix_3ac_sumdiagcov-ch17,,,,,,
Complexity,Others,SB_TransitionMatrix_3ac_sumdiagcov-ch18,,,,,,
Complexity,Others,SB_TransitionMatrix_3ac_sumdiagcov-ch19,,,,,,
Complexity,Others,SB_TransitionMatrix_3ac_sumdiagcov-ch2,,,,,,
Complexity,Others,SB_TransitionMatrix_3ac_sumdiagcov-ch3,,,,,,
Complexity,Others,SB_TransitionMatrix_3ac_sumdiagcov-ch4,,,,,,
Complexity,Others,SB_TransitionMatrix_3ac_sumdiagcov-ch5,,,,,,
Complexity,Others,SB_TransitionMatrix_3ac_sumdiagcov-ch6,,,,,,
Complexity,Others,SB_TransitionMatrix_3ac_sumdiagcov-ch7,,,,,,
Complexity,Others,SB_TransitionMatrix_3ac_sumdiagcov-ch8,,,,,,
Complexity,Others,SB_TransitionMatrix_3ac_sumdiagcov-ch9,,,,,,
Complexity,Others,SC_FluctAnal_2_dfa_50_1_2_logi_prop_r1-avgch,,,,,,
Complexity,Others,SC_FluctAnal_2_dfa_50_1_2_logi_prop_r1-ch1,,,,,,
Complexity,Others,SC_FluctAnal_2_dfa_50_1_2_logi_prop_r1-ch10,,,,,,
Complexity,Others,SC_FluctAnal_2_dfa_50_1_2_logi_prop_r1-ch11,,,,,,
Complexity,Others,SC_FluctAnal_2_dfa_50_1_2_logi_prop_r1-ch12,,,,,,
Complexity,Others,SC_FluctAnal_2_dfa_50_1_2_logi_prop_r1-ch13,,,,,,
Complexity,Others,SC_FluctAnal_2_dfa_50_1_2_logi_prop_r1-ch14,,,,,,
Complexity,Others,SC_FluctAnal_2_dfa_50_1_2_logi_prop_r1-ch15,,,,,,
Complexity,Others,SC_FluctAnal_2_dfa_50_1_2_logi_prop_r1-ch16,,,,,,
Complexity,Others,SC_FluctAnal_2_dfa_50_1_2_logi_prop_r1-ch17,,,,,,
Complexity,Others,SC_FluctAnal_2_dfa_50_1_2_logi_prop_r1-ch18,,,,,,
Complexity,Others,SC_FluctAnal_2_dfa_50_1_2_logi_prop_r1-ch19,,,,,,
Complexity,Others,SC_FluctAnal_2_dfa_50_1_2_logi_prop_r1-ch2,,,,,,
Complexity,Others,SC_FluctAnal_2_dfa_50_1_2_logi_prop_r1-ch3,,,,,,
Complexity,Others,SC_FluctAnal_2_dfa_50_1_2_logi_prop_r1-ch4,,,,,,
Complexity,Others,SC_FluctAnal_2_dfa_50_1_2_logi_prop_r1-ch5,,,,,,
Complexity,Others,SC_FluctAnal_2_dfa_50_1_2_logi_prop_r1-ch6,,,,,,
Complexity,Others,SC_FluctAnal_2_dfa_50_1_2_logi_prop_r1-ch7,,,,,,
Complexity,Others,SC_FluctAnal_2_dfa_50_1_2_logi_prop_r1-ch8,,,,,,
Complexity,Others,SC_FluctAnal_2_dfa_50_1_2_logi_prop_r1-ch9,,,,,,
Complexity,Others,SC_FluctAnal_2_rsrangefit_50_1_logi_prop_r1-avgch,,,,,,
Complexity,Others,SC_FluctAnal_2_rsrangefit_50_1_logi_prop_r1-ch1,,,,,,
Complexity,Others,SC_FluctAnal_2_rsrangefit_50_1_logi_prop_r1-ch10,,,,,,
Complexity,Others,SC_FluctAnal_2_rsrangefit_50_1_logi_prop_r1-ch11,,,,,,
Complexity,Others,SC_FluctAnal_2_rsrangefit_50_1_logi_prop_r1-ch12,,,,,,
Complexity,Others,SC_FluctAnal_2_rsrangefit_50_1_logi_prop_r1-ch13,,,,,,
Complexity,Others,SC_FluctAnal_2_rsrangefit_50_1_logi_prop_r1-ch14,,,,,,
Complexity,Others,SC_FluctAnal_2_rsrangefit_50_1_logi_prop_r1-ch15,,,,,,
Complexity,Others,SC_FluctAnal_2_rsrangefit_50_1_logi_prop_r1-ch16,,,,,,
Complexity,Others,SC_FluctAnal_2_rsrangefit_50_1_logi_prop_r1-ch17,,,,,,
Complexity,Others,SC_FluctAnal_2_rsrangefit_50_1_logi_prop_r1-ch18,,,,,,
Complexity,Others,SC_FluctAnal_2_rsrangefit_50_1_logi_prop_r1-ch19,,,,,,
Complexity,Others,SC_FluctAnal_2_rsrangefit_50_1_logi_prop_r1-ch2,,,,,,
Complexity,Others,SC_FluctAnal_2_rsrangefit_50_1_logi_prop_r1-ch3,,,,,,
Complexity,Others,SC_FluctAnal_2_rsrangefit_50_1_logi_prop_r1-ch4,,,,,,
Complexity,Others,SC_FluctAnal_2_rsrangefit_50_1_logi_prop_r1-ch5,,,,,,
Complexity,Others,SC_FluctAnal_2_rsrangefit_50_1_logi_prop_r1-ch6,,,,,,
Complexity,Others,SC_FluctAnal_2_rsrangefit_50_1_logi_prop_r1-ch7,,,,,,
Complexity,Others,SC_FluctAnal_2_rsrangefit_50_1_logi_prop_r1-ch8,,,,,,
Complexity,Others,SC_FluctAnal_2_rsrangefit_50_1_logi_prop_r1-ch9,,,,,,
Morphological,Statistical,skew_t-Alpha-avgch,,,,,,
Morphological,Statistical,skew_t-Alpha-ch1,,,,,,
Morphological,Statistical,skew_t-Alpha-ch10,,,,,,
Morphological,Statistical,skew_t-Alpha-ch11,,,,,,
Morphological,Statistical,skew_t-Alpha-ch12,,,,,,
Morphological,Statistical,skew_t-Alpha-ch13,,,,,,
Morphological,Statistical,skew_t-Alpha-ch14,,,,,,
Morphological,Statistical,skew_t-Alpha-ch15,,,,,,
Morphological,Statistical,skew_t-Alpha-ch16,,,,,,
Morphological,Statistical,skew_t-Alpha-ch17,,,,,,
Morphological,Statistical,skew_t-Alpha-ch18,,,,,,
Morphological,Statistical,skew_t-Alpha-ch19,,,,,,
Morphological,Statistical,skew_t-Alpha-ch2,,,,,,
Morphological,Statistical,skew_t-Alpha-ch3,,,,,,
Morphological,Statistical,skew_t-Alpha-ch4,,,,,,
Morphological,Statistical,skew_t-Alpha-ch5,,,,,,
Morphological,Statistical,skew_t-Alpha-ch6,,,,,,
Morphological,Statistical,skew_t-Alpha-ch7,,,,,,
Morphological,Statistical,skew_t-Alpha-ch8,,,,,,
Morphological,Statistical,skew_t-Alpha-ch9,,,,,,
Morphological,Statistical,skew_t-Beta-avgch,,,,,,
Morphological,Statistical,skew_t-Beta-ch1,,,,,,
Morphological,Statistical,skew_t-Beta-ch10,,,,,,
Morphological,Statistical,skew_t-Beta-ch11,,,,,,
Morphological,Statistical,skew_t-Beta-ch12,,,,,,
Morphological,Statistical,skew_t-Beta-ch13,,,,,,
Morphological,Statistical,skew_t-Beta-ch14,,,,,,
Morphological,Statistical,skew_t-Beta-ch15,,,,,,
Morphological,Statistical,skew_t-Beta-ch16,,,,,,
Morphological,Statistical,skew_t-Beta-ch17,,,,,,
Morphological,Statistical,skew_t-Beta-ch18,,,,,,
Morphological,Statistical,skew_t-Beta-ch19,,,,,,
Morphological,Statistical,skew_t-Beta-ch2,,,,,,
Morphological,Statistical,skew_t-Beta-ch3,,,,,,
Morphological,Statistical,skew_t-Beta-ch4,,,,,,
Morphological,Statistical,skew_t-Beta-ch5,,,,,,
Morphological,Statistical,skew_t-Beta-ch6,,,,,,
Morphological,Statistical,skew_t-Beta-ch7,,,,,,
Morphological,Statistical,skew_t-Beta-ch8,,,,,,
Morphological,Statistical,skew_t-Beta-ch9,,,,,,
Morphological,Statistical,skew_t-Broadband-avgch,,,,,,
Morphological,Statistical,skew_t-Broadband-ch1,,,,,,
Morphological,Statistical,skew_t-Broadband-ch10,,,,,,
Morphological,Statistical,skew_t-Broadband-ch11,,,,,,
Morphological,Statistical,skew_t-Broadband-ch12,,,,,,
Morphological,Statistical,skew_t-Broadband-ch13,,,,,,
Morphological,Statistical,skew_t-Broadband-ch14,,,,,,
Morphological,Statistical,skew_t-Broadband-ch15,,,,,,
Morphological,Statistical,skew_t-Broadband-ch16,,,,,,
Morphological,Statistical,skew_t-Broadband-ch17,,,,,,
Morphological,Statistical,skew_t-Broadband-ch18,,,,,,
Morphological,Statistical,skew_t-Broadband-ch19,,,,,,
Morphological,Statistical,skew_t-Broadband-ch2,,,,,,
Morphological,Statistical,skew_t-Broadband-ch3,,,,,,
Morphological,Statistical,skew_t-Broadband-ch4,,,,,,
Morphological,Statistical,skew_t-Broadband-ch5,,,,,,
Morphological,Statistical,skew_t-Broadband-ch6,,,,,,
Morphological,Statistical,skew_t-Broadband-ch7,,,,,,
Morphological,Statistical,skew_t-Broadband-ch8,,,,,,
Morphological,Statistical,skew_t-Broadband-ch9,,,,,,
Morphological,Statistical,skew_t-Delta-avgch,,,,,,
Morphological,Statistical,skew_t-Delta-ch1,,,,,,
Morphological,Statistical,skew_t-Delta-ch10,,,,,,
Morphological,Statistical,skew_t-Delta-ch11,,,,,,
Morphological,Statistical,skew_t-Delta-ch12,,,,,,
Morphological,Statistical,skew_t-Delta-ch13,,,,,,
Morphological,Statistical,skew_t-Delta-ch14,,,,,,
Morphological,Statistical,skew_t-Delta-ch15,,,,,,
Morphological,Statistical,skew_t-Delta-ch16,,,,,,
Morphological,Statistical,skew_t-Delta-ch17,,,,,,
Morphological,Statistical,skew_t-Delta-ch18,,,,,,
Morphological,Statistical,skew_t-Delta-ch19,,,,,,
Morphological,Statistical,skew_t-Delta-ch2,,,,,,
Morphological,Statistical,skew_t-Delta-ch3,,,,,,
Morphological,Statistical,skew_t-Delta-ch4,,,,,,
Morphological,Statistical,skew_t-Delta-ch5,,,,,,
Morphological,Statistical,skew_t-Delta-ch6,,,,,,
Morphological,Statistical,skew_t-Delta-ch7,,,,,,
Morphological,Statistical,skew_t-Delta-ch8,,,,,,
Morphological,Statistical,skew_t-Delta-ch9,,,,,,
Morphological,Statistical,skew_t-Gamma-avgch,,,,,,
Morphological,Statistical,skew_t-Gamma-ch1,,,,,,
Morphological,Statistical,skew_t-Gamma-ch10,,,,,,
Morphological,Statistical,skew_t-Gamma-ch11,,,,,,
Morphological,Statistical,skew_t-Gamma-ch12,,,,,,
Morphological,Statistical,skew_t-Gamma-ch13,,,,,,
Morphological,Statistical,skew_t-Gamma-ch14,,,,,,
Morphological,Statistical,skew_t-Gamma-ch15,,,,,,
Morphological,Statistical,skew_t-Gamma-ch16,,,,,,
Morphological,Statistical,skew_t-Gamma-ch17,,,,,,
Morphological,Statistical,skew_t-Gamma-ch18,,,,,,
Morphological,Statistical,skew_t-Gamma-ch19,,,,,,
Morphological,Statistical,skew_t-Gamma-ch2,,,,,,
Morphological,Statistical,skew_t-Gamma-ch3,,,,,,
Morphological,Statistical,skew_t-Gamma-ch4,,,,,,
Morphological,Statistical,skew_t-Gamma-ch5,,,,,,
Morphological,Statistical,skew_t-Gamma-ch6,,,,,,
Morphological,Statistical,skew_t-Gamma-ch7,,,,,,
Morphological,Statistical,skew_t-Gamma-ch8,,,,,,
Morphological,Statistical,skew_t-Gamma-ch9,,,,,,
Morphological,Statistical,skew_t-Theta-avgch,,,,,,
Morphological,Statistical,skew_t-Theta-ch1,,,,,,
Morphological,Statistical,skew_t-Theta-ch10,,,,,,
Morphological,Statistical,skew_t-Theta-ch11,,,,,,
Morphological,Statistical,skew_t-Theta-ch12,,,,,,
Morphological,Statistical,skew_t-Theta-ch13,,,,,,
Morphological,Statistical,skew_t-Theta-ch14,,,,,,
Morphological,Statistical,skew_t-Theta-ch15,,,,,,
Morphological,Statistical,skew_t-Theta-ch16,,,,,,
Morphological,Statistical,skew_t-Theta-ch17,,,,,,
Morphological,Statistical,skew_t-Theta-ch18,,,,,,
Morphological,Statistical,skew_t-Theta-ch19,,,,,,
Morphological,Statistical,skew_t-Theta-ch2,,,,,,
Morphological,Statistical,skew_t-Theta-ch3,,,,,,
Morphological,Statistical,skew_t-Theta-ch4,,,,,,
Morphological,Statistical,skew_t-Theta-ch5,,,,,,
Morphological,Statistical,skew_t-Theta-ch6,,,,,,
Morphological,Statistical,skew_t-Theta-ch7,,,,,,
Morphological,Statistical,skew_t-Theta-ch8,,,,,,
Morphological,Statistical,skew_t-Theta-ch9,,,,,,
Spectral,Power & Frequency,SP_Summaries_welch_rect_area_5_1-avgch,,,,,,
Spectral,Power & Frequency,SP_Summaries_welch_rect_area_5_1-ch1,,,,,,
Spectral,Power & Frequency,SP_Summaries_welch_rect_area_5_1-ch10,,,,,,
Spectral,Power & Frequency,SP_Summaries_welch_rect_area_5_1-ch11,,,,,,
Spectral,Power & Frequency,SP_Summaries_welch_rect_area_5_1-ch12,,,,,,
Spectral,Power & Frequency,SP_Summaries_welch_rect_area_5_1-ch13,,,,,,
Spectral,Power & Frequency,SP_Summaries_welch_rect_area_5_1-ch14,,,,,,
Spectral,Power & Frequency,SP_Summaries_welch_rect_area_5_1-ch15,,,,,,
Spectral,Power & Frequency,SP_Summaries_welch_rect_area_5_1-ch16,,,,,,
Spectral,Power & Frequency,SP_Summaries_welch_rect_area_5_1-ch17,,,,,,
Spectral,Power & Frequency,SP_Summaries_welch_rect_area_5_1-ch18,,,,,,
Spectral,Power & Frequency,SP_Summaries_welch_rect_area_5_1-ch19,,,,,,
Spectral,Power & Frequency,SP_Summaries_welch_rect_area_5_1-ch2,,,,,,
Spectral,Power & Frequency,SP_Summaries_welch_rect_area_5_1-ch3,,,,,,
Spectral,Power & Frequency,SP_Summaries_welch_rect_area_5_1-ch4,,,,,,
Spectral,Power & Frequency,SP_Summaries_welch_rect_area_5_1-ch5,,,,,,
Spectral,Power & Frequency,SP_Summaries_welch_rect_area_5_1-ch6,,,,,,
Spectral,Power & Frequency,SP_Summaries_welch_rect_area_5_1-ch7,,,,,,
Spectral,Power & Frequency,SP_Summaries_welch_rect_area_5_1-ch8,,,,,,
Spectral,Power & Frequency,SP_Summaries_welch_rect_area_5_1-ch9,,,,,,
Spectral,Power & Frequency,SP_Summaries_welch_rect_centroid-avgch,,,,,,
Spectral,Power & Frequency,SP_Summaries_welch_rect_centroid-ch1,,,,,,
Spectral,Power & Frequency,SP_Summaries_welch_rect_centroid-ch10,,,,,,
Spectral,Power & Frequency,SP_Summaries_welch_rect_centroid-ch11,,,,,,
Spectral,Power & Frequency,SP_Summaries_welch_rect_centroid-ch12,,,,,,
Spectral,Power & Frequency,SP_Summaries_welch_rect_centroid-ch13,,,,,,
Spectral,Power & Frequency,SP_Summaries_welch_rect_centroid-ch14,,,,,,
Spectral,Power & Frequency,SP_Summaries_welch_rect_centroid-ch15,,,,,,
Spectral,Power & Frequency,SP_Summaries_welch_rect_centroid-ch16,,,,,,
Spectral,Power & Frequency,SP_Summaries_welch_rect_centroid-ch17,,,,,,
Spectral,Power & Frequency,SP_Summaries_welch_rect_centroid-ch18,,,,,,
Spectral,Power & Frequency,SP_Summaries_welch_rect_centroid-ch19,,,,,,
Spectral,Power & Frequency,SP_Summaries_welch_rect_centroid-ch2,,,,,,
Spectral,Power & Frequency,SP_Summaries_welch_rect_centroid-ch3,,,,,,
Spectral,Power & Frequency,SP_Summaries_welch_rect_centroid-ch4,,,,,,
Spectral,Power & Frequency,SP_Summaries_welch_rect_centroid-ch5,,,,,,
Spectral,Power & Frequency,SP_Summaries_welch_rect_centroid-ch6,,,,,,
Spectral,Power & Frequency,SP_Summaries_welch_rect_centroid-ch7,,,,,,
Spectral,Power & Frequency,SP_Summaries_welch_rect_centroid-ch8,,,,,,
Spectral,Power & Frequency,SP_Summaries_welch_rect_centroid-ch9,,,,,,
Complexity,Entropy,spect_ent-avgch,,,,,,
Complexity,Entropy,spect_ent-ch1,,,,,,
Complexity,Entropy,spect_ent-ch10,,,,,,
Complexity,Entropy,spect_ent-ch11,,,,,,
Complexity,Entropy,spect_ent-ch12,,,,,,
Complexity,Entropy,spect_ent-ch13,,,,,,
Complexity,Entropy,spect_ent-ch14,,,,,,
Complexity,Entropy,spect_ent-ch15,,,,,,
Complexity,Entropy,spect_ent-ch16,,,,,,
Complexity,Entropy,spect_ent-ch17,,,,,,
Complexity,Entropy,spect_ent-ch18,,,,,,
Complexity,Entropy,spect_ent-ch19,,,,,,
Complexity,Entropy,spect_ent-ch2,,,,,,
Complexity,Entropy,spect_ent-ch3,,,,,,
Complexity,Entropy,spect_ent-ch4,,,,,,
Complexity,Entropy,spect_ent-ch5,,,,,,
Complexity,Entropy,spect_ent-ch6,,,,,,
Complexity,Entropy,spect_ent-ch7,,,,,,
Complexity,Entropy,spect_ent-ch8,,,,,,
Complexity,Entropy,spect_ent-ch9,,,,,,
Spectral,Frequency Ratios,theta_alpha_ratio-avgch,,,,,,
Spectral,Frequency Ratios,theta_alpha_ratio-ch1,,,,,,
Spectral,Frequency Ratios,theta_alpha_ratio-ch10,,,,,,
Spectral,Frequency Ratios,theta_alpha_ratio-ch11,,,,,,
Spectral,Frequency Ratios,theta_alpha_ratio-ch12,,,,,,
Spectral,Frequency Ratios,theta_alpha_ratio-ch13,,,,,,
Spectral,Frequency Ratios,theta_alpha_ratio-ch14,,,,,,
Spectral,Frequency Ratios,theta_alpha_ratio-ch15,,,,,,
Spectral,Frequency Ratios,theta_alpha_ratio-ch16,,,,,,
Spectral,Frequency Ratios,theta_alpha_ratio-ch17,,,,,,
Spectral,Frequency Ratios,theta_alpha_ratio-ch18,,,,,,
Spectral,Frequency Ratios,theta_alpha_ratio-ch19,,,,,,
Spectral,Frequency Ratios,theta_alpha_ratio-ch2,,,,,,
Spectral,Frequency Ratios,theta_alpha_ratio-ch3,,,,,,
Spectral,Frequency Ratios,theta_alpha_ratio-ch4,,,,,,
Spectral,Frequency Ratios,theta_alpha_ratio-ch5,,,,,,
Spectral,Frequency Ratios,theta_alpha_ratio-ch6,,,,,,
Spectral,Frequency Ratios,theta_alpha_ratio-ch7,,,,,,
Spectral,Frequency Ratios,theta_alpha_ratio-ch8,,,,,,
Spectral,Frequency Ratios,theta_alpha_ratio-ch9,,,,,,
Spectral,Frequency Ratios,theta_beta_ratio-avgch,,,,,,
Spectral,Frequency Ratios,theta_beta_ratio-ch1,,,,,,
Spectral,Frequency Ratios,theta_beta_ratio-ch10,,,,,,
Spectral,Frequency Ratios,theta_beta_ratio-ch11,,,,,,
Spectral,Frequency Ratios,theta_beta_ratio-ch12,,,,,,
Spectral,Frequency Ratios,theta_beta_ratio-ch13,,,,,,
Spectral,Frequency Ratios,theta_beta_ratio-ch14,,,,,,
Spectral,Frequency Ratios,theta_beta_ratio-ch15,,,,,,
Spectral,Frequency Ratios,theta_beta_ratio-ch16,,,,,,
Spectral,Frequency Ratios,theta_beta_ratio-ch17,,,,,,
Spectral,Frequency Ratios,theta_beta_ratio-ch18,,,,,,
Spectral,Frequency Ratios,theta_beta_ratio-ch19,,,,,,
Spectral,Frequency Ratios,theta_beta_ratio-ch2,,,,,,
Spectral,Frequency Ratios,theta_beta_ratio-ch3,,,,,,
Spectral,Frequency Ratios,theta_beta_ratio-ch4,,,,,,
Spectral,Frequency Ratios,theta_beta_ratio-ch5,,,,,,
Spectral,Frequency Ratios,theta_beta_ratio-ch6,,,,,,
Spectral,Frequency Ratios,theta_beta_ratio-ch7,,,,,,
Spectral,Frequency Ratios,theta_beta_ratio-ch8,,,,,,
Spectral,Frequency Ratios,theta_beta_ratio-ch9,,,,,,
