Category,Feature,Class,Composite_Shape_Weight,Sex_Pvalue,Sex_Beta,Effect_Size_Beta,Effect_Size_Pvalue,Relative_Strength,Interaction_Beta,Interaction_Pvalue,Direction,Best_Model,Best_Weight
Spectral,theta_beta_ratio-ch9,Inverse,1,0.000768468,0.146661242,11.15348407,2.68E-72,0.5764,-3.582651344,0.002615348,Decreasing (Drop) (Divergent),Inverse_Interactive,1
Spectral,theta_beta_ratio-ch8,Inverse,1,0.003218342,0.119587242,14.4002128,2.19E-127,0.7593,-2.735904647,0.013640316,Decreasing (Drop) (Divergent),Inverse_Interactive,1
Spectral,theta_beta_ratio-ch7,Inverse,1,0.004208227,0.113230709,15.30880929,3.84E-147,0.8105,-3.036807973,0.004958715,Decreasing (Drop) (Divergent),Inverse_Interactive,1
Spectral,theta_beta_ratio-ch6,Inverse,1,0.027040019,0.085296257,16.1255207,1.20E-166,0.8565,-3.529732837,0.000811159,Decreasing (Drop) (Divergent),Inverse_Interactive,1
Spectral,theta_beta_ratio-ch5,Inverse,1,0.05100457,0.078871027,14.59511814,4.40E-131,0.7703,-2.705726387,0.01435557,Decreasing (Drop) (Divergent),Inverse_Interactive,1
Spectral,theta_beta_ratio-ch4,Inverse,1,0.000604955,0.139979688,14.16926563,6.62E-123,0.7463,-4.218453513,0.000151688,Decreasing (Drop) (Divergent),Inverse_Interactive,1
Spectral,theta_beta_ratio-ch3,Inverse,1,0.018133399,0.097819255,13.65624731,1.51E-112,0.7174,-2.716168579,0.016397375,Decreasing (Drop) (Divergent),Inverse_Interactive,1
Spectral,theta_beta_ratio-ch2,Inverse,1,0.000179753,0.152728571,14.1963747,1.33E-123,0.7479,-3.391653982,0.002303768,Decreasing (Drop) (Divergent),Inverse_Interactive,1
Spectral,theta_beta_ratio-ch19,Inverse,1,0.001460626,0.12094036,16.53470895,7.22E-178,0.8796,-4.173815826,5.67E-05,Decreasing (Drop) (Divergent),Inverse_Interactive,1
Spectral,theta_beta_ratio-ch18,Inverse,1,0.002189005,0.109789847,18.04433128,7.50E-223,0.9646,-3.328833598,0.000668796,Decreasing (Drop) (Divergent),Inverse_Interactive,1
Spectral,theta_beta_ratio-ch17,Inverse,1,0.16322662,0.059186294,12.59746068,1.07E-93,0.6578,-4.064976762,0.000457847,Decreasing (Drop) (Divergent),Inverse_Interactive,1
Spectral,theta_beta_ratio-ch16,Inverse,1,0.00540668,0.117374985,12.82035991,9.48E-98,0.6703,-2.090270811,0.06998983,Decreasing (Drop) (Divergent),Inverse_Interactive,1
Spectral,theta_beta_ratio-ch15,Inverse,1,0.011212477,0.10306237,14.37252824,1.17E-126,0.7578,-2.263028122,0.041683254,Decreasing (Drop) (Divergent),Inverse_Interactive,1
Spectral,theta_beta_ratio-ch14,Inverse,1,0.000510568,0.134799742,15.91674083,4.97E-162,0.8448,-1.546086577,0.144687947,Decreasing (Drop) (Divergent),Inverse_Interactive,1
Spectral,theta_beta_ratio-ch13,Inverse,1,0.027356808,0.085841741,15.86797197,3.48E-160,0.842,-1.088774823,0.306376685,Decreasing (Drop) (Parallel),Inverse_Additive,1
Spectral,theta_beta_ratio-ch12,Inverse,1,0.0003251,0.140855527,15.5909774,3.78E-154,0.8264,-2.760710095,0.009881181,Decreasing (Drop) (Divergent),Inverse_Interactive,1
Spectral,theta_beta_ratio-ch11,Inverse,1,0.048594892,0.08063355,14.16233005,3.18E-122,0.7459,-2.33526802,0.03677085,Decreasing (Drop) (Divergent),Inverse_Interactive,1
Spectral,theta_beta_ratio-ch10,Inverse,1,0.000581154,0.143202883,13.38097519,7.65E-108,0.7019,-3.83882154,0.000727255,Decreasing (Drop) (Divergent),Inverse_Interactive,1
Spectral,theta_beta_ratio-ch1,Inverse,1,0.022426613,0.09875361,11.6378751,6.06E-79,0.6037,-2.601474563,0.027839415,Decreasing (Drop) (Divergent),Inverse_Interactive,1
Spectral,theta_beta_ratio-avgch,Inverse,1,0.001516117,0.121127638,16.39279988,4.51E-174,0.8716,-3.188215382,0.002235132,Decreasing (Drop) (Divergent),Inverse_Interactive,1
Spectral,theta_alpha_ratio-ch9,Quadratic,0.9703,0.798463992,0.012092521,0.000387606,2.19E-10,0.5123,-2.73E-05,0.32556517,Accelerating Up (U) (Parallel),Quadratic_Additive,0.9703
Spectral,theta_alpha_ratio-ch8,Inverse,0.9941,0.994256671,-0.00033929,4.776846353,1.42E-13,0.2172,3.756706058,0.003566371,Decreasing (Drop) (Divergent),Inverse_Interactive,0.9941
Spectral,theta_alpha_ratio-ch7,Inverse,0.9612,0.847261617,-0.009002645,5.909202597,4.11E-20,0.281,1.823591009,0.154077267,Decreasing (Drop) (Divergent),Inverse_Interactive,0.9612
Spectral,theta_alpha_ratio-ch6,Inverse,0.999,0.191582732,-0.06070347,6.52024797,2.83E-24,0.3154,2.757249531,0.030143639,Decreasing (Drop) (Divergent),Inverse_Interactive,0.999
Spectral,theta_alpha_ratio-ch5,Inverse,0.9991,0.387680487,-0.040021174,6.87670996,6.82E-27,0.3355,1.894368274,0.135207939,Decreasing (Drop) (Divergent),Inverse_Interactive,0.9991
Spectral,theta_alpha_ratio-ch4,Quadratic,0.5687,0.201391776,-0.058733617,0.000657758,5.19E-28,0.9755,1.18E-05,0.660430553,Accelerating Up (U) (Parallel),Quadratic_Additive,0.5687
Spectral,theta_alpha_ratio-ch3,Inverse,1,0.576026243,-0.025176566,9.284802009,6.32E-49,0.4712,1.066525036,0.386910637,Decreasing (Drop) (Parallel),Inverse_Additive,1
Spectral,theta_alpha_ratio-ch2,Inverse,0.9823,0.782775651,0.012029904,11.23092085,6.98E-73,0.5808,-0.292215703,0.806782228,Decreasing (Drop) (Parallel),Inverse_Additive,0.9823
Spectral,theta_alpha_ratio-ch19,Inverse,0.7785,0.673797503,-0.019855064,4.670183864,4.95E-13,0.2112,3.401010868,0.008391898,Decreasing (Drop) (Divergent),Inverse_Interactive,0.7785
Spectral,theta_alpha_ratio-ch18,Inverse,1,0.458831856,-0.033134535,9.734431562,6.16E-54,0.4965,1.406757468,0.250615651,Decreasing (Drop) (Parallel),Inverse_Additive,1
Spectral,theta_alpha_ratio-ch17,Inverse,1,0.109996252,-0.072224288,9.003125585,5.58E-46,0.4553,0.50005907,0.686017389,Decreasing (Drop) (Parallel),Inverse_Additive,1
Spectral,theta_alpha_ratio-ch16,Inverse,0.9167,0.604739602,0.024405729,4.71006742,3.10E-13,0.2134,4.117819881,0.00140296,Decreasing (Drop) (Divergent),Inverse_Interactive,0.9167
Spectral,theta_alpha_ratio-ch15,Inverse,0.987,0.747912039,0.014963886,6.347949324,4.76E-23,0.3057,2.670322905,0.036094918,Decreasing (Drop) (Divergent),Inverse_Interactive,0.987
Spectral,theta_alpha_ratio-ch14,Inverse,1,0.821302634,0.010103755,9.724069634,8.06E-54,0.4959,1.875732457,0.125554764,Decreasing (Drop) (Divergent),Inverse_Interactive,1
Spectral,theta_alpha_ratio-ch13,Inverse,1,0.361858835,-0.039835721,11.16904588,5.04E-72,0.5773,0.588624224,0.62263352,Decreasing (Drop) (Parallel),Inverse_Additive,1
Spectral,theta_alpha_ratio-ch12,Inverse,1,0.889378492,-0.006194685,10.01619174,3.17E-57,0.5124,0.366186563,0.763969505,Decreasing (Drop) (Parallel),Inverse_Additive,1
Spectral,theta_alpha_ratio-ch11,Inverse,1,0.541772493,-0.026725603,11.02172572,5.29E-70,0.569,0.72565066,0.545138887,Decreasing (Drop) (Parallel),Inverse_Additive,1
Spectral,theta_alpha_ratio-ch10,Quadratic,0.9416,0.863498516,0.008178097,0.000325786,1.03E-07,0.4063,-2.49E-05,0.371455694,Accelerating Up (U) (Parallel),Quadratic_Additive,0.9416
Spectral,theta_alpha_ratio-ch1,Inverse,1,0.208367658,-0.056045169,9.997423089,5.00E-57,0.5113,0.258428959,0.832183772,Decreasing (Drop) (Parallel),Inverse_Additive,1
Spectral,theta_alpha_ratio-avgch,Inverse,1,0.630762499,-0.021604682,9.40083185,3.45E-50,0.4777,1.8608235,0.130426992,Decreasing (Drop) (Divergent),Inverse_Interactive,1
Complexity,spect_ent-ch9,Inverse,1,0.012128954,-0.114681814,-7.993631146,2.74E-36,0.3984,2.215263481,0.076416132,Increasing (Rise) (Divergent),Inverse_Interactive,1
Complexity,spect_ent-ch8,Inverse,1,0.005284636,-0.124262127,-9.890512502,5.16E-56,0.5053,2.631550817,0.030700728,Increasing (Rise) (Divergent),Inverse_Interactive,1
Complexity,spect_ent-ch7,Inverse,1,0.004540549,-0.125485877,-10.36458677,8.86E-62,0.532,2.127113995,0.078475002,Increasing (Rise) (Divergent),Inverse_Interactive,1
Complexity,spect_ent-ch6,Inverse,1,0.058551505,-0.082763531,-11.031131,2.64E-70,0.5695,1.646254069,0.169095292,Increasing (Rise) (Parallel),Inverse_Additive,1
Complexity,spect_ent-ch5,Inverse,1,0.495147146,-0.029000681,-12.5431104,1.04E-92,0.6547,0.569407744,0.624719037,Increasing (Rise) (Parallel),Inverse_Additive,1
Complexity,spect_ent-ch4,Inverse,1,0.009954642,-0.113777186,-10.48037462,3.45E-63,0.5385,2.868510168,0.017443705,Increasing (Rise) (Divergent),Inverse_Interactive,1
Complexity,spect_ent-ch3,Inverse,1,0.002250319,-0.136613152,-9.626936824,5.20E-53,0.4904,2.648741678,0.030197499,Increasing (Rise) (Divergent),Inverse_Interactive,1
Complexity,spect_ent-ch2,Inverse,1,0.000675912,-0.150744841,-10.14437287,3.54E-59,0.5196,3.190484822,0.008432527,Increasing (Rise) (Divergent),Inverse_Interactive,1
Complexity,spect_ent-ch19,Inverse,1,0.069058984,-0.079604622,-10.99319263,8.86E-70,0.5674,1.958082151,0.102149342,Increasing (Rise) (Divergent),Inverse_Interactive,1
Complexity,spect_ent-ch18,Inverse,1,0.103840089,-0.07115279,-11.05294593,1.46E-70,0.5708,2.015611551,0.09218427,Increasing (Rise) (Divergent),Inverse_Interactive,1
Complexity,spect_ent-ch17,Inverse,1,0.03518385,-0.094650069,-9.346382814,9.74E-50,0.4746,3.503625854,0.004339351,Increasing (Rise) (Divergent),Inverse_Interactive,1
Complexity,spect_ent-ch16,Inverse,1,0.007804267,-0.11920864,-9.515003888,1.11E-51,0.4841,2.232296542,0.068445136,Increasing (Rise) (Divergent),Inverse_Interactive,1
Complexity,spect_ent-ch15,Inverse,1,0.007943945,-0.115945881,-11.09093159,2.90E-71,0.5729,1.833890493,0.124705019,Increasing (Rise) (Divergent),Inverse_Interactive,1
Complexity,spect_ent-ch14,Inverse,1,0.030738331,-0.096882479,-9.489476255,2.53E-51,0.4827,1.269782086,0.300704522,Increasing (Rise) (Parallel),Inverse_Additive,1
Complexity,spect_ent-ch13,Inverse,1,0.179241069,-0.057931024,-11.81961982,1.80E-81,0.614,1.060748362,0.368942911,Increasing (Rise) (Parallel),Inverse_Additive,1
Complexity,spect_ent-ch12,Inverse,1,0.017818404,-0.102227828,-11.76523808,7.60E-81,0.6109,2.724557378,0.020902637,Increasing (Rise) (Divergent),Inverse_Interactive,1
Complexity,spect_ent-ch11,Inverse,1,0.008050982,-0.111742622,-12.85460108,2.72E-98,0.6723,2.495878273,0.030376173,Increasing (Rise) (Divergent),Inverse_Interactive,1
Complexity,spect_ent-ch10,Inverse,1,0.011815568,-0.114723064,-8.268935236,7.83E-39,0.4139,2.719369027,0.029049181,Increasing (Rise) (Divergent),Inverse_Interactive,1
Complexity,spect_ent-ch1,Inverse,1,0.006063034,-0.124679944,-8.494199469,5.12E-41,0.4266,3.905291081,0.001649412,Increasing (Rise) (Divergent),Inverse_Interactive,1
Complexity,spect_ent-avgch,Inverse,1,0.009996417,-0.111055541,-11.79506689,2.44E-81,0.6126,2.413679951,0.040586284,Increasing (Rise) (Divergent),Inverse_Interactive,1
Morphological,skew_t-Theta-ch9,Invariant,0.5279,0.876520682,-0.007435229,,,,,,Invariant,Null,0.5279
Morphological,skew_t-Theta-ch8,Invariant,0.3819,0.909844051,0.005418484,,,,,,Invariant,Null,0.3819
Morphological,skew_t-Theta-ch7,Linear,0.5801,0.590297624,0.02566491,-0.004485012,9.93E-05,0.2809,0.001060054,0.64509373,Decreasing (Parallel),Linear_Additive,0.5801
Morphological,skew_t-Theta-ch6,Quadratic,0.9138,0.92485205,-0.004473116,-0.000231788,0.000142037,0.2451,-3.01E-05,0.279128924,Accelerating Down (n) (Parallel),Quadratic_Additive,0.9138
Morphological,skew_t-Theta-ch5,Invariant,0.479,0.467707442,-0.034747951,,,,,,Invariant,Null,0.479
Morphological,skew_t-Theta-ch4,Linear,0.509,0.938581693,0.003683944,0.002555928,0.02677914,0.0901,-0.002244613,0.330835466,Increasing (Parallel),Linear_Additive,0.509
Morphological,skew_t-Theta-ch3,Linear,0.5505,0.208720942,-0.060010981,0.003515986,0.002288152,0.1851,0.002251896,0.328423255,Increasing (Parallel),Linear_Additive,0.5505
Morphological,skew_t-Theta-ch2,Invariant,0.3608,0.458970052,-0.03543349,,,,,,Invariant,Null,0.3608
Morphological,skew_t-Theta-ch19,Invariant,0.3556,0.746505281,-0.015467858,,,,,,Invariant,Null,0.3556
Morphological,skew_t-Theta-ch18,Quadratic,0.4797,0.557703444,0.027999488,-0.000143153,0.019477192,0.0931,-1.14E-06,0.967493285,Accelerating Down (n) (Parallel),Quadratic_Additive,0.4797
Morphological,skew_t-Theta-ch17,Invariant,0.4998,0.11584237,-0.075218716,,,,,,Invariant,Null,0.4998
Morphological,skew_t-Theta-ch16,Linear,0.3781,0.020411984,0.11082134,0.00218385,0.058126348,0.0533,-0.000887452,0.700349809,Increasing (Parallel),Linear_Additive,0.3781
Morphological,skew_t-Theta-ch15,Invariant,0.4468,0.044676207,0.096016338,,,,,,Invariant,Null,0.4468
Morphological,skew_t-Theta-ch14,Invariant,0.4343,0.226654974,0.057841624,,,,,,Invariant,Null,0.4343
Morphological,skew_t-Theta-ch13,Linear,0.5736,0.287394788,0.050796233,-0.003432855,0.002907684,0.1769,-0.000741343,0.747747347,Decreasing (Parallel),Linear_Additive,0.5736
Morphological,skew_t-Theta-ch12,Linear,0.6534,0.878727479,0.00728144,0.003909721,0.000696466,0.224,-0.000327822,0.886866598,Increasing (Parallel),Linear_Additive,0.6534
Morphological,skew_t-Theta-ch11,Invariant,0.4977,0.687996549,-0.019215607,,,,,,Invariant,Null,0.4977
Morphological,skew_t-Theta-ch10,Inverse,0.4832,0.755436355,0.014894614,-1.29617343,0.046369426,0.0211,-1.085496387,0.407051135,Increasing (Rise) (Parallel),Inverse_Additive,0.4832
Morphological,skew_t-Theta-ch1,Inverse,0.3548,0.228179717,-0.05761448,-1.270118905,0.050850294,0.0196,0.076316766,0.953504762,Increasing (Rise) (Parallel),Inverse_Additive,0.3548
Morphological,skew_t-Theta-avgch,Linear,0.4434,0.71828213,-0.017252805,0.002257189,0.050505894,0.0606,0.000487086,0.832935797,Increasing (Parallel),Linear_Additive,0.4434
Morphological,skew_t-Gamma-ch9,Invariant,0.4503,0.704591239,-0.018141633,,,,,,Invariant,Null,0.4503
Morphological,skew_t-Gamma-ch8,Invariant,0.5109,0.382907039,-0.041748567,,,,,,Invariant,Null,0.5109
Morphological,skew_t-Gamma-ch7,Linear,0.4445,0.707580031,0.017928634,-0.002798554,0.015290603,0.1141,0.001852295,0.422148621,Decreasing (Parallel),Linear_Additive,0.4445
Morphological,skew_t-Gamma-ch6,Invariant,0.4352,0.810500123,0.011473819,,,,,,Invariant,Null,0.4352
Morphological,skew_t-Gamma-ch5,Invariant,0.5039,0.373527414,0.042577702,,,,,,Invariant,Null,0.5039
Morphological,skew_t-Gamma-ch4,Invariant,0.4952,0.140040096,0.070590069,,,,,,Invariant,Null,0.4952
Morphological,skew_t-Gamma-ch3,Invariant,0.4998,0.907332011,0.005570135,,,,,,Invariant,Null,0.4998
Morphological,skew_t-Gamma-ch2,Inverse,0.4734,0.376644337,-0.042273326,1.291021431,0.047205642,0.0208,2.678776846,0.040618301,Decreasing (Drop) (Divergent),Inverse_Interactive,0.4734
Morphological,skew_t-Gamma-ch19,Inverse,0.4783,0.210442143,-0.059888332,1.156927871,0.075317566,0.0132,-0.860377551,0.51102712,Decreasing (Drop) (Parallel),Inverse_Additive,0.4783
Morphological,skew_t-Gamma-ch18,Invariant,0.5235,0.725873194,0.016777471,,,,,,Invariant,Null,0.5235
Morphological,skew_t-Gamma-ch17,Linear,0.3479,0.592524196,0.025604943,-0.001757023,0.127997165,0.0111,-0.000894389,0.698620938,Decreasing (Parallel),Linear_Additive,0.3479
Morphological,skew_t-Gamma-ch16,Invariant,0.5279,0.402725398,-0.040036547,,,,,,Invariant,Null,0.5279
Morphological,skew_t-Gamma-ch15,Invariant,0.3289,0.952510725,0.002849764,,,,,,Invariant,Null,0.3289
Morphological,skew_t-Gamma-ch14,Inverse,0.4715,0.356930704,-0.044059764,-1.110274472,0.087921693,0.0106,-1.920287166,0.142399845,Increasing (Rise) (Divergent),Inverse_Interactive,0.4715
Morphological,skew_t-Gamma-ch13,Invariant,0.4629,0.532512972,0.029866132,,,,,,Invariant,Null,0.4629
Morphological,skew_t-Gamma-ch12,Invariant,0.4765,0.265599688,-0.053261635,,,,,,Invariant,Null,0.4765
Morphological,skew_t-Gamma-ch11,Invariant,0.3935,0.615482114,-0.024033283,,,,,,Invariant,Null,0.3935
Morphological,skew_t-Gamma-ch10,Invariant,0.4304,0.309070071,-0.048666368,,,,,,Invariant,Null,0.4304
Morphological,skew_t-Gamma-ch1,Invariant,0.4499,0.16440708,-0.066514737,,,,,,Invariant,Null,0.4499
Morphological,skew_t-Gamma-avgch,Invariant,0.5134,0.678720235,-0.019820156,,,,,,Invariant,Null,0.5134
Morphological,skew_t-Delta-ch9,Inverse,0.3775,0.188517652,0.062851097,1.408855358,0.030273543,0.0274,-0.19184166,0.883434566,Decreasing (Drop) (Parallel),Inverse_Additive,0.3775
Morphological,skew_t-Delta-ch8,Inverse,0.5792,0.717848755,0.017272016,-1.500112629,0.021116431,0.0326,1.339404623,0.306081129,Increasing (Rise) (Parallel),Inverse_Additive,0.5792
Morphological,skew_t-Delta-ch7,Linear,0.4261,0.234543242,0.056850883,-0.00202603,0.079112281,0.0377,-0.001387264,0.547906711,Decreasing (Parallel),Linear_Additive,0.4261
Morphological,skew_t-Delta-ch6,Invariant,0.5322,0.530903549,-0.029983483,,,,,,Invariant,Null,0.5322
Morphological,skew_t-Delta-ch5,Invariant,0.3384,0.342189594,-0.045445966,,,,,,Invariant,Null,0.3384
Morphological,skew_t-Delta-ch4,Inverse,0.6809,0.246125451,-0.054665392,4.768013199,1.56E-13,0.2167,-1.75816946,0.17291729,Decreasing (Drop) (Parallel),Inverse_Additive,0.6809
Morphological,skew_t-Delta-ch3,Invariant,0.3811,0.693916824,-0.018831376,,,,,,Invariant,Null,0.3811
Morphological,skew_t-Delta-ch2,Inverse,0.6868,0.176618954,-0.064564617,1.585019515,0.014779581,0.0374,-1.277273764,0.328763222,Decreasing (Drop) (Parallel),Inverse_Additive,0.6868
Morphological,skew_t-Delta-ch19,Linear,0.3683,0.134693182,0.071548941,-0.001690397,0.142884433,0.0045,-0.001029134,0.655777677,Decreasing (Parallel),Linear_Additive,0.3683
Morphological,skew_t-Delta-ch18,Quadratic,0.4031,0.983109026,-0.001014373,-0.000127875,0.037479563,0.0669,2.12E-05,0.449500969,Accelerating Down (n) (Parallel),Quadratic_Additive,0.4031
Morphological,skew_t-Delta-ch17,Invariant,0.3995,0.225583384,-0.05797524,,,,,,Invariant,Null,0.3995
Morphological,skew_t-Delta-ch16,Linear,0.3147,0.327626292,0.046834533,0.001656874,0.151152457,0.0012,-0.001586215,0.492228732,Increasing (Parallel),Linear_Additive,0.3147
Morphological,skew_t-Delta-ch15,Invariant,0.5047,0.000568474,0.164629884,,,,,,Invariant,Null,0.5047
Morphological,skew_t-Delta-ch14,Invariant,0.4946,0.046991261,0.094998284,,,,,,Invariant,Null,0.4946
Morphological,skew_t-Delta-ch13,Invariant,0.4937,0.165986807,0.066266761,,,,,,Invariant,Null,0.4937
Morphological,skew_t-Delta-ch12,Quadratic,0.8147,0.026021972,-0.10600675,0.000289899,2.18E-06,0.3447,7.12E-06,0.798544441,Accelerating Up (U) (Parallel),Quadratic_Additive,0.8147
Morphological,skew_t-Delta-ch11,Invariant,0.4654,0.690990525,-0.019021142,,,,,,Invariant,Null,0.4654
Morphological,skew_t-Delta-ch10,Invariant,0.5155,0.082881824,0.08294912,,,,,,Invariant,Null,0.5155
Morphological,skew_t-Delta-ch1,Inverse,0.3946,0.24839239,-0.055205533,1.082904986,0.096006051,0.0091,-0.603821776,0.644682398,Decreasing (Drop) (Parallel),Inverse_Additive,0.3946
Morphological,skew_t-Delta-avgch,Invariant,0.466,0.657414958,0.021220899,,,,,,Invariant,Null,0.466
Morphological,skew_t-Broadband-ch9,Invariant,0.439,0.268445543,0.052945796,,,,,,Invariant,Null,0.439
Morphological,skew_t-Broadband-ch8,Inverse,0.6142,0.062018682,0.089137103,-1.645939696,0.011317162,0.0408,2.026132621,0.121040798,Increasing (Rise) (Divergent),Inverse_Interactive,0.6142
Morphological,skew_t-Broadband-ch7,Linear,0.4593,0.05076513,0.093354248,-0.002419565,0.035834981,0.0766,-0.000882496,0.701972308,Decreasing (Parallel),Linear_Additive,0.4593
Morphological,skew_t-Broadband-ch6,Linear,0.3208,0.811656746,0.011400412,0.001838928,0.111177946,0.0192,0.002484735,0.282025155,Increasing (Parallel),Linear_Additive,0.3208
Morphological,skew_t-Broadband-ch5,Invariant,0.3052,0.87040212,-0.007806859,,,,,,Invariant,Null,0.3052
Morphological,skew_t-Broadband-ch4,Quadratic,0.4451,0.59862441,-0.025206276,9.50E-05,0.121692706,0.0106,5.59E-05,0.046168762,Accelerating Up (U) (Divergent),Quadratic_Interactive,0.4451
Morphological,skew_t-Broadband-ch3,Invariant,0.4792,0.245632783,-0.05554621,,,,,,Invariant,Null,0.4792
Morphological,skew_t-Broadband-ch2,Quadratic,0.3556,0.211792093,-0.05981457,9.70E-05,0.114285864,0.014,4.29E-05,0.126173641,Accelerating Up (U) (Divergent),Quadratic_Interactive,0.3556
Morphological,skew_t-Broadband-ch19,Invariant,0.4215,0.217617807,0.058982966,,,,,,Invariant,Null,0.4215
Morphological,skew_t-Broadband-ch18,Inverse,0.5274,0.917678088,-0.004942413,1.312918705,0.043618498,0.022,-1.140333667,0.383756763,Decreasing (Drop) (Parallel),Inverse_Additive,0.5274
Morphological,skew_t-Broadband-ch17,Invariant,0.3658,0.053993578,-0.092156188,,,,,,Invariant,Null,0.3658
Morphological,skew_t-Broadband-ch16,Invariant,0.515,0.033451027,0.101697333,,,,,,Invariant,Null,0.515
Morphological,skew_t-Broadband-ch15,Inverse,0.3471,0.008883582,0.125017817,-1.231554155,0.057940647,0.0174,1.552280128,0.234898345,Increasing (Rise) (Parallel),Inverse_Additive,0.3471
Morphological,skew_t-Broadband-ch14,Invariant,0.4902,0.056474488,0.091223013,,,,,,Invariant,Null,0.4902
Morphological,skew_t-Broadband-ch13,Linear,0.3416,0.804382362,0.011851071,-0.001667225,0.148707799,0.0022,-0.000334857,0.884760059,Decreasing (Parallel),Linear_Additive,0.3416
Morphological,skew_t-Broadband-ch12,Quadratic,0.7988,0.865090271,-0.008113185,0.000240108,9.10E-05,0.2594,4.58E-06,0.870045465,Accelerating Up (U) (Parallel),Quadratic_Additive,0.7988
Morphological,skew_t-Broadband-ch11,Inverse,0.4496,0.235508685,-0.056683298,-1.579948704,0.015107528,0.0371,-1.335602265,0.307182267,Increasing (Rise) (Parallel),Inverse_Additive,0.4496
Morphological,skew_t-Broadband-ch10,Invariant,0.3732,0.033127634,0.101883847,,,,,,Invariant,Null,0.3732
Morphological,skew_t-Broadband-ch1,Linear,0.5515,0.150369067,-0.068738424,0.00257267,0.025704229,0.0918,0.004517554,0.050088011,Increasing (Divergent),Linear_Interactive,0.5515
Morphological,skew_t-Broadband-avgch,Quadratic,0.5015,0.590584045,0.025764444,0.000116613,0.057638013,0.0476,4.31E-05,0.124170479,Accelerating Up (U) (Divergent),Quadratic_Interactive,0.5015
Morphological,skew_t-Beta-ch9,Inverse,0.9144,0.503447066,0.031594713,4.472510974,4.60E-12,0.2,1.689713207,0.191152681,Decreasing (Drop) (Parallel),Inverse_Additive,0.9144
Morphological,skew_t-Beta-ch8,Invariant,0.3683,0.42417352,0.038239651,,,,,,Invariant,Null,0.3683
Morphological,skew_t-Beta-ch7,Inverse,0.8811,0.824232062,-0.010521965,3.935338355,1.23E-09,0.1698,1.929058335,0.136867472,Decreasing (Drop) (Divergent),Inverse_Interactive,0.8811
Morphological,skew_t-Beta-ch6,Linear,0.3699,0.889345777,-0.00665713,0.001702974,0.140192629,0.0058,0.000536339,0.816421368,Increasing (Parallel),Linear_Additive,0.3699
Morphological,skew_t-Beta-ch5,Linear,0.3743,0.597579293,-0.025247273,-0.002188335,0.057963463,0.0538,-0.001613303,0.48475754,Decreasing (Parallel),Linear_Additive,0.3743
Morphological,skew_t-Beta-ch4,Inverse,0.4076,0.412725892,-0.039139469,-1.62220227,0.012619055,0.0395,-1.48796342,0.255313353,Increasing (Rise) (Parallel),Inverse_Additive,0.4076
Morphological,skew_t-Beta-ch3,Invariant,0.3352,0.350200701,-0.044697479,,,,,,Invariant,Null,0.3352
Morphological,skew_t-Beta-ch2,Inverse,0.512,0.730625786,0.016461427,-1.373592521,0.034759158,0.0254,-2.210644372,0.091174015,Increasing (Rise) (Divergent),Inverse_Interactive,0.512
Morphological,skew_t-Beta-ch19,Invariant,0.511,0.027871237,0.105158061,,,,,,Invariant,Null,0.511
Morphological,skew_t-Beta-ch18,Invariant,0.3834,0.474317336,-0.034234038,,,,,,Invariant,Null,0.3834
Morphological,skew_t-Beta-ch17,Invariant,0.5099,0.33238547,-0.046377386,,,,,,Invariant,Null,0.5099
Morphological,skew_t-Beta-ch16,Linear,0.3918,0.123189547,0.073718604,0.002003097,0.082504143,0.0354,-0.004732784,0.040213922,Increasing (Divergent),Linear_Interactive,0.3918
Morphological,skew_t-Beta-ch15,Inverse,0.6615,0.260737623,0.053740207,1.57172774,0.015647932,0.0366,0.536935713,0.681478963,Decreasing (Drop) (Parallel),Inverse_Additive,0.6615
Morphological,skew_t-Beta-ch14,Linear,0.3813,0.968277163,-0.001902731,0.001797797,0.119410649,0.0151,-0.00216283,0.349101401,Increasing (Parallel),Linear_Additive,0.3813
Morphological,skew_t-Beta-ch13,Invariant,0.4044,0.543615169,-0.029061432,,,,,,Invariant,Null,0.4044
Morphological,skew_t-Beta-ch12,Linear,0.548,0.199425715,0.061321535,0.002794365,0.015405837,0.1137,0.001059885,0.645912559,Increasing (Parallel),Linear_Additive,0.548
Morphological,skew_t-Beta-ch11,Invariant,0.5224,0.431869317,-0.037607952,,,,,,Invariant,Null,0.5224
Morphological,skew_t-Beta-ch10,Inverse,0.7443,0.004021916,0.136755477,2.883313739,8.51E-06,0.1105,2.478139324,0.056550336,Decreasing (Drop) (Divergent),Inverse_Interactive,0.7443
Morphological,skew_t-Beta-ch1,Invariant,0.4766,0.004397117,-0.136132882,,,,,,Invariant,Null,0.4766
Morphological,skew_t-Beta-avgch,Quadratic,0.4889,0.075170116,0.085042755,0.000188777,0.002082357,0.1713,-1.44E-05,0.607627733,Accelerating Up (U) (Parallel),Quadratic_Additive,0.4889
Morphological,skew_t-Alpha-ch9,Invariant,0.5288,0.306249794,-0.048950841,,,,,,Invariant,Null,0.5288
Morphological,skew_t-Alpha-ch8,Linear,0.548,0.055413858,0.091218164,-0.004737114,3.85E-05,0.3059,-0.000568488,0.804614324,Decreasing (Parallel),Linear_Additive,0.548
Morphological,skew_t-Alpha-ch7,Linear,0.5817,0.748392629,-0.01530219,-0.004093266,0.000384106,0.2422,-0.003272968,0.155231541,Decreasing (Divergent),Linear_Interactive,0.5817
Morphological,skew_t-Alpha-ch6,Linear,0.4788,0.296391779,0.04993284,0.00225954,0.050211481,0.0608,-0.00402,0.081497332,Increasing (Divergent),Linear_Interactive,0.4788
Morphological,skew_t-Alpha-ch5,Invariant,0.5149,0.210423983,-0.059916087,,,,,,Invariant,Null,0.5149
Morphological,skew_t-Alpha-ch4,Inverse,0.3422,0.631550227,0.022939547,-1.060892815,0.103063326,0.0078,-1.609819499,0.218959888,Increasing (Rise) (Parallel),Inverse_Additive,0.3422
Morphological,skew_t-Alpha-ch3,Invariant,0.3352,0.676366854,0.01997403,,,,,,Invariant,Null,0.3352
Morphological,skew_t-Alpha-ch2,Invariant,0.506,0.549772627,-0.028618663,,,,,,Invariant,Null,0.506
Morphological,skew_t-Alpha-ch19,Invariant,0.5081,0.244386127,0.055693082,,,,,,Invariant,Null,0.5081
Morphological,skew_t-Alpha-ch18,Linear,0.4108,0.986647802,-0.000800279,0.002372974,0.039782963,0.072,0.004573104,0.047516938,Increasing (Divergent),Linear_Interactive,0.4108
Morphological,skew_t-Alpha-ch17,Inverse,0.3238,0.852541371,-0.008891956,1.048370271,0.107214007,0.0071,-1.018685406,0.436722056,Decreasing (Drop) (Parallel),Inverse_Additive,0.3238
Morphological,skew_t-Alpha-ch16,Linear,0.4729,0.371652349,0.042722722,0.002251212,0.051083396,0.06,-0.003065673,0.184128259,Increasing (Parallel),Linear_Additive,0.4729
Morphological,skew_t-Alpha-ch15,Inverse,0.3948,0.647090894,0.021902416,0.958855416,0.14067,0.0021,-0.891029275,0.496363186,Decreasing (Drop) (Parallel),Inverse_Additive,0.3948
Morphological,skew_t-Alpha-ch14,Inverse,0.6203,0.635870849,0.02253266,-2.966521481,4.87E-06,0.1152,2.368619846,0.068977279,Increasing (Rise) (Divergent),Inverse_Interactive,0.6203
Morphological,skew_t-Alpha-ch13,Linear,0.3508,0.865462468,-0.008106193,-0.00177121,0.124977471,0.0125,0.002083759,0.367014909,Decreasing (Parallel),Linear_Additive,0.3508
Morphological,skew_t-Alpha-ch12,Inverse,0.4203,0.447026873,0.036369556,1.088017588,0.094505645,0.0094,0.164462736,0.90006344,Decreasing (Drop) (Parallel),Inverse_Additive,0.4203
Morphological,skew_t-Alpha-ch11,Invariant,0.4837,0.674490082,-0.020096888,,,,,,Invariant,Null,0.4837
Morphological,skew_t-Alpha-ch10,Invariant,0.5196,0.791386663,0.012657134,,,,,,Invariant,Null,0.5196
Morphological,skew_t-Alpha-ch1,Invariant,0.5022,0.125050421,-0.07337588,,,,,,Invariant,Null,0.5022
Morphological,skew_t-Alpha-avgch,Invariant,0.4227,0.931116211,-0.004136319,,,,,,Invariant,Null,0.4227
Complexity,samp_ent-ch9,Inverse,1,0.0616173,-0.082438897,-10.56487939,3.78E-64,0.5433,2.518760021,0.036817556,Increasing (Rise) (Divergent),Inverse_Interactive,1
Complexity,samp_ent-ch8,Inverse,1,0.12641908,-0.067349128,-10.6349796,5.26E-65,0.5472,3.097657143,0.010156338,Increasing (Rise) (Divergent),Inverse_Interactive,1
Complexity,samp_ent-ch7,Inverse,1,0.1279929,-0.066149405,-11.41658922,1.30E-75,0.5913,2.574212289,0.030367375,Increasing (Rise) (Divergent),Inverse_Interactive,1
Complexity,samp_ent-ch6,Inverse,1,0.109797878,-0.068623318,-12.06780505,2.77E-85,0.6279,2.504112242,0.032911269,Increasing (Rise) (Divergent),Inverse_Interactive,1
Complexity,samp_ent-ch5,Inverse,1,0.356996579,-0.037696558,-14.1530853,8.35E-122,0.7454,1.651389537,0.140415454,Increasing (Rise) (Divergent),Inverse_Interactive,1
Complexity,samp_ent-ch4,Inverse,1,0.021189696,-0.098680068,-12.14998435,1.06E-86,0.6326,3.568747452,0.002287938,Increasing (Rise) (Divergent),Inverse_Interactive,1
Complexity,samp_ent-ch3,Inverse,1,0.009480801,-0.108386187,-13.26314664,2.06E-105,0.6953,2.685278147,0.018708854,Increasing (Rise) (Divergent),Inverse_Interactive,1
Complexity,samp_ent-ch2,Inverse,1,0.000139441,-0.167865288,-10.50249817,9.46E-64,0.5398,3.742735356,0.001856503,Increasing (Rise) (Divergent),Inverse_Interactive,1
Complexity,samp_ent-ch19,Inverse,1,0.444429933,-0.032553503,-12.48122256,1.04E-91,0.6512,3.099732863,0.00776359,Increasing (Rise) (Divergent),Inverse_Interactive,1
Complexity,samp_ent-ch18,Inverse,1,0.25085975,-0.048726537,-12.6192281,5.13E-94,0.659,2.925868043,0.011710146,Increasing (Rise) (Divergent),Inverse_Interactive,1
Complexity,samp_ent-ch17,Inverse,1,0.010482425,-0.109468927,-12.19497837,1.81E-87,0.6351,3.719159852,0.00145652,Increasing (Rise) (Divergent),Inverse_Interactive,1
Complexity,samp_ent-ch16,Inverse,1,0.221953318,-0.053315857,-11.18451471,2.58E-72,0.5782,2.66033518,0.025904221,Increasing (Rise) (Divergent),Inverse_Interactive,1
Complexity,samp_ent-ch15,Inverse,1,0.18010455,-0.056746029,-12.72380138,8.78E-96,0.6649,2.203362123,0.057144502,Increasing (Rise) (Divergent),Inverse_Interactive,1
Complexity,samp_ent-ch14,Inverse,1,0.060830072,-0.082153996,-10.94452882,3.93E-69,0.5647,1.734436433,0.148015554,Increasing (Rise) (Divergent),Inverse_Interactive,1
Complexity,samp_ent-ch13,Inverse,1,0.257029404,-0.048952086,-11.7584347,1.56E-80,0.6105,1.611906417,0.172691927,Increasing (Rise) (Parallel),Inverse_Additive,1
Complexity,samp_ent-ch12,Inverse,1,0.02603866,-0.092737945,-13.39172042,1.27E-107,0.7025,2.706816334,0.01750401,Increasing (Rise) (Divergent),Inverse_Interactive,1
Complexity,samp_ent-ch11,Inverse,1,0.012497257,-0.103281101,-13.69946603,2.11E-113,0.7199,3.031567659,0.007304995,Increasing (Rise) (Divergent),Inverse_Interactive,1
Complexity,samp_ent-ch10,Inverse,1,0.056119566,-0.083049155,-11.37924107,3.84E-75,0.5891,2.498759838,0.035621574,Increasing (Rise) (Divergent),Inverse_Interactive,1
Complexity,samp_ent-ch1,Inverse,1,0.00105016,-0.14389899,-10.74690112,8.75E-67,0.5535,3.780141753,0.00161719,Increasing (Rise) (Divergent),Inverse_Interactive,1
Complexity,samp_ent-avgch,Inverse,1,0.036231558,-0.087253966,-13.40242782,8.82E-108,0.7031,2.814667357,0.013476406,Increasing (Rise) (Divergent),Inverse_Interactive,1
Spectral,power_t-Theta-ch9,Quadratic,0.3769,0.604866636,0.024744799,-0.000104584,0.088170936,0.027,3.45E-05,0.218459172,Accelerating Down (n) (Parallel),Quadratic_Additive,0.3769
Spectral,power_t-Theta-ch8,Invariant,0.2928,0.887598602,0.0067635,,,,,,Invariant,Null,0.2928
Spectral,power_t-Theta-ch7,Invariant,0.4541,0.185946613,0.063276016,,,,,,Invariant,Null,0.4541
Spectral,power_t-Theta-ch6,Invariant,0.5113,0.331605676,0.046452223,,,,,,Invariant,Null,0.5113
Spectral,power_t-Theta-ch5,Quadratic,0.5115,0.272517598,0.05254307,-0.000143721,0.01929919,0.0941,-1.88E-05,0.503817032,Accelerating Down (n) (Parallel),Quadratic_Additive,0.5115
Spectral,power_t-Theta-ch4,Linear,0.4909,0.944566487,0.00331858,0.00382893,0.000898022,0.216,0.000302689,0.895502683,Increasing (Parallel),Linear_Additive,0.4909
Spectral,power_t-Theta-ch3,Linear,0.5221,0.967162151,-0.001966829,0.003150067,0.006323027,0.1489,0.003212101,0.163684363,Increasing (Parallel),Linear_Additive,0.5221
Spectral,power_t-Theta-ch2,Invariant,0.4637,0.18777548,0.063014118,,,,,,Invariant,Null,0.4637
Spectral,power_t-Theta-ch19,Inverse,0.6869,0.636843679,0.022525411,2.226441874,0.000613284,0.0735,-2.16448302,0.097427968,Decreasing (Drop) (Divergent),Inverse_Interactive,0.6869
Spectral,power_t-Theta-ch18,Invariant,0.3365,0.294344854,-0.050171219,,,,,,Invariant,Null,0.3365
Spectral,power_t-Theta-ch17,Quadratic,0.6822,0.458411014,0.03548817,-0.000171902,0.005132703,0.1424,2.62E-05,0.350769949,Accelerating Down (n) (Parallel),Quadratic_Additive,0.6822
Spectral,power_t-Theta-ch16,Inverse,0.4666,0.20240306,0.060924001,1.448040774,0.025962744,0.0296,0.808523577,0.536587732,Decreasing (Drop) (Parallel),Inverse_Additive,0.4666
Spectral,power_t-Theta-ch15,Inverse,0.3028,0.094427254,0.0799904,-0.940485996,0.148156204,0.001,-3.260914538,0.012661361,Increasing (Rise) (Divergent),Inverse_Interactive,0.3028
Spectral,power_t-Theta-ch14,Inverse,0.7497,0.313291935,0.048116016,2.13543851,0.001016184,0.0684,1.510499926,0.247515512,Decreasing (Drop) (Parallel),Inverse_Additive,0.7497
Spectral,power_t-Theta-ch13,Quadratic,0.354,0.377429223,-0.042292856,0.000117862,0.055130683,0.0497,-2.37E-05,0.398286055,Accelerating Up (U) (Parallel),Quadratic_Additive,0.354
Spectral,power_t-Theta-ch12,Linear,0.6951,0.715890392,0.01736558,0.004004828,0.000513125,0.2334,-0.002913725,0.205860563,Increasing (Parallel),Linear_Additive,0.6951
Spectral,power_t-Theta-ch11,Quadratic,0.6764,0.816865187,0.011052374,0.000222473,0.000284313,0.2291,-4.00E-05,0.152463857,Accelerating Up (U) (Divergent),Quadratic_Interactive,0.6764
Spectral,power_t-Theta-ch10,Invariant,0.3977,0.958038766,0.002517708,,,,,,Invariant,Null,0.3977
Spectral,power_t-Theta-ch1,Invariant,0.5023,0.214822839,0.059342826,,,,,,Invariant,Null,0.5023
Spectral,power_t-Theta-avgch,Linear,0.4222,0.005610258,0.132343585,0.002129387,0.064510842,0.0479,0.000443467,0.847410994,Increasing (Parallel),Linear_Additive,0.4222
Spectral,power_t-Gamma-ch9,Invariant,0.3793,0.953858987,0.002768765,,,,,,Invariant,Null,0.3793
Spectral,power_t-Gamma-ch8,Inverse,0.9205,0.716025041,-0.017311312,-2.968619224,4.80E-06,0.1153,0.670892101,0.606634506,Increasing (Rise) (Parallel),Inverse_Additive,0.9205
Spectral,power_t-Gamma-ch7,Inverse,0.9776,0.541447993,0.029011678,-3.346340182,2.47E-07,0.1366,2.78655425,0.032081104,Increasing (Rise) (Divergent),Inverse_Interactive,0.9776
Spectral,power_t-Gamma-ch6,Inverse,0.697,0.502928839,0.031959732,-2.246957773,0.000545367,0.0747,1.582821285,0.225539839,Increasing (Rise) (Parallel),Inverse_Additive,0.697
Spectral,power_t-Gamma-ch5,Quadratic,0.972,0.301320974,0.048666926,-0.000372572,8.25E-10,0.4865,-1.11E-05,0.688494255,Accelerating Down (n) (Parallel),Quadratic_Additive,0.972
Spectral,power_t-Gamma-ch4,Inverse,0.5075,0.753624397,-0.014942432,-2.863280907,1.03E-05,0.1094,0.744064255,0.568135221,Increasing (Rise) (Parallel),Inverse_Additive,0.5075
Spectral,power_t-Gamma-ch3,Inverse,0.6234,0.241113281,-0.055953495,-2.001407273,0.002073439,0.0608,0.335745157,0.797237945,Increasing (Rise) (Parallel),Inverse_Additive,0.6234
Spectral,power_t-Gamma-ch2,Invariant,0.5232,0.277366358,0.051970372,,,,,,Invariant,Null,0.5232
Spectral,power_t-Gamma-ch19,Quadratic,0.4634,0.664352444,0.020773577,-0.000161551,0.008549488,0.1247,-1.09E-05,0.697926407,Accelerating Down (n) (Parallel),Quadratic_Additive,0.4634
Spectral,power_t-Gamma-ch18,Inverse,0.5127,0.951195269,0.002926926,-1.276055692,0.049876544,0.02,0.545484501,0.676983265,Increasing (Rise) (Parallel),Inverse_Additive,0.5127
Spectral,power_t-Gamma-ch17,Quadratic,0.6549,0.61374944,-0.024088391,-0.000227724,0.000203453,0.2381,-6.73E-07,0.980799845,Accelerating Down (n) (Parallel),Quadratic_Additive,0.6549
Spectral,power_t-Gamma-ch16,Inverse,0.7304,0.275207396,0.05198101,-2.665569862,4.04E-05,0.0982,4.43943037,0.000650935,Increasing (Rise) (Divergent),Inverse_Interactive,0.7304
Spectral,power_t-Gamma-ch15,Inverse,0.9475,0.178296721,0.063375253,-4.917379837,2.57E-14,0.2251,1.519605877,0.238319051,Increasing (Rise) (Parallel),Inverse_Additive,0.9475
Spectral,power_t-Gamma-ch14,Invariant,0.5322,0.285000768,0.051152433,,,,,,Invariant,Null,0.5322
Spectral,power_t-Gamma-ch13,Linear,0.4746,0.433878493,0.037144973,0.006329665,3.69E-08,0.4634,-0.006372983,0.005369422,Increasing (Divergent),Linear_Interactive,0.4746
Spectral,power_t-Gamma-ch12,Linear,0.6237,0.636380088,0.02251289,0.005017651,1.32E-05,0.3336,-0.003067075,0.182110978,Increasing (Parallel),Linear_Additive,0.6237
Spectral,power_t-Gamma-ch11,Inverse,0.5739,0.898944532,-0.006065541,-1.857239894,0.004290843,0.0527,1.845394644,0.158120287,Increasing (Rise) (Parallel),Inverse_Additive,0.5739
Spectral,power_t-Gamma-ch10,Inverse,0.7739,0.164930327,0.066326024,-1.764991055,0.00662468,0.0475,3.282629739,0.011974195,Increasing (Rise) (Divergent),Inverse_Interactive,0.7739
Spectral,power_t-Gamma-ch1,Invariant,0.5215,0.021197831,-0.110188266,,,,,,Invariant,Null,0.5215
Spectral,power_t-Gamma-avgch,Inverse,0.9723,0.549599945,-0.028019283,-5.664563982,1.40E-18,0.2672,3.381360953,0.008294708,Increasing (Rise) (Divergent),Inverse_Interactive,0.9723
Spectral,power_t-Delta-ch9,Inverse,0.699,0.765213784,0.01426587,1.790354377,0.005906263,0.0489,0.731746935,0.57585179,Decreasing (Drop) (Parallel),Inverse_Additive,0.699
Spectral,power_t-Delta-ch8,Quadratic,0.5683,0.611079078,-0.024346321,0.000136577,0.026169029,0.0818,9.64E-06,0.731094118,Accelerating Up (U) (Parallel),Quadratic_Additive,0.5683
Spectral,power_t-Delta-ch7,Inverse,0.3306,0.798696397,0.012193775,1.370431265,0.035179696,0.0253,2.476233036,0.058442477,Decreasing (Drop) (Divergent),Inverse_Interactive,0.3306
Spectral,power_t-Delta-ch6,Linear,0.4503,0.717786072,0.017280385,-0.002493065,0.030750962,0.0839,-0.002758076,0.232111332,Decreasing (Parallel),Linear_Additive,0.4503
Spectral,power_t-Delta-ch5,Linear,0.3694,0.864540511,0.008159165,-0.002211562,0.055363026,0.0561,-0.005005361,0.030090592,Decreasing (Divergent),Linear_Interactive,0.3694
Spectral,power_t-Delta-ch4,Inverse,0.3732,0.872652916,-0.007666889,1.140604229,0.079657483,0.0123,1.307794786,0.317960928,Decreasing (Drop) (Parallel),Inverse_Additive,0.3732
Spectral,power_t-Delta-ch3,Invariant,0.4971,0.676468822,-0.019967358,,,,,,Invariant,Null,0.4971
Spectral,power_t-Delta-ch2,Quadratic,0.8652,0.221409261,0.058128523,0.000272445,8.25E-06,0.3148,-4.90E-05,0.078572623,Accelerating Up (U) (Divergent),Quadratic_Interactive,0.8652
Spectral,power_t-Delta-ch19,Inverse,0.7474,0.868247072,-0.007743242,6.064365597,4.00E-21,0.2897,-0.154256363,0.903939406,Decreasing (Drop) (Parallel),Inverse_Additive,0.7474
Spectral,power_t-Delta-ch18,Linear,0.3119,0.050968958,-0.093334226,-0.001779911,0.12274425,0.0134,0.00126599,0.58328477,Decreasing (Parallel),Linear_Additive,0.3119
Spectral,power_t-Delta-ch17,Linear,0.4327,0.504055053,-0.031952696,-0.002226192,0.053744153,0.0575,-0.00111849,0.628099013,Decreasing (Parallel),Linear_Additive,0.4327
Spectral,power_t-Delta-ch16,Inverse,0.7328,0.735978778,0.016095257,2.068237039,0.00146562,0.0646,2.784873402,0.033006375,Decreasing (Drop) (Divergent),Inverse_Interactive,0.7328
Spectral,power_t-Delta-ch15,Inverse,0.9276,0.327238258,0.046598574,3.051983136,2.55E-06,0.12,0.19524959,0.880818126,Decreasing (Drop) (Parallel),Inverse_Additive,0.9276
Spectral,power_t-Delta-ch14,Inverse,0.8477,0.558573885,-0.02782902,3.042907627,2.75E-06,0.1195,3.403905429,0.008906162,Decreasing (Drop) (Divergent),Inverse_Interactive,0.8477
Spectral,power_t-Delta-ch13,Inverse,0.3663,0.429358864,-0.037800123,1.101387071,0.090525105,0.0101,2.150753046,0.100399957,Decreasing (Drop) (Divergent),Inverse_Interactive,0.3663
Spectral,power_t-Delta-ch12,Invariant,0.4174,0.44041081,0.036914416,,,,,,Invariant,Null,0.4174
Spectral,power_t-Delta-ch11,Inverse,0.9963,0.254105759,0.052838858,6.840240467,1.23E-26,0.3334,1.708787603,0.177823816,Decreasing (Drop) (Parallel),Inverse_Additive,0.9963
Spectral,power_t-Delta-ch10,Invariant,0.4753,0.600672447,-0.025046196,,,,,,Invariant,Null,0.4753
Spectral,power_t-Delta-ch1,Inverse,0.6981,0.711035041,0.017667764,2.372668366,0.000260826,0.0817,-1.81465915,0.164526518,Decreasing (Drop) (Parallel),Inverse_Additive,0.6981
Spectral,power_t-Delta-avgch,Inverse,0.9998,0.08936054,0.077769009,7.932806671,1.14E-35,0.395,2.86129679,0.022302001,Decreasing (Drop) (Divergent),Inverse_Interactive,0.9998
Spectral,power_t-Broadband-ch9,Inverse,0.4116,0.933555894,-0.003987001,-1.262960107,0.052272599,0.0192,-0.745467359,0.569145365,Increasing (Rise) (Parallel),Inverse_Additive,0.4116
Spectral,power_t-Broadband-ch8,Inverse,0.4307,0.560113059,-0.027870131,-1.102226893,0.090297626,0.0102,-0.393026771,0.764102885,Increasing (Rise) (Parallel),Inverse_Additive,0.4307
Spectral,power_t-Broadband-ch7,Invariant,0.5306,0.839781317,0.009674266,,,,,,Invariant,Null,0.5306
Spectral,power_t-Broadband-ch6,Invariant,0.398,0.842490312,0.009508506,,,,,,Invariant,Null,0.398
Spectral,power_t-Broadband-ch5,Invariant,0.4562,0.641381264,0.022287104,,,,,,Invariant,Null,0.4562
Spectral,power_t-Broadband-ch4,Inverse,0.327,0.552616473,-0.028405205,-1.082287931,0.096278245,0.009,0.844911841,0.518830168,Increasing (Rise) (Parallel),Inverse_Additive,0.327
Spectral,power_t-Broadband-ch3,Inverse,0.5727,0.542493637,-0.029057957,-2.224677923,0.000619096,0.0734,-1.031055479,0.429921954,Increasing (Rise) (Parallel),Inverse_Additive,0.5727
Spectral,power_t-Broadband-ch2,Inverse,0.3922,0.560792287,0.027809681,1.365597986,0.035814795,0.025,1.123958714,0.390528399,Decreasing (Drop) (Parallel),Inverse_Additive,0.3922
Spectral,power_t-Broadband-ch19,Inverse,0.3944,0.814108473,-0.011219277,2.216121571,0.000650843,0.0729,-0.908614399,0.486757431,Decreasing (Drop) (Parallel),Inverse_Additive,0.3944
Spectral,power_t-Broadband-ch18,Invariant,0.5006,0.456473703,-0.035630691,,,,,,Invariant,Null,0.5006
Spectral,power_t-Broadband-ch17,Quadratic,0.979,0.701299594,-0.018276115,-0.00028254,4.00E-06,0.3321,5.47E-06,0.844595289,Accelerating Down (n) (Parallel),Quadratic_Additive,0.979
Spectral,power_t-Broadband-ch16,Invariant,0.4188,0.603528768,0.024849976,,,,,,Invariant,Null,0.4188
Spectral,power_t-Broadband-ch15,Invariant,0.519,0.402153204,0.040085255,,,,,,Invariant,Null,0.519
Spectral,power_t-Broadband-ch14,Inverse,0.3544,0.983506032,0.000989095,0.964358531,0.138429846,0.0024,2.740977233,0.036301004,Decreasing (Drop) (Divergent),Inverse_Interactive,0.3544
Spectral,power_t-Broadband-ch13,Linear,0.5501,0.67301773,-0.020164603,0.003021094,0.008826888,0.1361,-0.004464492,0.052852915,Increasing (Divergent),Linear_Interactive,0.5501
Spectral,power_t-Broadband-ch12,Invariant,0.3448,0.871113447,0.007763631,,,,,,Invariant,Null,0.3448
Spectral,power_t-Broadband-ch11,Inverse,0.6799,0.661560781,0.020861063,2.596464541,6.40E-05,0.0943,1.598073305,0.220584524,Decreasing (Drop) (Parallel),Inverse_Additive,0.6799
Spectral,power_t-Broadband-ch10,Invariant,0.4805,0.61888407,-0.023802133,,,,,,Invariant,Null,0.4805
Spectral,power_t-Broadband-ch1,Invariant,0.4812,0.389327174,-0.041188197,,,,,,Invariant,Null,0.4812
Spectral,power_t-Broadband-avgch,Inverse,0.4569,0.951796967,-0.00289027,-1.376694956,0.034355248,0.0256,3.652057575,0.005228844,Increasing (Rise) (Divergent),Inverse_Interactive,0.4569
Spectral,power_t-Beta-ch9,Inverse,0.4451,0.506441977,-0.031777429,-1.117287511,0.085970821,0.011,1.336153318,0.307530264,Increasing (Rise) (Parallel),Inverse_Additive,0.4451
Spectral,power_t-Beta-ch8,Inverse,0.9239,0.232822951,-0.056722853,-3.147476641,1.22E-06,0.1254,1.116411832,0.390976259,Increasing (Rise) (Parallel),Inverse_Additive,0.9239
Spectral,power_t-Beta-ch7,Inverse,0.9411,0.744215885,-0.015519489,-3.083374596,2.02E-06,0.1218,3.235550024,0.012904357,Increasing (Rise) (Divergent),Inverse_Interactive,0.9411
Spectral,power_t-Beta-ch6,Inverse,0.5037,0.746607938,-0.015451063,-1.28711914,0.047915803,0.0206,2.124313625,0.104592963,Increasing (Rise) (Divergent),Inverse_Interactive,0.5037
Spectral,power_t-Beta-ch5,Quadratic,0.9521,0.977930905,0.00128783,-0.000416025,4.42E-12,0.561,-1.57E-05,0.564023346,Accelerating Down (n) (Parallel),Quadratic_Additive,0.9521
Spectral,power_t-Beta-ch4,Inverse,0.8014,0.206322424,-0.060101816,-3.056824586,2.45E-06,0.1203,0.876930107,0.500577749,Increasing (Rise) (Parallel),Inverse_Additive,0.8014
Spectral,power_t-Beta-ch3,Inverse,0.6777,0.08548959,-0.081822709,-2.892862902,8.20E-06,0.111,0.298972755,0.818423992,Increasing (Rise) (Parallel),Inverse_Additive,0.6777
Spectral,power_t-Beta-ch2,Inverse,0.3713,0.951562424,0.002906244,-0.963831806,0.138645679,0.0024,3.912714674,0.002785772,Increasing (Rise) (Divergent),Inverse_Interactive,0.3713
Spectral,power_t-Beta-ch19,Inverse,0.9306,0.607329075,-0.024480313,-2.691564585,3.40E-05,0.0997,0.208967549,0.872719335,Increasing (Rise) (Parallel),Inverse_Additive,0.9306
Spectral,power_t-Beta-ch18,Inverse,0.8425,0.619022767,-0.023706246,-2.459551599,0.000153232,0.0866,0.468516645,0.719668898,Increasing (Rise) (Parallel),Inverse_Additive,0.8425
Spectral,power_t-Beta-ch17,Inverse,0.6249,0.280681115,-0.051559085,-1.483793407,0.022517635,0.0317,0.940980226,0.472024098,Increasing (Rise) (Parallel),Inverse_Additive,0.6249
Spectral,power_t-Beta-ch16,Inverse,0.9627,0.74386183,0.015481947,-3.9006094,1.72E-09,0.1678,4.824382176,0.000194736,Increasing (Rise) (Divergent),Inverse_Interactive,0.9627
Spectral,power_t-Beta-ch15,Inverse,0.9405,0.89152065,0.006476858,-3.444181622,1.09E-07,0.1421,1.844368466,0.155989316,Increasing (Rise) (Divergent),Inverse_Interactive,0.9405
Spectral,power_t-Beta-ch14,Inverse,0.5501,0.78728775,-0.012895002,-1.615473128,0.013009073,0.0391,2.831740309,0.030352415,Increasing (Rise) (Divergent),Inverse_Interactive,0.5501
Spectral,power_t-Beta-ch13,Linear,0.4811,0.822917205,0.010646784,0.005447179,2.23E-06,0.3761,-0.007438071,0.00118336,Increasing (Divergent),Linear_Interactive,0.4811
Spectral,power_t-Beta-ch12,Linear,0.3802,0.940226929,-0.003571656,0.004896771,2.13E-05,0.3216,-0.003949566,0.085799164,Increasing (Divergent),Linear_Interactive,0.3802
Spectral,power_t-Beta-ch11,Linear,0.356,0.754562262,-0.014954576,0.002018026,0.080424284,0.0369,-0.003295074,0.153567042,Increasing (Divergent),Linear_Interactive,0.356
Spectral,power_t-Beta-ch10,Inverse,0.9692,0.648415304,0.021691526,-3.052752387,2.55E-06,0.12,3.86393057,0.002978095,Increasing (Rise) (Divergent),Inverse_Interactive,0.9692
Spectral,power_t-Beta-ch1,Inverse,0.5061,0.518714131,-0.030858025,-1.275995549,0.049857234,0.0199,0.24183662,0.853456632,Increasing (Rise) (Parallel),Inverse_Additive,0.5061
Spectral,power_t-Beta-avgch,Inverse,0.9311,0.006992442,-0.121643187,-9.053686567,1.12E-46,0.4581,4.30712104,0.000469833,Increasing (Rise) (Divergent),Inverse_Interactive,0.9311
Spectral,power_t-Alpha-ch9,Quadratic,0.295,0.94611885,-0.003238407,-0.000119349,0.052174057,0.0523,4.53E-05,0.106615698,Accelerating Down (n) (Divergent),Quadratic_Interactive,0.295
Spectral,power_t-Alpha-ch8,Invariant,0.4699,0.656217381,0.021300166,,,,,,Invariant,Null,0.4699
Spectral,power_t-Alpha-ch7,Invariant,0.4399,0.212972954,0.059582863,,,,,,Invariant,Null,0.4399
Spectral,power_t-Alpha-ch6,Invariant,0.353,0.469221322,0.034629896,,,,,,Invariant,Null,0.353
Spectral,power_t-Alpha-ch5,Invariant,0.3574,0.383606625,0.041687228,,,,,,Invariant,Null,0.3574
Spectral,power_t-Alpha-ch4,Quadratic,0.6899,0.813102986,-0.01131121,-0.000177748,0.003797593,0.1524,1.59E-05,0.570376643,Accelerating Down (n) (Parallel),Quadratic_Additive,0.6899
Spectral,power_t-Alpha-ch3,Inverse,0.7914,0.899085829,0.006046859,-2.439001974,0.00017426,0.0855,-2.050466499,0.116180815,Increasing (Rise) (Divergent),Inverse_Interactive,0.7914
Spectral,power_t-Alpha-ch2,Quadratic,0.3666,0.39174969,0.041023863,-8.93E-05,0.146058419,0.0007,4.48E-06,0.873139193,Accelerating Down (n) (Parallel),Quadratic_Additive,0.3666
Spectral,power_t-Alpha-ch19,Invariant,0.4364,0.714530666,0.017502755,,,,,,Invariant,Null,0.4364
Spectral,power_t-Alpha-ch18,Invariant,0.4234,0.907509635,0.00555941,,,,,,Invariant,Null,0.4234
Spectral,power_t-Alpha-ch17,Quadratic,0.9845,0.457803495,0.035325232,-0.000316759,2.29E-07,0.3908,4.78E-05,0.086128175,Accelerating Down (n) (Divergent),Quadratic_Interactive,0.9845
Spectral,power_t-Alpha-ch16,Quadratic,0.5297,0.797011042,0.012234382,-0.000271195,9.21E-06,0.3127,2.00E-05,0.472951952,Accelerating Down (n) (Parallel),Quadratic_Additive,0.5297
Spectral,power_t-Alpha-ch15,Quadratic,0.6461,0.470228287,0.034495,-0.000208259,0.000685687,0.2048,5.68E-05,0.042552943,Accelerating Down (n) (Divergent),Quadratic_Interactive,0.6461
Spectral,power_t-Alpha-ch14,Inverse,0.4855,0.453748382,0.035816989,-1.389760449,0.032656302,0.0264,0.61472335,0.638621869,Increasing (Rise) (Parallel),Inverse_Additive,0.4855
Spectral,power_t-Alpha-ch13,Linear,0.4535,0.642742184,-0.022179615,0.002441514,0.034378053,0.0788,-0.003088755,0.180819348,Increasing (Parallel),Linear_Additive,0.4535
Spectral,power_t-Alpha-ch12,Invariant,0.5147,0.994261506,-0.000344159,,,,,,Invariant,Null,0.5147
Spectral,power_t-Alpha-ch11,Invariant,0.4847,0.523256824,0.030543531,,,,,,Invariant,Null,0.4847
Spectral,power_t-Alpha-ch10,Invariant,0.4542,0.306333804,-0.048942343,,,,,,Invariant,Null,0.4542
Spectral,power_t-Alpha-ch1,Quadratic,0.6755,0.196174532,0.061818319,-0.000191377,0.001823546,0.1758,5.57E-05,0.046690669,Accelerating Down (n) (Divergent),Quadratic_Interactive,0.6755
Spectral,power_t-Alpha-avgch,Quadratic,0.8736,0.299291059,0.049590492,-0.000230156,0.000176417,0.2423,4.59E-05,0.101061749,Accelerating Down (n) (Divergent),Quadratic_Interactive,0.8736
Spectral,power_rel-Theta-ch9,Quadratic,0.9884,0.011349942,0.120343702,0.000310913,3.62E-07,0.3808,2.08E-05,0.454267784,Accelerating Up (U) (Parallel),Quadratic_Additive,0.9884
Spectral,power_rel-Theta-ch8,Inverse,0.791,0.13486874,0.069282643,6.811071727,1.98E-26,0.3318,-1.990229361,0.116508998,Decreasing (Drop) (Divergent),Inverse_Interactive,0.791
Spectral,power_rel-Theta-ch7,Quadratic,0.5441,0.345750212,0.043798679,0.000481938,1.06E-15,0.674,5.04E-05,0.064155755,Accelerating Up (U) (Divergent),Quadratic_Interactive,0.5441
Spectral,power_rel-Theta-ch6,Quadratic,0.9781,0.70534633,0.017363399,0.000545332,5.54E-20,0.7828,2.64E-05,0.327187484,Accelerating Up (U) (Parallel),Quadratic_Additive,0.9781
Spectral,power_rel-Theta-ch5,Inverse,0.5628,0.106235164,0.073960534,7.924392231,1.37E-35,0.3945,-2.106917472,0.09260586,Decreasing (Drop) (Divergent),Inverse_Interactive,0.5628
Spectral,power_rel-Theta-ch4,Quadratic,1,0.109219834,0.073772907,0.000607301,3.73E-24,0.889,4.64E-05,0.085308711,Accelerating Up (U) (Divergent),Quadratic_Interactive,1
Spectral,power_rel-Theta-ch3,Quadratic,0.9997,0.186558209,0.061630696,0.000483924,1.08E-15,0.6775,3.95E-05,0.148213478,Accelerating Up (U) (Divergent),Quadratic_Interactive,0.9997
Spectral,power_rel-Theta-ch2,Quadratic,0.6484,0.002883204,0.142480105,0.000140987,0.021380858,0.0894,4.60E-05,0.100407954,Accelerating Up (U) (Divergent),Quadratic_Interactive,0.6484
Spectral,power_rel-Theta-ch19,Inverse,0.8054,0.250765529,0.054131193,4.743332217,2.06E-13,0.2153,-2.683644391,0.037429859,Decreasing (Drop) (Divergent),Inverse_Interactive,0.8054
Spectral,power_rel-Theta-ch18,Inverse,0.6118,0.015636991,0.113234688,5.497553026,1.26E-17,0.2578,-2.643139882,0.039058891,Decreasing (Drop) (Divergent),Inverse_Interactive,0.6118
Spectral,power_rel-Theta-ch17,Quadratic,0.4616,0.092704637,0.080501361,0.000137203,0.025452953,0.0829,2.56E-05,0.362093744,Accelerating Up (U) (Parallel),Quadratic_Additive,0.4616
Spectral,power_rel-Theta-ch16,Quadratic,0.9848,0.077441918,0.08268657,0.000456824,4.32E-14,0.631,4.45E-05,0.104365789,Accelerating Up (U) (Divergent),Quadratic_Interactive,0.9848
Spectral,power_rel-Theta-ch15,Quadratic,0.5626,0.110806438,0.076261243,0.000168045,0.006166301,0.1358,4.63E-05,0.098697533,Accelerating Up (U) (Divergent),Quadratic_Interactive,0.5626
Spectral,power_rel-Theta-ch14,Inverse,0.7017,0.006582105,0.129387215,2.50338609,0.000112618,0.0891,-1.996640076,0.125163944,Decreasing (Drop) (Divergent),Inverse_Interactive,0.7017
Spectral,power_rel-Theta-ch13,Quadratic,0.8522,0.202276574,0.059442922,0.000436713,4.04E-13,0.5965,2.78E-05,0.30955932,Accelerating Up (U) (Parallel),Quadratic_Additive,0.8522
Spectral,power_rel-Theta-ch12,Quadratic,0.6497,0.040061298,0.098185044,0.00012036,0.049618263,0.054,2.67E-05,0.341038195,Accelerating Up (U) (Parallel),Quadratic_Additive,0.6497
Spectral,power_rel-Theta-ch11,Quadratic,0.9884,0.141251865,0.070112295,0.000267506,1.26E-05,0.3063,5.21E-06,0.852059058,Accelerating Up (U) (Parallel),Quadratic_Additive,0.9884
Spectral,power_rel-Theta-ch10,Quadratic,0.975,0.019624263,0.110571421,0.000351899,7.94E-09,0.4511,2.86E-05,0.303382493,Accelerating Up (U) (Parallel),Quadratic_Additive,0.975
Spectral,power_rel-Theta-ch1,Quadratic,0.9022,0.001769102,0.149326374,0.000188745,0.002052276,0.1713,1.72E-05,0.537437902,Accelerating Up (U) (Parallel),Quadratic_Additive,0.9022
Spectral,power_rel-Theta-avgch,Quadratic,0.9913,0.045460561,0.093721996,0.000445867,1.71E-13,0.6122,3.73E-05,0.173554459,Accelerating Up (U) (Parallel),Quadratic_Additive,0.9913
Spectral,power_rel-Gamma-ch9,Inverse,0.9964,0.373025745,-0.04204157,-4.5543445,1.83E-12,0.2046,2.653170837,0.039924176,Increasing (Rise) (Divergent),Inverse_Interactive,0.9964
Spectral,power_rel-Gamma-ch8,Inverse,0.9989,0.643193929,-0.021626281,-6.036838153,6.02E-21,0.2882,3.380077779,0.008125651,Increasing (Rise) (Divergent),Inverse_Interactive,0.9989
Spectral,power_rel-Gamma-ch7,Inverse,0.9992,0.38098203,-0.041053203,-5.564915735,5.58E-18,0.2616,3.410481404,0.007793267,Increasing (Rise) (Divergent),Inverse_Interactive,0.9992
Spectral,power_rel-Gamma-ch6,Inverse,1,0.653310762,-0.020858388,-6.628029409,4.83E-25,0.3215,3.038778591,0.016767314,Increasing (Rise) (Divergent),Inverse_Interactive,1
Spectral,power_rel-Gamma-ch5,Inverse,0.9968,0.675770053,0.019514969,-6.111633137,1.94E-21,0.2924,1.473878634,0.248569773,Increasing (Rise) (Parallel),Inverse_Additive,0.9968
Spectral,power_rel-Gamma-ch4,Inverse,0.9972,0.300921992,-0.048798696,-4.616764008,8.98E-13,0.2082,3.572302504,0.005623246,Increasing (Rise) (Divergent),Inverse_Interactive,0.9972
Spectral,power_rel-Gamma-ch3,Inverse,0.9999,0.03852747,-0.094534491,-8.083904415,4.55E-37,0.4035,3.262719261,0.008996511,Increasing (Rise) (Divergent),Inverse_Interactive,0.9999
Spectral,power_rel-Gamma-ch2,Inverse,0.9924,0.007348092,-0.125274353,-5.769142385,2.64E-19,0.2731,4.45735275,0.000477931,Increasing (Rise) (Divergent),Inverse_Interactive,0.9924
Spectral,power_rel-Gamma-ch19,Inverse,0.9825,0.962733111,0.00220499,-4.59173419,1.22E-12,0.2068,3.195519598,0.013322275,Increasing (Rise) (Divergent),Inverse_Interactive,0.9825
Spectral,power_rel-Gamma-ch18,Inverse,0.9982,0.334351793,-0.044827116,-6.618938984,5.47E-25,0.321,3.336301237,0.008617841,Increasing (Rise) (Divergent),Inverse_Interactive,0.9982
Spectral,power_rel-Gamma-ch17,Inverse,0.9985,0.099386176,-0.076062708,-7.185325909,2.44E-29,0.3529,3.554267231,0.004858233,Increasing (Rise) (Divergent),Inverse_Interactive,0.9985
Spectral,power_rel-Gamma-ch16,Inverse,0.9984,0.705530639,-0.017845057,-4.467328873,4.89E-12,0.1997,2.766339016,0.032303168,Increasing (Rise) (Divergent),Inverse_Interactive,0.9984
Spectral,power_rel-Gamma-ch15,Inverse,0.9348,0.869503203,-0.00781194,-3.165917081,1.07E-06,0.1264,2.802268522,0.031267285,Increasing (Rise) (Divergent),Inverse_Interactive,0.9348
Spectral,power_rel-Gamma-ch14,Inverse,0.9997,0.403855692,-0.03906734,-5.724840693,5.87E-19,0.2706,1.793355571,0.161537683,Increasing (Rise) (Parallel),Inverse_Additive,0.9997
Spectral,power_rel-Gamma-ch13,Inverse,0.9997,0.980337168,0.001139311,-7.100115115,1.30E-28,0.3481,1.699417185,0.179301698,Increasing (Rise) (Parallel),Inverse_Additive,0.9997
Spectral,power_rel-Gamma-ch12,Inverse,1,0.504415669,-0.030356795,-8.522599182,4.03E-41,0.4282,2.604990264,0.036308148,Increasing (Rise) (Divergent),Inverse_Interactive,1
Spectral,power_rel-Gamma-ch11,Inverse,0.9998,0.239510838,-0.054059,-7.610466629,8.00E-33,0.3768,2.94588814,0.019125942,Increasing (Rise) (Divergent),Inverse_Interactive,0.9998
Spectral,power_rel-Gamma-ch10,Inverse,0.9492,0.796739896,-0.012266635,-2.773244993,1.95E-05,0.1043,2.669591257,0.040526471,Increasing (Rise) (Divergent),Inverse_Interactive,0.9492
Spectral,power_rel-Gamma-ch1,Inverse,0.9615,0.001357456,-0.152084867,-3.163358453,1.01E-06,0.1263,4.428639477,0.000632202,Increasing (Rise) (Divergent),Inverse_Interactive,0.9615
Spectral,power_rel-Gamma-avgch,Inverse,0.9999,0.330231262,-0.04474757,-7.621601457,6.56E-33,0.3774,3.052955659,0.015169679,Increasing (Rise) (Divergent),Inverse_Interactive,0.9999
Spectral,power_rel-Delta-ch9,Inverse,1,0.437069736,0.034616519,9.992229181,5.66E-57,0.511,2.001288326,0.100676718,Decreasing (Drop) (Divergent),Inverse_Interactive,1
Spectral,power_rel-Delta-ch8,Inverse,1,0.145313426,0.064165235,10.64423172,4.08E-65,0.5477,0.845375203,0.483336284,Decreasing (Drop) (Parallel),Inverse_Additive,1
Spectral,power_rel-Delta-ch7,Inverse,1,0.028555331,0.093636832,12.21656948,1.02E-87,0.6363,1.002495984,0.391572827,Decreasing (Drop) (Parallel),Inverse_Additive,1
Spectral,power_rel-Delta-ch6,Inverse,1,0.301653368,0.046175842,9.746284486,4.07E-54,0.4971,0.250149887,0.838057065,Decreasing (Drop) (Parallel),Inverse_Additive,1
Spectral,power_rel-Delta-ch5,Inverse,1,0.789274428,0.011580381,11.60546651,3.29E-78,0.6019,1.011227559,0.394012176,Decreasing (Drop) (Parallel),Inverse_Additive,1
Spectral,power_rel-Delta-ch4,Inverse,1,0.143218358,0.063924494,11.15928599,5.37E-72,0.5768,-1.389321693,0.245032372,Decreasing (Drop) (Parallel),Inverse_Additive,1
Spectral,power_rel-Delta-ch3,Inverse,1,0.061575403,0.0803331,11.98817709,4.15E-84,0.6235,-0.95175264,0.418351333,Decreasing (Drop) (Parallel),Inverse_Additive,1
Spectral,power_rel-Delta-ch2,Inverse,1,0.009733799,0.112655262,11.22428959,4.30E-73,0.5804,-2.409811962,0.043114936,Decreasing (Drop) (Divergent),Inverse_Interactive,1
Spectral,power_rel-Delta-ch19,Inverse,1,0.22298716,0.052931937,11.45644144,3.85E-76,0.5935,2.066878218,0.082054075,Decreasing (Drop) (Divergent),Inverse_Interactive,1
Spectral,power_rel-Delta-ch18,Inverse,1,0.42415797,0.034783231,11.36192319,9.41E-75,0.5882,-0.181938815,0.878647224,Decreasing (Drop) (Parallel),Inverse_Additive,1
Spectral,power_rel-Delta-ch17,Inverse,1,0.851439083,0.008251169,10.68045629,1.73E-65,0.5498,-1.630251258,0.176472969,Decreasing (Drop) (Parallel),Inverse_Additive,1
Spectral,power_rel-Delta-ch16,Inverse,1,0.069897759,0.077687438,12.12191439,3.68E-86,0.631,2.249702725,0.055011144,Decreasing (Drop) (Divergent),Inverse_Interactive,1
Spectral,power_rel-Delta-ch15,Inverse,1,0.068579432,0.078243919,12.00245093,2.56E-84,0.6243,1.682184096,0.152435302,Decreasing (Drop) (Divergent),Inverse_Interactive,1
Spectral,power_rel-Delta-ch14,Inverse,0.9999,0.082977758,0.07990847,7.31855756,2.03E-30,0.3604,0.197994759,0.875290329,Decreasing (Drop) (Parallel),Inverse_Additive,0.9999
Spectral,power_rel-Delta-ch13,Inverse,1,0.632204179,0.020466125,12.2717684,2.48E-88,0.6394,0.150469764,0.897741624,Decreasing (Drop) (Parallel),Inverse_Additive,1
Spectral,power_rel-Delta-ch12,Inverse,1,0.034568642,0.088763274,13.05346226,1.43E-101,0.6835,-1.684592554,0.142611638,Decreasing (Drop) (Divergent),Inverse_Interactive,1
Spectral,power_rel-Delta-ch11,Inverse,1,0.143865484,0.061337576,13.10937354,2.10E-102,0.6866,-1.728812979,0.132238075,Decreasing (Drop) (Divergent),Inverse_Interactive,1
Spectral,power_rel-Delta-ch10,Inverse,1,0.079122435,0.077129843,10.80931395,2.59E-67,0.557,1.408158367,0.241436654,Decreasing (Drop) (Parallel),Inverse_Additive,1
Spectral,power_rel-Delta-ch1,Inverse,1,0.238941222,0.052954107,9.342845173,1.31E-49,0.4744,-2.749778458,0.025399333,Decreasing (Drop) (Divergent),Inverse_Interactive,1
Spectral,power_rel-Delta-avgch,Inverse,1,0.099390817,0.069050146,13.16975883,1.67E-103,0.69,0.027533145,0.980848948,Decreasing (Drop) (Parallel),Inverse_Additive,1
Spectral,power_rel-Beta-ch9,Inverse,1,1.89E-07,-0.223204255,-11.93673685,2.02E-84,0.6206,4.284120826,0.000239789,Increasing (Rise) (Divergent),Inverse_Interactive,1
Spectral,power_rel-Beta-ch8,Quadratic,0.993,6.93E-07,-0.2011415,-0.000568261,3.66E-27,0.8221,-6.99E-05,0.003131394,Accelerating Down (n) (Divergent),Quadratic_Interactive,0.993
Spectral,power_rel-Beta-ch7,Quadratic,0.9167,8.01E-07,-0.204947139,-0.00046604,3.63E-18,0.6468,-6.82E-05,0.004893521,Accelerating Down (n) (Divergent),Quadratic_Interactive,0.9167
Spectral,power_rel-Beta-ch6,Quadratic,0.6,7.94E-06,-0.181695093,-0.000530756,8.31E-24,0.7578,-5.32E-05,0.025068441,Accelerating Down (n) (Divergent),Quadratic_Interactive,0.6
Spectral,power_rel-Beta-ch5,Quadratic,0.9372,0.007284894,-0.106808307,-0.00060169,5.24E-31,0.8794,-2.39E-05,0.304733746,Accelerating Down (n) (Parallel),Quadratic_Additive,0.9372
Spectral,power_rel-Beta-ch4,Inverse,1,4.15E-07,-0.21428657,-12.5285111,8.59E-94,0.6539,4.17265773,0.00029522,Increasing (Rise) (Divergent),Inverse_Interactive,1
Spectral,power_rel-Beta-ch3,Inverse,0.9966,2.87E-05,-0.187718866,-9.30154785,1.30E-49,0.4721,3.532511279,0.00390441,Increasing (Rise) (Divergent),Inverse_Interactive,0.9966
Spectral,power_rel-Beta-ch2,Inverse,1,5.52E-07,-0.217046338,-11.34849338,1.34E-75,0.5874,4.612451367,9.29E-05,Increasing (Rise) (Divergent),Inverse_Interactive,1
Spectral,power_rel-Beta-ch19,Quadratic,0.9973,0.000234057,-0.149368509,-0.000568142,5.49E-27,0.8219,-4.75E-05,0.045448253,Accelerating Down (n) (Divergent),Quadratic_Interactive,0.9973
Spectral,power_rel-Beta-ch18,Quadratic,0.9996,0.000185979,-0.150501677,-0.00056167,7.91E-27,0.8108,-4.09E-05,0.082140703,Accelerating Down (n) (Divergent),Quadratic_Interactive,0.9996
Spectral,power_rel-Beta-ch17,Inverse,0.9997,0.000733815,-0.147637153,-10.99241415,4.30E-70,0.5674,4.22708436,0.000396064,Increasing (Rise) (Divergent),Inverse_Interactive,0.9997
Spectral,power_rel-Beta-ch16,Inverse,0.6235,6.12E-07,-0.2065885,-13.4925901,1.16E-110,0.7082,4.0683646,0.000310693,Increasing (Rise) (Divergent),Inverse_Interactive,0.6235
Spectral,power_rel-Beta-ch15,Quadratic,0.9997,1.09E-06,-0.195902819,-0.000637997,4.94E-34,0.9417,-5.18E-05,0.027177344,Accelerating Down (n) (Divergent),Quadratic_Interactive,0.9997
Spectral,power_rel-Beta-ch14,Inverse,0.956,9.65E-07,-0.208130685,-12.36956107,4.14E-91,0.6449,3.575654444,0.002014608,Increasing (Rise) (Divergent),Inverse_Interactive,0.956
Spectral,power_rel-Beta-ch13,Inverse,0.9966,0.000839106,-0.137679937,-13.78217755,2.74E-115,0.7245,2.744045275,0.014824195,Increasing (Rise) (Divergent),Inverse_Interactive,0.9966
Spectral,power_rel-Beta-ch12,Inverse,1,9.84E-06,-0.185119139,-13.06518235,1.25E-102,0.6841,3.768471597,0.000964646,Increasing (Rise) (Divergent),Inverse_Interactive,1
Spectral,power_rel-Beta-ch11,Inverse,0.9992,0.000389715,-0.149024238,-12.97289126,1.24E-100,0.6789,3.41678251,0.002892105,Increasing (Rise) (Divergent),Inverse_Interactive,0.9992
Spectral,power_rel-Beta-ch10,Quadratic,0.514,1.20E-06,-0.202571145,-0.000595301,5.00E-28,0.8684,-3.85E-05,0.114549272,Accelerating Down (n) (Divergent),Quadratic_Interactive,0.514
Spectral,power_rel-Beta-ch1,Inverse,0.9933,2.34E-05,-0.189599204,-9.36769861,2.38E-50,0.4758,4.637504671,0.000147184,Increasing (Rise) (Divergent),Inverse_Interactive,0.9933
Spectral,power_rel-Beta-avgch,Inverse,0.9974,3.85E-07,-0.206401034,-14.22452214,6.07E-125,0.7494,4.200195442,0.000148179,Increasing (Rise) (Divergent),Inverse_Interactive,0.9974
Spectral,power_rel-Alpha-ch9,Linear,0.5909,0.272543856,0.052410695,-0.003140091,0.006471051,0.1479,0.003678501,0.110546652,Decreasing (Divergent),Linear_Interactive,0.5909
Spectral,power_rel-Alpha-ch8,Linear,0.7177,0.130274525,0.071935077,-0.005532827,1.51E-06,0.3846,0.006420543,0.005097195,Decreasing (Divergent),Linear_Interactive,0.7177
Spectral,power_rel-Alpha-ch7,Quadratic,0.9647,0.115912165,0.075074619,-0.000182333,0.002924097,0.1603,6.27E-05,0.024964726,Accelerating Down (n) (Divergent),Quadratic_Interactive,0.9647
Spectral,power_rel-Alpha-ch6,Linear,0.6757,0.084645263,0.081933014,-0.005733368,6.14E-07,0.4044,0.005634993,0.013923182,Decreasing (Divergent),Linear_Interactive,0.6757
Spectral,power_rel-Alpha-ch5,Linear,0.6308,0.190230351,0.062238473,-0.005826815,4.05E-07,0.4136,0.003731507,0.103633981,Decreasing (Divergent),Linear_Interactive,0.6308
Spectral,power_rel-Alpha-ch4,Quadratic,0.9984,0.192248864,0.062186648,-0.000240516,8.63E-05,0.2601,3.04E-05,0.275967787,Accelerating Down (n) (Parallel),Quadratic_Additive,0.9984
Spectral,power_rel-Alpha-ch3,Quadratic,0.9232,0.201345689,0.061093642,-0.000202334,0.000979276,0.1946,4.28E-05,0.126403743,Accelerating Down (n) (Divergent),Quadratic_Interactive,0.9232
Spectral,power_rel-Alpha-ch2,Quadratic,0.9973,0.144090562,0.069599886,-0.000297975,1.16E-06,0.3586,4.82E-05,0.084052251,Accelerating Down (n) (Divergent),Quadratic_Interactive,0.9973
Spectral,power_rel-Alpha-ch19,Quadratic,0.9132,0.210991045,0.059676842,-0.000158546,0.009591894,0.1195,7.52E-05,0.007131674,Accelerating Down (n) (Divergent),Quadratic_Interactive,0.9132
Spectral,power_rel-Alpha-ch18,Quadratic,0.9737,0.131690006,0.071872247,-0.000185789,0.002393072,0.1662,4.78E-05,0.08683587,Accelerating Down (n) (Divergent),Quadratic_Interactive,0.9737
Spectral,power_rel-Alpha-ch17,Quadratic,0.4624,0.078630942,0.08419071,-0.000100822,0.100410832,0.0205,3.10E-05,0.268548591,Accelerating Down (n) (Parallel),Quadratic_Additive,0.4624
Spectral,power_rel-Alpha-ch16,Linear,0.5494,0.491328774,0.032877683,-0.003119259,0.006846826,0.1458,0.005356142,0.02013267,Decreasing (Divergent),Linear_Interactive,0.5494
Spectral,power_rel-Alpha-ch15,Linear,0.6786,0.356391233,0.043930826,-0.004798591,3.09E-05,0.3119,0.005301413,0.021056142,Decreasing (Divergent),Linear_Interactive,0.6786
Spectral,power_rel-Alpha-ch14,Invariant,0.3423,0.473133281,0.034325806,,,,,,Invariant,Null,0.3423
Spectral,power_rel-Alpha-ch13,Linear,0.6345,0.189591549,0.06251744,-0.004471064,0.00010363,0.2795,0.002772501,0.228066141,Decreasing (Parallel),Linear_Additive,0.6345
Spectral,power_rel-Alpha-ch12,Quadratic,0.9065,0.432457403,0.037542887,-0.000172379,0.004977349,0.1432,9.79E-06,0.726974145,Accelerating Down (n) (Parallel),Quadratic_Additive,0.9065
Spectral,power_rel-Alpha-ch11,Quadratic,0.9945,0.189868054,0.062466988,-0.000298129,1.14E-06,0.3589,1.73E-05,0.535060805,Accelerating Down (n) (Parallel),Quadratic_Additive,0.9945
Spectral,power_rel-Alpha-ch10,Linear,0.5572,0.558358334,0.027895615,-0.004550603,7.83E-05,0.2874,0.004668146,0.042386132,Decreasing (Divergent),Linear_Interactive,0.5572
Spectral,power_rel-Alpha-ch1,Quadratic,0.5073,0.005388893,0.133030064,-0.000189969,0.00194258,0.1734,5.72E-05,0.040895628,Accelerating Down (n) (Divergent),Quadratic_Interactive,0.5073
Spectral,power_rel-Alpha-avgch,Linear,0.6127,0.189271085,0.062512376,-0.004868519,2.35E-05,0.3189,0.0048812,0.033607084,Decreasing (Divergent),Linear_Interactive,0.6127
Spectral,power_abs-Theta-ch9,Inverse,0.4545,0.780391643,0.013324509,-1.599764232,0.013920903,0.0382,-1.632085991,0.212229275,Increasing (Rise) (Parallel),Inverse_Additive,0.4545
Spectral,power_abs-Theta-ch8,Invariant,0.3875,0.984609188,-0.000923093,,,,,,Invariant,Null,0.3875
Spectral,power_abs-Theta-ch7,Inverse,0.3015,0.361738374,0.043631492,0.941160674,0.148075886,0.0011,0.536343484,0.682172597,Decreasing (Drop) (Parallel),Inverse_Additive,0.3015
Spectral,power_abs-Theta-ch6,Invariant,0.4947,0.564955047,0.027537201,,,,,,Invariant,Null,0.4947
Spectral,power_abs-Theta-ch5,Quadratic,0.3225,0.390533898,0.041143026,-0.000120021,0.050828006,0.0534,-2.00E-05,0.476026746,Accelerating Down (n) (Parallel),Quadratic_Additive,0.3225
Spectral,power_abs-Theta-ch4,Linear,0.5049,0.846405503,-0.009247334,0.00367386,0.001443298,0.2007,0.000841899,0.714928945,Increasing (Parallel),Linear_Additive,0.5049
Spectral,power_abs-Theta-ch3,Linear,0.4188,0.594521318,-0.025452498,0.002390109,0.038353692,0.0737,0.003591454,0.119678206,Increasing (Divergent),Linear_Interactive,0.4188
Spectral,power_abs-Theta-ch2,Quadratic,0.8896,0.357370941,0.043840246,0.000259197,2.29E-05,0.2921,-3.12E-05,0.263305711,Accelerating Up (U) (Parallel),Quadratic_Additive,0.8896
Spectral,power_abs-Theta-ch19,Linear,0.3651,0.871784417,0.00772063,-0.001964842,0.088740994,0.0317,0.004058232,0.078798948,Decreasing (Divergent),Linear_Interactive,0.3651
Spectral,power_abs-Theta-ch18,Inverse,0.3608,0.409648384,-0.03942407,1.302352496,0.045302834,0.0214,-0.867892252,0.507345783,Decreasing (Drop) (Parallel),Inverse_Additive,0.3608
Spectral,power_abs-Theta-ch17,Linear,0.3402,0.852453922,0.008899224,-0.001677394,0.146248378,0.0032,0.001759585,0.4462572,Decreasing (Parallel),Linear_Additive,0.3402
Spectral,power_abs-Theta-ch16,Inverse,0.3444,0.249503928,0.055074804,1.071360768,0.099591614,0.0084,1.50223347,0.25116753,Decreasing (Drop) (Parallel),Inverse_Additive,0.3444
Spectral,power_abs-Theta-ch15,Invariant,0.5026,0.133449475,0.071785006,,,,,,Invariant,Null,0.5026
Spectral,power_abs-Theta-ch14,Invariant,0.4689,0.462013526,0.035193879,,,,,,Invariant,Null,0.4689
Spectral,power_abs-Theta-ch13,Invariant,0.4161,0.391535339,-0.040996762,,,,,,Invariant,Null,0.4161
Spectral,power_abs-Theta-ch12,Quadratic,0.6779,0.890232729,0.006607752,0.000147961,0.01601851,0.1014,-3.43E-05,0.222098595,Accelerating Up (U) (Parallel),Quadratic_Additive,0.6779
Spectral,power_abs-Theta-ch11,Quadratic,0.6634,0.821403006,0.010755793,0.000235372,0.000120479,0.2512,-4.76E-05,0.088418246,Accelerating Up (U) (Divergent),Quadratic_Interactive,0.6634
Spectral,power_abs-Theta-ch10,Invariant,0.5003,0.919434024,-0.004840029,,,,,,Invariant,Null,0.5003
Spectral,power_abs-Theta-ch1,Inverse,0.3782,0.208923462,0.06009061,1.10013763,0.090792535,0.01,-1.202631465,0.358250006,Decreasing (Drop) (Parallel),Inverse_Additive,0.3782
Spectral,power_abs-Theta-avgch,Invariant,0.4068,0.041590346,0.097444884,,,,,,Invariant,Null,0.4068
Spectral,power_abs-Gamma-ch9,Invariant,0.3809,0.856556346,0.008649602,,,,,,Invariant,Null,0.3809
Spectral,power_abs-Gamma-ch8,Inverse,0.9237,0.797374036,-0.012253079,-2.146120866,0.000961619,0.069,0.529644985,0.685250169,Increasing (Rise) (Parallel),Inverse_Additive,0.9237
Spectral,power_abs-Gamma-ch7,Inverse,0.9666,0.27692668,0.051676408,-3.241346294,5.81E-07,0.1307,2.312190176,0.075455059,Increasing (Rise) (Divergent),Inverse_Interactive,0.9666
Spectral,power_abs-Gamma-ch6,Inverse,0.697,0.479437712,0.03378093,-1.800579292,0.005623904,0.0495,1.387020415,0.288834118,Increasing (Rise) (Parallel),Inverse_Additive,0.697
Spectral,power_abs-Gamma-ch5,Quadratic,0.9298,0.18270735,0.0623147,-0.000408537,1.28E-11,0.5482,-3.25E-06,0.905627563,Accelerating Down (n) (Parallel),Quadratic_Additive,0.9298
Spectral,power_abs-Gamma-ch4,Inverse,0.5459,0.89645025,-0.006208006,-2.318752535,0.000359776,0.0787,0.728330868,0.577086921,Increasing (Rise) (Parallel),Inverse_Additive,0.5459
Spectral,power_abs-Gamma-ch3,Invariant,0.4484,0.438547111,-0.037065077,,,,,,Invariant,Null,0.4484
Spectral,power_abs-Gamma-ch2,Invariant,0.5059,0.525503215,0.030378574,,,,,,Invariant,Null,0.5059
Spectral,power_abs-Gamma-ch19,Inverse,0.4254,0.408827916,0.039498432,-1.223264149,0.060088603,0.017,0.337746769,0.796442187,Increasing (Rise) (Parallel),Inverse_Additive,0.4254
Spectral,power_abs-Gamma-ch18,Inverse,0.66,0.920187021,0.004782149,-2.134222126,0.001026837,0.0683,0.268741064,0.837074549,Increasing (Rise) (Parallel),Inverse_Additive,0.66
Spectral,power_abs-Gamma-ch17,Invariant,0.3729,0.594855887,-0.025447085,,,,,,Invariant,Null,0.3729
Spectral,power_abs-Gamma-ch16,Inverse,0.7309,0.19288505,0.061987394,-2.834392426,1.26E-05,0.1077,4.181253897,0.001313463,Increasing (Rise) (Divergent),Inverse_Interactive,0.7309
Spectral,power_abs-Gamma-ch15,Inverse,0.9054,0.142477342,0.069157192,-4.685998771,4.02E-13,0.2121,1.291601821,0.316939427,Increasing (Rise) (Parallel),Inverse_Additive,0.9054
Spectral,power_abs-Gamma-ch14,Invariant,0.5117,0.275357461,0.05218814,,,,,,Invariant,Null,0.5117
Spectral,power_abs-Gamma-ch13,Linear,0.5269,0.452699797,0.035630802,0.006451947,2.00E-08,0.4755,-0.00617798,0.00694415,Increasing (Divergent),Linear_Interactive,0.5269
Spectral,power_abs-Gamma-ch12,Quadratic,0.6249,0.538790838,0.02915018,-0.000133561,0.028144584,0.0767,-1.55E-05,0.578222693,Accelerating Down (n) (Parallel),Quadratic_Additive,0.6249
Spectral,power_abs-Gamma-ch11,Inverse,0.6646,0.921198936,-0.00471759,-2.390462051,0.00023442,0.0827,1.80913846,0.165810567,Increasing (Rise) (Parallel),Inverse_Additive,0.6646
Spectral,power_abs-Gamma-ch10,Inverse,0.6942,0.187813286,0.062928874,-1.615753035,0.012954356,0.0391,3.052418536,0.019518458,Increasing (Rise) (Divergent),Inverse_Interactive,0.6942
Spectral,power_abs-Gamma-ch1,Inverse,0.6483,0.826806266,-0.010371803,-3.813072678,3.96E-09,0.1629,-0.05722693,0.964834068,Increasing (Rise) (Parallel),Inverse_Additive,0.6483
Spectral,power_abs-Gamma-avgch,Inverse,0.9319,0.724126737,-0.016453482,-6.207741578,4.36E-22,0.2978,3.013285399,0.018151622,Increasing (Rise) (Divergent),Inverse_Interactive,0.9319
Spectral,power_abs-Delta-ch9,Inverse,0.7493,0.617598612,0.023837168,1.975972208,0.002371827,0.0594,0.543966323,0.677339091,Decreasing (Drop) (Parallel),Inverse_Additive,0.7493
Spectral,power_abs-Delta-ch8,Invariant,0.4312,0.835591577,-0.009930862,,,,,,Invariant,Null,0.4312
Spectral,power_abs-Delta-ch7,Quadratic,0.3715,0.811219762,0.011426847,9.29E-05,0.129957763,0.0069,-5.79E-05,0.03885751,Accelerating Up (U) (Divergent),Quadratic_Interactive,0.3715
Spectral,power_abs-Delta-ch6,Inverse,0.848,0.632841285,0.022433815,5.300866094,2.02E-16,0.2467,2.33451914,0.069301503,Decreasing (Drop) (Divergent),Inverse_Interactive,0.848
Spectral,power_abs-Delta-ch5,Inverse,0.54,0.849002572,0.009099252,1.581994062,0.015018432,0.0372,3.94850312,0.002518501,Decreasing (Drop) (Divergent),Inverse_Interactive,0.54
Spectral,power_abs-Delta-ch4,Invariant,0.461,0.806286421,-0.011734062,,,,,,Invariant,Null,0.461
Spectral,power_abs-Delta-ch3,Inverse,0.3687,0.685099905,-0.019398214,1.06394295,0.102082035,0.008,-0.168056056,0.897909285,Decreasing (Drop) (Parallel),Inverse_Additive,0.3687
Spectral,power_abs-Delta-ch2,Invariant,0.3318,0.172020901,0.065335564,,,,,,Invariant,Null,0.3318
Spectral,power_abs-Delta-ch19,Inverse,0.7805,0.805163543,0.011626145,4.781153355,1.35E-13,0.2174,0.221210442,0.863906653,Decreasing (Drop) (Parallel),Inverse_Additive,0.7805
Spectral,power_abs-Delta-ch18,Invariant,0.5011,0.007621615,-0.127557785,,,,,,Invariant,Null,0.5011
Spectral,power_abs-Delta-ch17,Linear,0.4784,0.568809607,-0.027218529,-0.003252588,0.004805299,0.159,-0.001916851,0.405868786,Decreasing (Parallel),Linear_Additive,0.4784
Spectral,power_abs-Delta-ch16,Inverse,0.6997,0.749129793,0.015269532,1.956437891,0.002621393,0.0583,3.355233865,0.01021064,Decreasing (Drop) (Divergent),Inverse_Interactive,0.6997
Spectral,power_abs-Delta-ch15,Inverse,0.592,0.360683619,0.043671736,1.662896945,0.010553114,0.0417,-0.233436506,0.858366756,Decreasing (Drop) (Parallel),Inverse_Additive,0.592
Spectral,power_abs-Delta-ch14,Inverse,0.5965,0.581327815,-0.026348186,1.689985673,0.009365921,0.0433,3.391019853,0.009474409,Decreasing (Drop) (Divergent),Inverse_Interactive,0.5965
Spectral,power_abs-Delta-ch13,Invariant,0.4519,0.475413875,-0.034149165,,,,,,Invariant,Null,0.4519
Spectral,power_abs-Delta-ch12,Inverse,0.7409,0.485027518,0.033198274,3.164591235,1.07E-06,0.1263,1.415092918,0.276954375,Decreasing (Drop) (Parallel),Inverse_Additive,0.7409
Spectral,power_abs-Delta-ch11,Inverse,0.9906,0.239169626,0.054507826,6.891187619,5.05E-27,0.3363,1.774286231,0.161541414,Decreasing (Drop) (Parallel),Inverse_Additive,0.9906
Spectral,power_abs-Delta-ch10,Invariant,0.3877,0.684741985,-0.019427357,,,,,,Invariant,Null,0.3877
Spectral,power_abs-Delta-ch1,Inverse,0.6057,0.606113692,0.024618133,1.985967875,0.002253139,0.0599,-1.516624431,0.245908658,Decreasing (Drop) (Parallel),Inverse_Additive,0.6057
Spectral,power_abs-Delta-avgch,Inverse,0.9998,0.101127646,0.07483984,8.173534003,7.36E-38,0.4085,3.28697368,0.008460191,Decreasing (Drop) (Divergent),Inverse_Interactive,0.9998
Spectral,power_abs-Beta-ch9,Inverse,0.8791,0.298948184,-0.049233733,-3.78935461,4.89E-09,0.1615,0.897087353,0.489361676,Increasing (Rise) (Parallel),Inverse_Additive,0.8791
Spectral,power_abs-Beta-ch8,Inverse,0.9404,0.219748264,-0.058300405,-3.310103093,3.30E-07,0.1345,1.217142938,0.349292076,Increasing (Rise) (Parallel),Inverse_Additive,0.9404
Spectral,power_abs-Beta-ch7,Inverse,0.9773,0.77407098,-0.013641661,-3.291182387,3.90E-07,0.1335,2.99723149,0.021164788,Increasing (Rise) (Divergent),Inverse_Interactive,0.9773
Spectral,power_abs-Beta-ch6,Inverse,0.4296,0.733861996,-0.016258047,-1.288832681,0.047618442,0.0207,1.954264014,0.135440175,Increasing (Rise) (Divergent),Inverse_Interactive,0.4296
Spectral,power_abs-Beta-ch5,Quadratic,0.9726,0.957311554,0.00248206,-0.00040979,7.52E-12,0.5503,-1.63E-05,0.548991155,Accelerating Down (n) (Parallel),Quadratic_Additive,0.9726
Spectral,power_abs-Beta-ch4,Inverse,0.7842,0.214850932,-0.05891251,-3.353925496,2.30E-07,0.137,0.746406515,0.565933757,Increasing (Rise) (Parallel),Inverse_Additive,0.7842
Spectral,power_abs-Beta-ch3,Linear,0.4466,0.039310143,-0.097667276,0.006635555,7.44E-09,0.4936,9.32E-05,0.967478855,Increasing (Parallel),Linear_Additive,0.4466
Spectral,power_abs-Beta-ch2,Inverse,0.4647,0.829691267,0.010286343,-1.265251216,0.051845233,0.0193,3.720864912,0.004444277,Increasing (Rise) (Divergent),Inverse_Interactive,0.4647
Spectral,power_abs-Beta-ch19,Inverse,0.9569,0.830117757,-0.010209542,-2.984183667,4.28E-06,0.1162,0.173846239,0.893861501,Increasing (Rise) (Parallel),Inverse_Additive,0.9569
Spectral,power_abs-Beta-ch18,Inverse,0.8623,0.628139897,-0.023025825,-3.203135199,7.92E-07,0.1285,0.277639501,0.831102173,Increasing (Rise) (Parallel),Inverse_Additive,0.8623
Spectral,power_abs-Beta-ch17,Inverse,0.8527,0.22971642,-0.056726757,-4.415651915,8.46E-12,0.1968,0.744140608,0.564922856,Increasing (Rise) (Parallel),Inverse_Additive,0.8527
Spectral,power_abs-Beta-ch16,Inverse,0.9682,0.669275099,0.020221152,-4.062895531,3.49E-10,0.177,4.842185746,0.000181886,Increasing (Rise) (Divergent),Inverse_Interactive,0.9682
Spectral,power_abs-Beta-ch15,Inverse,0.7475,0.841424676,0.009420274,-4.937654024,2.06E-14,0.2262,1.641596638,0.202820899,Increasing (Rise) (Parallel),Inverse_Additive,0.7475
Spectral,power_abs-Beta-ch14,Inverse,0.4267,0.739270206,-0.01591202,-1.3946158,0.032070221,0.0266,2.81312632,0.031533958,Increasing (Rise) (Divergent),Inverse_Interactive,0.4267
Spectral,power_abs-Beta-ch13,Linear,0.5925,0.762602274,0.014399352,0.004507998,9.15E-05,0.2832,-0.007439976,0.001207176,Increasing (Divergent),Linear_Interactive,0.5925
Spectral,power_abs-Beta-ch12,Linear,0.3682,0.995253321,-0.000282792,0.005779888,5.09E-07,0.409,-0.003864346,0.092122863,Increasing (Divergent),Linear_Interactive,0.3682
Spectral,power_abs-Beta-ch11,Linear,0.4274,0.842750062,-0.00948732,0.002261616,0.050061803,0.061,-0.003761435,0.103208516,Increasing (Divergent),Linear_Interactive,0.4274
Spectral,power_abs-Beta-ch10,Inverse,0.9634,0.515683312,0.030944851,-2.871209873,9.75E-06,0.1098,4.117202861,0.00156121,Increasing (Rise) (Divergent),Inverse_Interactive,0.9634
Spectral,power_abs-Beta-ch1,Inverse,0.6122,0.492312235,-0.032809536,-1.637837213,0.011793083,0.0403,0.086806234,0.947100032,Increasing (Rise) (Parallel),Inverse_Additive,0.6122
Spectral,power_abs-Beta-avgch,Inverse,0.6402,0.010760919,-0.114368676,-9.466829351,3.99E-51,0.4814,4.053305677,0.000935971,Increasing (Rise) (Divergent),Inverse_Interactive,0.6402
Spectral,power_abs-Alpha-ch9,Invariant,0.4735,0.995878259,-0.000247195,,,,,,Invariant,Null,0.4735
Spectral,power_abs-Alpha-ch8,Invariant,0.3447,0.509526449,0.031559817,,,,,,Invariant,Null,0.3447
Spectral,power_abs-Alpha-ch7,Invariant,0.4245,0.16980721,0.0656743,,,,,,Invariant,Null,0.4245
Spectral,power_abs-Alpha-ch6,Linear,0.4961,0.426420479,0.038031892,-0.002283706,0.047820741,0.0632,0.001268705,0.582631199,Decreasing (Parallel),Linear_Additive,0.4961
Spectral,power_abs-Alpha-ch5,Quadratic,0.5422,0.247758783,0.055346375,-0.000124442,0.042739373,0.061,8.47E-06,0.762791143,Accelerating Down (n) (Parallel),Quadratic_Additive,0.5422
Spectral,power_abs-Alpha-ch4,Quadratic,0.4617,0.91816507,-0.004921895,-0.000122521,0.04616689,0.0577,1.33E-05,0.63462793,Accelerating Down (n) (Parallel),Quadratic_Additive,0.4617
Spectral,power_abs-Alpha-ch3,Inverse,0.6223,0.759420287,0.014621828,-1.988752956,0.002222785,0.0601,-2.199337891,0.092390841,Increasing (Rise) (Divergent),Inverse_Interactive,0.6223
Spectral,power_abs-Alpha-ch2,Linear,0.5955,0.384560505,0.041530681,-0.003254761,0.004769781,0.1592,0.000114844,0.960279526,Decreasing (Parallel),Linear_Additive,0.5955
Spectral,power_abs-Alpha-ch19,Linear,0.6687,0.582350959,0.026250867,-0.00371984,0.00125477,0.2052,0.006664905,0.003787636,Decreasing (Divergent),Linear_Interactive,0.6687
Spectral,power_abs-Alpha-ch18,Linear,0.595,0.766350243,0.014199402,-0.002991375,0.009519806,0.1332,0.005231138,0.023275033,Decreasing (Divergent),Linear_Interactive,0.595
Spectral,power_abs-Alpha-ch17,Quadratic,0.9915,0.407865747,0.039427785,-0.000301855,8.40E-07,0.3652,4.22E-05,0.130210079,Accelerating Down (n) (Divergent),Quadratic_Interactive,0.9915
Spectral,power_abs-Alpha-ch16,Linear,0.3831,0.792728524,0.012571801,-0.00180267,0.118402911,0.0156,0.001632978,0.479609105,Decreasing (Parallel),Linear_Additive,0.3831
Spectral,power_abs-Alpha-ch15,Invariant,0.375,0.534585205,0.029715299,,,,,,Invariant,Null,0.375
Spectral,power_abs-Alpha-ch14,Inverse,0.4197,0.533820826,0.029756334,-1.19163869,0.067049458,0.0152,0.445007748,0.733982446,Increasing (Rise) (Parallel),Inverse_Additive,0.4197
Spectral,power_abs-Alpha-ch13,Invariant,0.4749,0.70841376,-0.017895556,,,,,,Invariant,Null,0.4749
Spectral,power_abs-Alpha-ch12,Invariant,0.4096,0.979253374,0.001244381,,,,,,Invariant,Null,0.4096
Spectral,power_abs-Alpha-ch11,Invariant,0.4287,0.457708825,0.035533046,,,,,,Invariant,Null,0.4287
Spectral,power_abs-Alpha-ch10,Invariant,0.4148,0.284299692,-0.051226921,,,,,,Invariant,Null,0.4148
Spectral,power_abs-Alpha-ch1,Quadratic,0.4155,0.141753141,0.070368014,-0.000105247,0.086540737,0.0281,5.13E-05,0.067689045,Accelerating Down (n) (Divergent),Quadratic_Interactive,0.4155
Spectral,power_abs-Alpha-avgch,Quadratic,0.9737,0.353746625,0.044322704,-0.00021371,0.000497432,0.2141,4.08E-05,0.144933666,Accelerating Down (n) (Divergent),Quadratic_Interactive,0.9737
Spectral,peak_alpha_freq-ch9,Quadratic,1,7.82E-07,-0.232580815,-0.000386031,1.76E-10,0.5096,-3.58E-05,0.192692494,Accelerating Down (n) (Parallel),Quadratic_Additive,1
Spectral,peak_alpha_freq-ch8,Quadratic,1,0.000132531,-0.180957677,-0.000348022,1.08E-08,0.4444,-1.53E-05,0.580513365,Accelerating Down (n) (Parallel),Quadratic_Additive,1
Spectral,peak_alpha_freq-ch7,Quadratic,1,0.000493717,-0.163101862,-0.000530753,1.91E-18,0.7578,-5.36E-05,0.050194484,Accelerating Down (n) (Divergent),Quadratic_Interactive,1
Spectral,peak_alpha_freq-ch6,Quadratic,1,0.145563741,-0.068649054,-0.00045336,1.00E-13,0.625,-2.03E-05,0.461963188,Accelerating Down (n) (Parallel),Quadratic_Additive,1
Spectral,peak_alpha_freq-ch5,Quadratic,1,0.003877096,-0.135790246,-0.000389951,1.21E-10,0.5163,1.78E-05,0.518136403,Accelerating Down (n) (Parallel),Quadratic_Additive,1
Spectral,peak_alpha_freq-ch4,Quadratic,1,0.000488057,-0.163072132,-0.000525161,3.92E-18,0.7482,-1.02E-05,0.709457319,Accelerating Down (n) (Parallel),Quadratic_Additive,1
Spectral,peak_alpha_freq-ch3,Quadratic,1,0.002107298,-0.144596667,-0.000467533,1.37E-14,0.6493,-2.58E-06,0.925234018,Accelerating Down (n) (Parallel),Quadratic_Additive,1
Spectral,peak_alpha_freq-ch2,Quadratic,1,2.57E-05,-0.194689678,-0.000643269,1.06E-26,0.9507,-1.63E-05,0.546484979,Accelerating Down (n) (Parallel),Quadratic_Additive,1
Spectral,peak_alpha_freq-ch19,Quadratic,1,0.000446242,-0.165170646,-0.000460424,3.32E-14,0.6372,-1.91E-05,0.487929355,Accelerating Down (n) (Parallel),Quadratic_Additive,1
Spectral,peak_alpha_freq-ch18,Quadratic,1,0.028842641,-0.101939378,-0.000587033,3.22E-22,0.8543,2.84E-05,0.298051142,Accelerating Down (n) (Parallel),Quadratic_Additive,1
Spectral,peak_alpha_freq-ch17,Quadratic,1,0.003906545,-0.136658606,-0.000348561,1.06E-08,0.4453,6.27E-06,0.821158999,Accelerating Down (n) (Parallel),Quadratic_Additive,1
Spectral,peak_alpha_freq-ch16,Quadratic,1,0.001538417,-0.148875938,-0.000481126,2.29E-15,0.6727,2.88E-06,0.916534798,Accelerating Down (n) (Parallel),Quadratic_Additive,1
Spectral,peak_alpha_freq-ch15,Quadratic,1,0.000152789,-0.17781147,-0.000488005,8.43E-16,0.6845,-5.05E-05,0.066139533,Accelerating Down (n) (Divergent),Quadratic_Interactive,1
Spectral,peak_alpha_freq-ch14,Quadratic,1,0.035247368,-0.099235956,-0.000456362,6.53E-14,0.6302,-5.44E-05,0.048622786,Accelerating Down (n) (Divergent),Quadratic_Interactive,1
Spectral,peak_alpha_freq-ch13,Quadratic,1,0.000770248,-0.156778077,-0.000569794,4.13E-21,0.8247,-2.69E-05,0.323665918,Accelerating Down (n) (Parallel),Quadratic_Additive,1
Spectral,peak_alpha_freq-ch12,Quadratic,1,0.001631687,-0.147859474,-0.000471424,7.37E-15,0.656,2.34E-05,0.394260519,Accelerating Down (n) (Parallel),Quadratic_Additive,1
Spectral,peak_alpha_freq-ch11,Quadratic,1,0.001133226,-0.152662478,-0.000495189,3.08E-16,0.6968,3.09E-07,0.991028122,Accelerating Down (n) (Parallel),Quadratic_Additive,1
Spectral,peak_alpha_freq-ch10,Quadratic,1,0.000198653,-0.175881012,-0.000315153,2.10E-07,0.3881,-2.31E-05,0.40445354,Accelerating Down (n) (Parallel),Quadratic_Additive,1
Spectral,peak_alpha_freq-ch1,Quadratic,1,0.000770851,-0.158909693,-0.000389903,1.46E-10,0.5162,-2.23E-05,0.41923876,Accelerating Down (n) (Parallel),Quadratic_Additive,1
Spectral,peak_alpha_freq-avgch,Quadratic,1,9.12E-05,-0.180551285,-0.000672024,4.92E-29,1,-1.09E-05,0.684993431,Accelerating Down (n) (Parallel),Quadratic_Additive,1
Complexity,lziv-ch9,Inverse,1,0.024101673,-0.098592136,-11.06999508,6.75E-71,0.5717,2.671827194,0.025389664,Increasing (Rise) (Divergent),Inverse_Interactive,1
Complexity,lziv-ch8,Inverse,1,0.019639155,-0.098328929,-12.89392393,7.12E-99,0.6745,3.159593331,0.006088265,Increasing (Rise) (Divergent),Inverse_Interactive,1
Complexity,lziv-ch7,Inverse,1,0.039571764,-0.088077697,-12.18896722,2.95E-87,0.6348,2.833722794,0.015446314,Increasing (Rise) (Divergent),Inverse_Interactive,1
Complexity,lziv-ch6,Inverse,1,0.096104692,-0.070817236,-12.4691879,1.20E-91,0.6506,2.413870143,0.038126726,Increasing (Rise) (Divergent),Inverse_Interactive,1
Complexity,lziv-ch5,Inverse,1,0.493875334,-0.027655126,-14.62035096,2.50E-131,0.7717,1.349022608,0.22279706,Increasing (Rise) (Parallel),Inverse_Additive,1
Complexity,lziv-ch4,Inverse,1,0.011124861,-0.107817442,-12.53358059,6.75E-93,0.6542,3.539946346,0.002281592,Increasing (Rise) (Divergent),Inverse_Interactive,1
Complexity,lziv-ch3,Inverse,1,0.002814732,-0.124406821,-13.38288301,1.05E-107,0.702,2.964034403,0.009186782,Increasing (Rise) (Divergent),Inverse_Interactive,1
Complexity,lziv-ch2,Inverse,1,0.00011913,-0.164218156,-12.22963333,2.02E-88,0.6371,3.722157138,0.001391209,Increasing (Rise) (Divergent),Inverse_Interactive,1
Complexity,lziv-ch19,Inverse,1,0.175332441,-0.056645663,-13.2887032,1.46E-105,0.6967,3.16502523,0.005619963,Increasing (Rise) (Divergent),Inverse_Interactive,1
Complexity,lziv-ch18,Inverse,1,0.180933693,-0.055801461,-13.37877747,3.51E-107,0.7018,2.865529589,0.012007687,Increasing (Rise) (Divergent),Inverse_Interactive,1
Complexity,lziv-ch17,Inverse,1,0.017418392,-0.101571475,-12.26263527,1.72E-88,0.6389,3.71170384,0.00147119,Increasing (Rise) (Divergent),Inverse_Interactive,1
Complexity,lziv-ch16,Inverse,1,0.0242322,-0.096581146,-12.10540713,5.38E-86,0.6301,2.531689848,0.030758538,Increasing (Rise) (Divergent),Inverse_Interactive,1
Complexity,lziv-ch15,Inverse,1,0.035658486,-0.087025951,-13.63920768,3.76E-112,0.7165,2.29031325,0.04322367,Increasing (Rise) (Divergent),Inverse_Interactive,1
Complexity,lziv-ch14,Inverse,1,0.035015968,-0.091566026,-11.42678678,7.45E-76,0.5918,1.698385722,0.15290609,Increasing (Rise) (Divergent),Inverse_Interactive,1
Complexity,lziv-ch13,Inverse,1,0.179009364,-0.055722062,-13.62209635,1.18E-111,0.7155,1.553548749,0.171012117,Increasing (Rise) (Parallel),Inverse_Additive,1
Complexity,lziv-ch12,Inverse,1,0.013048275,-0.103289102,-13.44278271,1.25E-108,0.7054,2.959094862,0.00926771,Increasing (Rise) (Divergent),Inverse_Interactive,1
Complexity,lziv-ch11,Inverse,1,0.005744072,-0.113282389,-14.01315112,1.56E-119,0.7375,2.651656459,0.018004135,Increasing (Rise) (Divergent),Inverse_Interactive,1
Complexity,lziv-ch10,Inverse,1,0.009969952,-0.111695721,-11.51373517,3.35E-77,0.5967,2.760576349,0.019814109,Increasing (Rise) (Divergent),Inverse_Interactive,1
Complexity,lziv-ch1,Inverse,1,0.000421716,-0.153244189,-11.31780204,1.20E-74,0.5857,3.897774791,0.00101561,Increasing (Rise) (Divergent),Inverse_Interactive,1
Complexity,lziv-avgch,Inverse,1,0.014505232,-0.100688152,-13.8569827,2.18E-116,0.7287,2.849762592,0.011369996,Increasing (Rise) (Divergent),Inverse_Interactive,1
Morphological,kurt_t-Theta-ch9,Invariant,0.4158,0.854987695,-0.008745244,,,,,,Invariant,Null,0.4158
Morphological,kurt_t-Theta-ch8,Inverse,0.3233,0.545291913,-0.028935911,-0.949750466,0.144463278,0.0016,1.324194021,0.312005739,Increasing (Rise) (Parallel),Inverse_Additive,0.3233
Morphological,kurt_t-Theta-ch7,Inverse,0.3124,0.714440986,0.017505659,0.952610256,0.143285416,0.0017,3.853884156,0.003224862,Decreasing (Drop) (Divergent),Inverse_Interactive,0.3124
Morphological,kurt_t-Theta-ch6,Linear,0.3832,0.902269169,0.005872128,-0.002356551,0.041174967,0.0704,-0.002145877,0.352651251,Decreasing (Parallel),Linear_Additive,0.3832
Morphological,kurt_t-Theta-ch5,Inverse,0.4495,0.394662633,-0.04070684,1.194255808,0.066426299,0.0153,2.860444818,0.028811711,Decreasing (Drop) (Divergent),Inverse_Interactive,0.4495
Morphological,kurt_t-Theta-ch4,Inverse,0.8154,0.799007622,-0.012085951,3.562009453,3.92E-08,0.1487,-0.118806534,0.927165162,Decreasing (Drop) (Parallel),Inverse_Additive,0.8154
Morphological,kurt_t-Theta-ch3,Quadratic,0.3631,0.811550472,0.011424132,-0.000125767,0.040738984,0.0633,-6.08E-06,0.828752922,Accelerating Down (n) (Parallel),Quadratic_Additive,0.3631
Morphological,kurt_t-Theta-ch2,Invariant,0.3627,0.831958248,-0.010153612,,,,,,Invariant,Null,0.3627
Morphological,kurt_t-Theta-ch19,Invariant,0.3943,0.849978584,-0.009050891,,,,,,Invariant,Null,0.3943
Morphological,kurt_t-Theta-ch18,Invariant,0.4949,0.125179156,-0.073350878,,,,,,Invariant,Null,0.4949
Morphological,kurt_t-Theta-ch17,Inverse,0.8489,0.945328968,0.003275437,1.832603434,0.004832922,0.0513,-1.080961311,0.408493256,Decreasing (Drop) (Parallel),Inverse_Additive,0.8489
Morphological,kurt_t-Theta-ch16,Inverse,0.3372,0.434480505,-0.037379965,1.139120185,0.080003528,0.0122,0.716506295,0.584263956,Decreasing (Drop) (Parallel),Inverse_Additive,0.3372
Morphological,kurt_t-Theta-ch15,Invariant,0.5129,0.758359677,-0.014720672,,,,,,Invariant,Null,0.5129
Morphological,kurt_t-Theta-ch14,Inverse,0.5999,0.820774655,-0.010829203,1.501505525,0.020999353,0.0327,1.838348185,0.160051217,Decreasing (Drop) (Parallel),Inverse_Additive,0.5999
Morphological,kurt_t-Theta-ch13,Invariant,0.4605,0.504030712,-0.031970591,,,,,,Invariant,Null,0.4605
Morphological,kurt_t-Theta-ch12,Inverse,1,0.860533216,-0.008228211,5.664883727,1.41E-18,0.2672,0.36742458,0.774478588,Decreasing (Drop) (Parallel),Inverse_Additive,1
Morphological,kurt_t-Theta-ch11,Invariant,0.4574,0.866774205,-0.008027433,,,,,,Invariant,Null,0.4574
Morphological,kurt_t-Theta-ch10,Inverse,0.3198,0.173290785,-0.065123362,1.072618033,0.099158472,0.0085,0.844840526,0.518706913,Decreasing (Drop) (Parallel),Inverse_Additive,0.3198
Morphological,kurt_t-Theta-ch1,Inverse,0.4221,0.743090687,-0.015676817,1.159035202,0.074902745,0.0134,0.006065586,0.996304719,Decreasing (Drop) (Parallel),Inverse_Additive,0.4221
Morphological,kurt_t-Theta-avgch,Inverse,0.8203,0.579609248,-0.026430296,2.232014886,0.00059424,0.0738,1.788966936,0.170768969,Decreasing (Drop) (Parallel),Inverse_Additive,0.8203
Morphological,kurt_t-Gamma-ch9,Inverse,1,0.784264554,-0.012659419,7.069808134,2.25E-28,0.3464,0.455168133,0.719234497,Decreasing (Drop) (Parallel),Inverse_Additive,1
Morphological,kurt_t-Gamma-ch8,Inverse,0.9927,0.863757204,-0.008147794,3.480013443,8.01E-08,0.1441,-0.766164114,0.555663363,Decreasing (Drop) (Parallel),Inverse_Additive,0.9927
Morphological,kurt_t-Gamma-ch7,Inverse,1,0.642435878,-0.020872528,9.390335709,4.50E-50,0.4771,1.693227263,0.168847249,Decreasing (Drop) (Parallel),Inverse_Additive,1
Morphological,kurt_t-Gamma-ch6,Inverse,0.9986,0.503857302,0.030873048,7.169006564,3.61E-29,0.352,-1.787248735,0.157465083,Decreasing (Drop) (Divergent),Inverse_Interactive,0.9986
Morphological,kurt_t-Gamma-ch5,Inverse,0.9974,0.646276733,-0.021677043,4.452174912,5.79E-12,0.1989,0.945713154,0.464602444,Decreasing (Drop) (Parallel),Inverse_Additive,0.9974
Morphological,kurt_t-Gamma-ch4,Inverse,1,0.812938313,0.010960838,6.897297029,4.80E-27,0.3366,-0.816474676,0.519717485,Decreasing (Drop) (Parallel),Inverse_Additive,1
Morphological,kurt_t-Gamma-ch3,Inverse,0.9998,0.992278457,-0.0004545,5.29739042,2.13E-16,0.2465,-0.864970904,0.501165268,Decreasing (Drop) (Parallel),Inverse_Additive,0.9998
Morphological,kurt_t-Gamma-ch2,Inverse,0.7859,0.253300596,0.054538205,1.943454404,0.002789396,0.0576,-1.490704495,0.253979627,Decreasing (Drop) (Parallel),Inverse_Additive,0.7859
Morphological,kurt_t-Gamma-ch19,Inverse,0.9994,0.412034722,-0.038552727,5.196001102,7.92E-16,0.2408,2.529414998,0.049209039,Decreasing (Drop) (Divergent),Inverse_Interactive,0.9994
Morphological,kurt_t-Gamma-ch18,Inverse,0.8439,0.035570221,-0.0992898,4.346388709,1.74E-11,0.1929,3.139042418,0.015088692,Decreasing (Drop) (Divergent),Inverse_Interactive,0.8439
Morphological,kurt_t-Gamma-ch17,Inverse,0.9667,0.792614249,-0.012530326,2.582169906,7.04E-05,0.0935,0.160535681,0.902094574,Decreasing (Drop) (Parallel),Inverse_Additive,0.9667
Morphological,kurt_t-Gamma-ch16,Inverse,0.9462,0.981886269,-0.001075988,3.863488029,2.46E-09,0.1657,-0.555777587,0.668440519,Decreasing (Drop) (Parallel),Inverse_Additive,0.9462
Morphological,kurt_t-Gamma-ch15,Inverse,1,0.784006126,-0.01275182,6.443393734,1.03E-23,0.3111,-0.36540621,0.77422804,Decreasing (Drop) (Parallel),Inverse_Additive,1
Morphological,kurt_t-Gamma-ch14,Inverse,0.7335,0.6155906,0.024001254,1.477688265,0.023116686,0.0313,-1.566595209,0.231243929,Decreasing (Drop) (Parallel),Inverse_Additive,0.7335
Morphological,kurt_t-Gamma-ch13,Inverse,1,0.578430823,0.026032171,5.609945823,3.02E-18,0.2641,-3.620413357,0.004719258,Decreasing (Drop) (Divergent),Inverse_Interactive,1
Morphological,kurt_t-Gamma-ch12,Inverse,0.9921,0.551635154,0.027961651,5.266067225,3.18E-16,0.2447,-1.824751516,0.155826265,Decreasing (Drop) (Divergent),Inverse_Interactive,0.9921
Morphological,kurt_t-Gamma-ch11,Inverse,0.9954,0.670038825,0.020204508,3.747267751,7.32E-09,0.1592,-1.369570496,0.29142871,Decreasing (Drop) (Parallel),Inverse_Additive,0.9954
Morphological,kurt_t-Gamma-ch10,Inverse,1,0.446253718,0.035463712,6.333463369,5.90E-23,0.3049,2.123334056,0.095664872,Decreasing (Drop) (Divergent),Inverse_Interactive,1
Morphological,kurt_t-Gamma-ch1,Inverse,1,0.175035737,0.059768098,10.63500614,5.51E-65,0.5472,-0.916101535,0.447609686,Decreasing (Drop) (Parallel),Inverse_Additive,1
Morphological,kurt_t-Gamma-avgch,Inverse,0.9999,0.681735794,0.019345688,4.642752957,6.77E-13,0.2096,-0.074300121,0.954129979,Decreasing (Drop) (Parallel),Inverse_Additive,0.9999
Morphological,kurt_t-Delta-ch9,Inverse,0.4898,0.31242645,0.048233484,-1.921750516,0.003115251,0.0563,1.619431771,0.215334024,Increasing (Rise) (Parallel),Inverse_Additive,0.4898
Morphological,kurt_t-Delta-ch8,Invariant,0.5028,0.928613982,-0.004286968,,,,,,Invariant,Null,0.5028
Morphological,kurt_t-Delta-ch7,Invariant,0.4405,0.454296561,0.035803171,,,,,,Invariant,Null,0.4405
Morphological,kurt_t-Delta-ch6,Inverse,0.3917,0.781645379,-0.013260782,0.973227818,0.134829731,0.0029,1.325368978,0.311608091,Decreasing (Drop) (Parallel),Inverse_Additive,0.3917
Morphological,kurt_t-Delta-ch5,Linear,0.4158,0.276927976,0.051956974,-0.002800141,0.015200326,0.1143,-0.002201243,0.339952638,Decreasing (Parallel),Linear_Additive,0.4158
Morphological,kurt_t-Delta-ch4,Invariant,0.386,0.625437699,0.023358393,,,,,,Invariant,Null,0.386
Morphological,kurt_t-Delta-ch3,Invariant,0.4375,0.549543625,0.028635086,,,,,,Invariant,Null,0.4375
Morphological,kurt_t-Delta-ch2,Invariant,0.3958,0.87383737,-0.007598152,,,,,,Invariant,Null,0.3958
Morphological,kurt_t-Delta-ch19,Invariant,0.4366,0.961613099,0.002303072,,,,,,Invariant,Null,0.4366
Morphological,kurt_t-Delta-ch18,Invariant,0.478,0.848754233,0.009125655,,,,,,Invariant,Null,0.478
Morphological,kurt_t-Delta-ch17,Quadratic,0.9019,0.14539151,0.069457829,-0.000167028,0.006352967,0.134,4.46E-05,0.110391452,Accelerating Down (n) (Divergent),Quadratic_Interactive,0.9019
Morphological,kurt_t-Delta-ch16,Invariant,0.5155,0.68229887,0.019586563,,,,,,Invariant,Null,0.5155
Morphological,kurt_t-Delta-ch15,Invariant,0.4303,0.663095826,0.020845673,,,,,,Invariant,Null,0.4303
Morphological,kurt_t-Delta-ch14,Invariant,0.4839,0.99948033,3.12E-05,,,,,,Invariant,Null,0.4839
Morphological,kurt_t-Delta-ch13,Linear,0.5311,0.835893802,0.009900859,0.002824912,0.01435754,0.1167,-0.00261595,0.256912359,Increasing (Parallel),Linear_Additive,0.5311
Morphological,kurt_t-Delta-ch12,Inverse,0.998,0.412082084,0.038853963,3.924266904,1.36E-09,0.1691,-1.110238222,0.391932969,Decreasing (Drop) (Parallel),Inverse_Additive,0.998
Morphological,kurt_t-Delta-ch11,Inverse,0.5897,0.442036788,0.036751909,1.384854367,0.033268979,0.0261,-1.003023942,0.443474336,Decreasing (Drop) (Parallel),Inverse_Additive,0.5897
Morphological,kurt_t-Delta-ch10,Invariant,0.4745,0.929977278,-0.004204884,,,,,,Invariant,Null,0.4745
Morphological,kurt_t-Delta-ch1,Invariant,0.3876,0.767818907,0.014127024,,,,,,Invariant,Null,0.3876
Morphological,kurt_t-Delta-avgch,Invariant,0.4688,0.608214748,0.024528965,,,,,,Invariant,Null,0.4688
Morphological,kurt_t-Broadband-ch9,Invariant,0.451,0.054952498,-0.091791345,,,,,,Invariant,Null,0.451
Morphological,kurt_t-Broadband-ch8,Invariant,0.3724,0.008514702,-0.125771571,,,,,,Invariant,Null,0.3724
Morphological,kurt_t-Broadband-ch7,Inverse,0.9254,0.996786728,-0.000191772,2.812904046,1.48E-05,0.1065,4.328353728,0.000885061,Decreasing (Drop) (Divergent),Inverse_Interactive,0.9254
Morphological,kurt_t-Broadband-ch6,Inverse,0.3283,0.126397506,-0.073097991,1.030608761,0.113072512,0.0061,0.368975991,0.778055543,Decreasing (Drop) (Parallel),Inverse_Additive,0.3283
Morphological,kurt_t-Broadband-ch5,Quadratic,0.9993,2.91E-25,-0.488657567,0.000264301,9.13E-06,0.3008,2.36E-06,0.93066316,Accelerating Up (U) (Parallel),Quadratic_Additive,0.9993
Morphological,kurt_t-Broadband-ch4,Inverse,0.9941,0.485358341,-0.033120546,3.529167764,5.21E-08,0.1469,0.160403757,0.901782419,Decreasing (Drop) (Parallel),Inverse_Additive,0.9941
Morphological,kurt_t-Broadband-ch3,Inverse,0.6823,0.730254899,-0.016480917,1.502368218,0.020923508,0.0327,-0.108047337,0.934209232,Decreasing (Drop) (Parallel),Inverse_Additive,0.6823
Morphological,kurt_t-Broadband-ch2,Inverse,0.4441,0.365591632,0.043278269,1.015656461,0.118543263,0.0053,-2.307295073,0.077979457,Decreasing (Drop) (Divergent),Inverse_Interactive,0.4441
Morphological,kurt_t-Broadband-ch19,Quadratic,0.3979,5.78E-05,-0.192306521,0.000128321,0.036016172,0.0677,-1.48E-05,0.596979666,Accelerating Up (U) (Parallel),Quadratic_Additive,0.3979
Morphological,kurt_t-Broadband-ch18,Quadratic,0.5123,0.000134741,-0.182435103,0.000157835,0.009904034,0.1183,-1.74E-06,0.95041603,Accelerating Up (U) (Parallel),Quadratic_Additive,0.5123
Morphological,kurt_t-Broadband-ch17,Inverse,0.8858,0.555414366,0.02813648,2.188428289,0.000759568,0.0714,-2.458041236,0.059792759,Decreasing (Drop) (Divergent),Inverse_Interactive,0.8858
Morphological,kurt_t-Broadband-ch16,Inverse,0.341,0.091093136,-0.080799649,1.046091969,0.107706617,0.007,1.189910855,0.363245503,Decreasing (Drop) (Parallel),Inverse_Additive,0.341
Morphological,kurt_t-Broadband-ch15,Inverse,0.3814,2.98E-06,-0.222856739,0.921904507,0.154125384,0,2.77209588,0.033149245,Decreasing (Drop) (Divergent),Inverse_Interactive,0.3814
Morphological,kurt_t-Broadband-ch14,Quadratic,0.4724,0.103383,-0.077932681,-0.00010352,0.091520558,0.0251,-1.43E-05,0.608933516,Accelerating Down (n) (Parallel),Quadratic_Additive,0.4724
Morphological,kurt_t-Broadband-ch13,Inverse,0.3977,0.0042112,-0.136762998,1.001367482,0.123055324,0.0045,-0.134581989,0.917987841,Decreasing (Drop) (Parallel),Inverse_Additive,0.3977
Morphological,kurt_t-Broadband-ch12,Inverse,0.5568,0.002098797,0.14688464,1.277065396,0.049070558,0.02,-0.365146418,0.779764886,Decreasing (Drop) (Parallel),Inverse_Additive,0.5568
Morphological,kurt_t-Broadband-ch11,Inverse,0.3898,0.164998252,-0.066413347,0.944660606,0.146461333,0.0013,-0.957246528,0.46471504,Decreasing (Drop) (Parallel),Inverse_Additive,0.3898
Morphological,kurt_t-Broadband-ch10,Invariant,0.5289,0.012465849,-0.119459812,,,,,,Invariant,Null,0.5289
Morphological,kurt_t-Broadband-ch1,Inverse,0.5602,0.453239545,0.035865363,1.245965955,0.055484101,0.0183,-1.582578853,0.226671562,Decreasing (Drop) (Parallel),Inverse_Additive,0.5602
Morphological,kurt_t-Broadband-avgch,Invariant,0.4518,0.127041754,-0.072991363,,,,,,Invariant,Null,0.4518
Morphological,kurt_t-Beta-ch9,Inverse,0.9224,0.020863151,-0.110019375,2.636457566,4.81E-05,0.0966,3.780501843,0.003671852,Decreasing (Drop) (Divergent),Inverse_Interactive,0.9224
Morphological,kurt_t-Beta-ch8,Inverse,0.467,0.003424849,-0.139830675,1.13577625,0.080221493,0.012,2.403520643,0.065716258,Decreasing (Drop) (Divergent),Inverse_Interactive,0.467
Morphological,kurt_t-Beta-ch7,Inverse,0.9948,0.000231802,-0.172251597,5.582673199,3.43E-18,0.2626,5.794948344,5.49E-06,Decreasing (Drop) (Divergent),Inverse_Interactive,0.9948
Morphological,kurt_t-Beta-ch6,Inverse,0.6035,0.951508286,-0.002880003,3.994171902,6.91E-10,0.1731,1.105479031,0.393903364,Decreasing (Drop) (Parallel),Inverse_Additive,0.6035
Morphological,kurt_t-Beta-ch5,Quadratic,0.9328,0.012076423,-0.119315996,0.000313202,2.98E-07,0.3847,-5.77E-05,0.038244853,Accelerating Up (U) (Divergent),Quadratic_Interactive,0.9328
Morphological,kurt_t-Beta-ch4,Invariant,0.391,0.187863481,-0.063001564,,,,,,Invariant,Null,0.391
Morphological,kurt_t-Beta-ch3,Inverse,0.8443,0.566042706,-0.027381166,2.233699749,0.000588521,0.0739,1.935892515,0.138256369,Decreasing (Drop) (Divergent),Inverse_Interactive,0.8443
Morphological,kurt_t-Beta-ch2,Quadratic,0.4767,0.02892979,0.104487757,0.000156668,0.010644472,0.1163,-9.15E-06,0.744013241,Accelerating Up (U) (Parallel),Quadratic_Additive,0.4767
Morphological,kurt_t-Beta-ch19,Inverse,0.81,0.000133368,-0.181667825,2.657270793,4.00E-05,0.0978,4.43162638,0.000635545,Decreasing (Drop) (Divergent),Inverse_Interactive,0.81
Morphological,kurt_t-Beta-ch18,Inverse,0.5481,0.001241865,-0.154197306,1.284858668,0.047671125,0.0204,5.137771065,8.02E-05,Decreasing (Drop) (Divergent),Inverse_Interactive,0.5481
Morphological,kurt_t-Beta-ch17,Inverse,0.8204,0.147753147,-0.069025224,2.341216294,0.000312685,0.08,2.675733248,0.040263177,Decreasing (Drop) (Divergent),Inverse_Interactive,0.8204
Morphological,kurt_t-Beta-ch16,Inverse,0.9003,0.893955445,0.006359499,2.265598294,0.000490521,0.0757,1.719142023,0.188071072,Decreasing (Drop) (Parallel),Inverse_Additive,0.9003
Morphological,kurt_t-Beta-ch15,Inverse,0.9996,0.097428779,-0.078155882,4.673620087,4.60E-13,0.2114,2.12195126,0.100038793,Decreasing (Drop) (Divergent),Inverse_Interactive,0.9996
Morphological,kurt_t-Beta-ch14,Inverse,0.9023,0.402907872,-0.039933702,1.989996346,0.002205106,0.0602,0.967634834,0.459115097,Decreasing (Drop) (Parallel),Inverse_Additive,0.9023
Morphological,kurt_t-Beta-ch13,Inverse,0.9028,0.810822222,0.011433625,1.817457527,0.005195144,0.0505,-1.03891083,0.426977227,Decreasing (Drop) (Parallel),Inverse_Additive,0.9028
Morphological,kurt_t-Beta-ch12,Inverse,0.6552,0.792185495,-0.012521646,3.287565143,4.02E-07,0.1333,0.82698613,0.525088087,Decreasing (Drop) (Parallel),Inverse_Additive,0.6552
Morphological,kurt_t-Beta-ch11,Inverse,0.598,0.522510676,-0.030576841,1.320259409,0.04243389,0.0224,2.622642442,0.045032384,Decreasing (Drop) (Divergent),Inverse_Interactive,0.598
Morphological,kurt_t-Beta-ch10,Inverse,0.9983,0.155223305,-0.067040791,4.641965993,6.70E-13,0.2096,5.735034585,8.42E-06,Decreasing (Drop) (Divergent),Inverse_Interactive,0.9983
Morphological,kurt_t-Beta-ch1,Quadratic,0.9433,0.000235133,-0.175380471,0.000231104,0.000156874,0.2439,-1.76E-05,0.527177148,Accelerating Up (U) (Parallel),Quadratic_Additive,0.9433
Morphological,kurt_t-Beta-avgch,Inverse,0.9552,0.061298488,-0.088896984,3.294817229,3.70E-07,0.1337,3.426394408,0.008339619,Decreasing (Drop) (Divergent),Inverse_Interactive,0.9552
Morphological,kurt_t-Alpha-ch9,Inverse,0.4185,0.371376964,-0.042760426,1.007198997,0.121656759,0.0048,4.343972766,0.000893979,Decreasing (Drop) (Divergent),Inverse_Interactive,0.4185
Morphological,kurt_t-Alpha-ch8,Invariant,0.4481,0.257869465,-0.05413149,,,,,,Invariant,Null,0.4481
Morphological,kurt_t-Alpha-ch7,Invariant,0.44,0.373455138,-0.04258414,,,,,,Invariant,Null,0.44
Morphological,kurt_t-Alpha-ch6,Invariant,0.3539,0.788023949,-0.012866101,,,,,,Invariant,Null,0.3539
Morphological,kurt_t-Alpha-ch5,Inverse,0.6832,0.128965293,-0.07255079,1.495176799,0.021467885,0.0323,3.973116052,0.002355717,Decreasing (Drop) (Divergent),Inverse_Interactive,0.6832
Morphological,kurt_t-Alpha-ch4,Inverse,0.9854,0.144882622,-0.06898057,4.115336316,2.01E-10,0.1799,1.992904023,0.123771703,Decreasing (Drop) (Divergent),Inverse_Interactive,0.9854
Morphological,kurt_t-Alpha-ch3,Invariant,0.5048,0.655709417,-0.021333805,,,,,,Invariant,Null,0.5048
Morphological,kurt_t-Alpha-ch2,Invariant,0.4734,0.575940763,0.02676338,,,,,,Invariant,Null,0.4734
Morphological,kurt_t-Alpha-ch19,Inverse,0.878,0.448393407,-0.036145101,2.443212812,0.000169449,0.0857,2.190877976,0.093167814,Decreasing (Drop) (Divergent),Inverse_Interactive,0.878
Morphological,kurt_t-Alpha-ch18,Invariant,0.5097,0.151888393,-0.068546318,,,,,,Invariant,Null,0.5097
Morphological,kurt_t-Alpha-ch17,Invariant,0.4406,0.624222517,-0.02344052,,,,,,Invariant,Null,0.4406
Morphological,kurt_t-Alpha-ch16,Invariant,0.4014,0.358337218,-0.043948303,,,,,,Invariant,Null,0.4014
Morphological,kurt_t-Alpha-ch15,Inverse,0.8503,0.073991304,-0.085265022,2.022013176,0.001854432,0.062,3.756445076,0.003985692,Decreasing (Drop) (Divergent),Inverse_Interactive,0.8503
Morphological,kurt_t-Alpha-ch14,Linear,0.4537,0.498531591,-0.032369126,0.002144326,0.06317534,0.0494,-0.003065096,0.184280509,Increasing (Parallel),Linear_Additive,0.4537
Morphological,kurt_t-Alpha-ch13,Invariant,0.4822,0.455563331,-0.035702757,,,,,,Invariant,Null,0.4822
Morphological,kurt_t-Alpha-ch12,Inverse,0.8422,0.249983644,-0.054951053,1.750496748,0.007094869,0.0467,1.475745684,0.259036154,Decreasing (Drop) (Parallel),Inverse_Additive,0.8422
Morphological,kurt_t-Alpha-ch11,Quadratic,0.575,0.435799728,-0.037234318,0.000220399,0.000328379,0.2256,-4.41E-05,0.11531641,Accelerating Up (U) (Divergent),Quadratic_Interactive,0.575
Morphological,kurt_t-Alpha-ch10,Inverse,0.7725,0.425754954,-0.038039374,1.85465206,0.00433929,0.0525,3.585089467,0.0060594,Decreasing (Drop) (Divergent),Inverse_Interactive,0.7725
Morphological,kurt_t-Alpha-ch1,Inverse,0.3623,0.314281691,-0.048137604,0.964538971,0.138248883,0.0024,2.95631445,0.023892203,Decreasing (Drop) (Divergent),Inverse_Interactive,0.3623
Morphological,kurt_t-Alpha-avgch,Inverse,0.9543,0.237999706,-0.056180313,2.820168185,1.39E-05,0.1069,3.686848458,0.00462876,Decreasing (Drop) (Divergent),Inverse_Interactive,0.9543
Complexity,katz_frac-Theta-ch9,Linear,0.7155,0.084819643,0.081924348,0.005637785,9.49E-07,0.3949,0.00451913,0.048752666,Increasing (Divergent),Linear_Interactive,0.7155
Complexity,katz_frac-Theta-ch8,Linear,0.6756,0.159373144,0.067116201,0.004096919,0.000377024,0.2425,0.003676044,0.110213621,Increasing (Divergent),Linear_Interactive,0.6756
Complexity,katz_frac-Theta-ch7,Linear,0.6422,0.754198603,0.014911639,0.004972242,1.58E-05,0.3291,0.005339429,0.020139322,Increasing (Divergent),Linear_Interactive,0.6422
Complexity,katz_frac-Theta-ch6,Linear,0.7232,0.091023719,0.080273264,0.00596984,2.07E-07,0.4278,0.005326628,0.020058853,Increasing (Divergent),Linear_Interactive,0.7232
Complexity,katz_frac-Theta-ch5,Linear,0.6403,0.025707813,0.105895227,0.006066293,1.29E-07,0.4373,0.005076144,0.026585211,Increasing (Divergent),Linear_Interactive,0.6403
Complexity,katz_frac-Theta-ch4,Linear,0.7018,0.300412431,0.048842625,0.008303124,4.33E-13,0.6586,0.000713914,0.75388019,Increasing (Parallel),Linear_Additive,0.7018
Complexity,katz_frac-Theta-ch3,Quadratic,0.4774,0.036062032,0.0993798,-0.000105275,0.083198404,0.0282,2.79E-05,0.314963576,Accelerating Down (n) (Parallel),Quadratic_Additive,0.4774
Complexity,katz_frac-Theta-ch2,Inverse,0.816,0.171011252,0.065099094,-3.103551624,1.71E-06,0.1229,-0.805899126,0.535847879,Increasing (Rise) (Parallel),Inverse_Additive,0.816
Complexity,katz_frac-Theta-ch19,Quadratic,0.5614,0.051385545,0.092760587,-0.000116134,0.057089866,0.0468,2.50E-05,0.370068167,Accelerating Down (n) (Parallel),Quadratic_Additive,0.5614
Complexity,katz_frac-Theta-ch18,Linear,0.6877,0.000494311,0.165953337,0.004043861,0.000432779,0.2373,0.002457323,0.284449429,Increasing (Parallel),Linear_Additive,0.6877
Complexity,katz_frac-Theta-ch17,Inverse,0.9769,0.017076054,0.112676522,-4.310995175,2.51E-11,0.1909,-0.254502014,0.8439082,Increasing (Rise) (Parallel),Inverse_Additive,0.9769
Complexity,katz_frac-Theta-ch16,Linear,0.7246,0.002540139,0.143007439,0.006623901,7.64E-09,0.4925,0.003944956,0.084084357,Increasing (Divergent),Linear_Interactive,0.7246
Complexity,katz_frac-Theta-ch15,Quadratic,0.6574,0.029040306,0.103338687,-0.000136223,0.0248027,0.0812,7.00E-05,0.011493207,Accelerating Down (n) (Divergent),Quadratic_Interactive,0.6574
Complexity,katz_frac-Theta-ch14,Linear,0.4228,0.425689622,0.038013026,0.00389425,0.000730162,0.2225,0.004887731,0.033769605,Increasing (Divergent),Linear_Interactive,0.4228
Complexity,katz_frac-Theta-ch13,Linear,0.3818,0.017368898,0.113341607,0.0044018,0.000130713,0.2727,0.005106667,0.026213513,Increasing (Divergent),Linear_Interactive,0.3818
Complexity,katz_frac-Theta-ch12,Inverse,0.9994,0.185527351,0.0615756,-6.458462642,7.77E-24,0.3119,-1.164543817,0.360327529,Increasing (Rise) (Parallel),Inverse_Additive,0.9994
Complexity,katz_frac-Theta-ch11,Inverse,0.5751,0.06213536,0.086733409,-6.466510682,6.53E-24,0.3124,-1.362842681,0.284127313,Increasing (Rise) (Parallel),Inverse_Additive,0.5751
Complexity,katz_frac-Theta-ch10,Linear,0.6698,0.009386168,0.122928125,0.007112647,5.54E-10,0.5408,0.004120044,0.070971792,Increasing (Divergent),Linear_Interactive,0.6698
Complexity,katz_frac-Theta-ch1,Inverse,0.7662,0.122612307,0.073555946,-2.598642255,6.26E-05,0.0945,0.65553036,0.615195126,Increasing (Rise) (Parallel),Inverse_Additive,0.7662
Complexity,katz_frac-Theta-avgch,Linear,0.6928,0.011442255,0.119763045,0.006880939,1.99E-09,0.5179,0.004160386,0.068469214,Increasing (Divergent),Linear_Interactive,0.6928
Complexity,katz_frac-Gamma-ch9,Inverse,0.9732,0.264497295,-0.053142493,-2.709778176,2.99E-05,0.1007,2.581765094,0.047574621,Increasing (Rise) (Divergent),Inverse_Interactive,0.9732
Complexity,katz_frac-Gamma-ch8,Inverse,0.9997,0.991986483,0.000466167,-6.690020674,1.72E-25,0.325,2.450653391,0.05370012,Increasing (Rise) (Divergent),Inverse_Interactive,0.9997
Complexity,katz_frac-Gamma-ch7,Inverse,1,0.834510562,-0.009595067,-7.703666996,1.36E-33,0.3821,1.425041248,0.257061877,Increasing (Rise) (Parallel),Inverse_Additive,1
Complexity,katz_frac-Gamma-ch6,Inverse,1,0.830039841,0.009891186,-7.404428452,4.60E-31,0.3652,1.640993657,0.193312161,Increasing (Rise) (Parallel),Inverse_Additive,1
Complexity,katz_frac-Gamma-ch5,Inverse,1,0.273811717,-0.051121434,-5.937155851,2.61E-20,0.2826,2.32019505,0.069526262,Increasing (Rise) (Divergent),Inverse_Interactive,1
Complexity,katz_frac-Gamma-ch4,Inverse,0.9985,0.752965575,-0.014694476,-6.030719931,6.63E-21,0.2878,3.033051587,0.01757925,Increasing (Rise) (Divergent),Inverse_Interactive,0.9985
Complexity,katz_frac-Gamma-ch3,Inverse,1,0.527281897,-0.029205522,-7.144231188,5.70E-29,0.3506,2.397209915,0.057957703,Increasing (Rise) (Divergent),Inverse_Interactive,1
Complexity,katz_frac-Gamma-ch2,Inverse,0.9972,0.066423838,-0.086443232,-4.814717088,8.54E-14,0.2193,3.005964653,0.019598451,Increasing (Rise) (Divergent),Inverse_Interactive,0.9972
Complexity,katz_frac-Gamma-ch19,Inverse,0.979,0.973002996,0.001594062,-4.879461757,4.17E-14,0.223,0.800690312,0.534715132,Increasing (Rise) (Parallel),Inverse_Additive,0.979
Complexity,katz_frac-Gamma-ch18,Inverse,0.9793,0.404458356,0.039275669,-4.84867902,6.00E-14,0.2212,0.61740274,0.632177214,Increasing (Rise) (Parallel),Inverse_Additive,0.9793
Complexity,katz_frac-Gamma-ch17,Inverse,0.9967,0.321549251,-0.04688622,-4.181945782,1.02E-10,0.1837,2.342628446,0.070317948,Increasing (Rise) (Divergent),Inverse_Interactive,0.9967
Complexity,katz_frac-Gamma-ch16,Inverse,1,0.415285671,0.03739561,-7.749680994,5.40E-34,0.3847,3.175887771,0.011435451,Increasing (Rise) (Divergent),Inverse_Interactive,1
Complexity,katz_frac-Gamma-ch15,Inverse,1,0.763148547,-0.013606994,-9.067893733,1.27E-46,0.4589,3.144544709,0.010907599,Increasing (Rise) (Divergent),Inverse_Interactive,1
Complexity,katz_frac-Gamma-ch14,Inverse,1,0.864478382,-0.007738833,-8.758702915,1.92E-43,0.4415,1.963132558,0.113712705,Increasing (Rise) (Divergent),Inverse_Interactive,1
Complexity,katz_frac-Gamma-ch13,Inverse,1,0.466433132,-0.033329822,-8.000706668,3.15E-36,0.3988,3.868137384,0.001993555,Increasing (Rise) (Divergent),Inverse_Interactive,1
Complexity,katz_frac-Gamma-ch12,Inverse,1,0.586380601,-0.025001036,-7.651179957,3.79E-33,0.3791,3.654792978,0.00363379,Increasing (Rise) (Divergent),Inverse_Interactive,1
Complexity,katz_frac-Gamma-ch11,Inverse,0.9999,0.17789108,-0.062344914,-6.955846074,1.59E-27,0.3399,3.421476598,0.006857044,Increasing (Rise) (Divergent),Inverse_Interactive,0.9999
Complexity,katz_frac-Gamma-ch10,Inverse,1,0.737477396,-0.01527617,-8.355648649,1.67E-39,0.4188,1.36137008,0.275225123,Increasing (Rise) (Parallel),Inverse_Additive,1
Complexity,katz_frac-Gamma-ch1,Inverse,0.9983,0.069135623,-0.085231808,-5.411219536,4.32E-17,0.2529,3.307918254,0.009887269,Increasing (Rise) (Divergent),Inverse_Interactive,0.9983
Complexity,katz_frac-Gamma-avgch,Inverse,1,0.442170314,-0.034838116,-8.76530322,1.58E-43,0.4419,2.871332202,0.020602685,Increasing (Rise) (Divergent),Inverse_Interactive,1
Complexity,katz_frac-Delta-ch9,Linear,0.5411,0.044026557,-0.09615066,-0.003256777,0.004709122,0.1594,0.000956207,0.678126717,Decreasing (Parallel),Linear_Additive,0.5411
Complexity,katz_frac-Delta-ch8,Quadratic,0.8706,0.125875025,-0.07310688,-0.000149293,0.014819161,0.1036,3.13E-05,0.263696346,Accelerating Down (n) (Parallel),Quadratic_Additive,0.8706
Complexity,katz_frac-Delta-ch7,Linear,0.5007,0.003285649,-0.140236343,-0.00341632,0.00298944,0.1752,0.00379334,0.099050421,Decreasing (Divergent),Linear_Interactive,0.5007
Complexity,katz_frac-Delta-ch6,Linear,0.364,0.452128997,-0.035973226,-0.001693189,0.142431553,0.0048,0.000846629,0.713985048,Decreasing (Parallel),Linear_Additive,0.364
Complexity,katz_frac-Delta-ch5,Linear,0.3964,0.055873673,-0.091428641,-0.001894451,0.100450575,0.0247,0.001758667,0.445970756,Decreasing (Parallel),Linear_Additive,0.3964
Complexity,katz_frac-Delta-ch4,Invariant,0.437,0.165559505,-0.06633366,,,,,,Invariant,Null,0.437
Complexity,katz_frac-Delta-ch3,Linear,0.4907,0.114313007,-0.075498779,-0.002236604,0.052500472,0.0585,-0.000217466,0.924924581,Decreasing (Parallel),Linear_Additive,0.4907
Complexity,katz_frac-Delta-ch2,Quadratic,0.4244,0.323594354,-0.047279637,-0.000118117,0.054506037,0.0502,-3.51E-06,0.900570109,Accelerating Down (n) (Parallel),Quadratic_Additive,0.4244
Complexity,katz_frac-Delta-ch19,Quadratic,0.9783,0.207406045,-0.060141769,-0.000190496,0.001863103,0.1743,3.63E-05,0.194563629,Accelerating Down (n) (Parallel),Quadratic_Additive,0.9783
Complexity,katz_frac-Delta-ch18,Quadratic,0.7668,0.909059111,-0.005388401,0.000126652,0.036360086,0.0648,7.26E-06,0.792799942,Accelerating Up (U) (Parallel),Quadratic_Additive,0.7668
Complexity,katz_frac-Delta-ch17,Linear,0.6083,0.19831194,-0.061473532,-0.002797238,0.015300123,0.114,-0.002618192,0.256318489,Decreasing (Parallel),Linear_Additive,0.6083
Complexity,katz_frac-Delta-ch16,Linear,0.6321,0.1973812,-0.061408538,-0.004749241,3.72E-05,0.3071,0.001793587,0.435397906,Decreasing (Parallel),Linear_Additive,0.6321
Complexity,katz_frac-Delta-ch15,Linear,0.5243,0.068754628,-0.086927872,-0.003066478,0.007807864,0.1406,0.005909447,0.010286978,Decreasing (Divergent),Linear_Interactive,0.5243
Complexity,katz_frac-Delta-ch14,Linear,0.6456,0.130281314,-0.07214937,-0.004181043,0.000284256,0.2509,0.001914955,0.405399496,Decreasing (Parallel),Linear_Additive,0.6456
Complexity,katz_frac-Delta-ch13,Linear,0.728,0.169897936,-0.064555993,-0.009016998,3.28E-15,0.7292,0.002755706,0.224756014,Decreasing (Parallel),Linear_Additive,0.728
Complexity,katz_frac-Delta-ch12,Inverse,0.9279,0.043817797,-0.095344581,-4.09601694,2.37E-10,0.1788,1.177219621,0.363040186,Increasing (Rise) (Parallel),Inverse_Additive,0.9279
Complexity,katz_frac-Delta-ch11,Inverse,0.6249,0.049301903,-0.093265918,-3.530185778,4.99E-08,0.1469,1.337611453,0.302811477,Increasing (Rise) (Parallel),Inverse_Additive,0.6249
Complexity,katz_frac-Delta-ch10,Invariant,0.4178,0.708900958,-0.017864226,,,,,,Invariant,Null,0.4178
Complexity,katz_frac-Delta-ch1,Linear,0.4267,0.635939045,-0.022643792,-0.00204166,0.076934858,0.0393,-0.001903251,0.409859639,Decreasing (Parallel),Linear_Additive,0.4267
Complexity,katz_frac-Delta-avgch,Linear,0.5455,0.10839069,-0.0765842,-0.003971312,0.000567189,0.2301,0.000964594,0.675252761,Decreasing (Parallel),Linear_Additive,0.5455
Complexity,katz_frac-Broadband-ch9,Inverse,1,0.080606403,-0.080095468,-7.810265215,1.38E-34,0.3881,2.588079896,0.039028592,Increasing (Rise) (Divergent),Inverse_Interactive,1
Complexity,katz_frac-Broadband-ch8,Inverse,1,0.055202822,-0.085402549,-9.950147537,1.39E-56,0.5086,3.490997637,0.004144074,Increasing (Rise) (Divergent),Inverse_Interactive,1
Complexity,katz_frac-Broadband-ch7,Inverse,1,0.013818438,-0.109286022,-10.14351003,5.53E-59,0.5195,2.647339251,0.029159872,Increasing (Rise) (Divergent),Inverse_Interactive,1
Complexity,katz_frac-Broadband-ch6,Inverse,1,0.179235359,-0.060379696,-9.354587748,9.49E-50,0.4751,3.040649892,0.013402688,Increasing (Rise) (Divergent),Inverse_Interactive,1
Complexity,katz_frac-Broadband-ch5,Inverse,0.9999,0.306983656,-0.044958023,-10.72793316,3.70E-66,0.5525,1.708154319,0.156163782,Increasing (Rise) (Divergent),Inverse_Interactive,0.9999
Complexity,katz_frac-Broadband-ch4,Inverse,1,0.037943559,-0.094269004,-8.556407296,1.50E-41,0.4301,3.913196517,0.001617607,Increasing (Rise) (Divergent),Inverse_Interactive,1
Complexity,katz_frac-Broadband-ch3,Inverse,1,0.01369621,-0.109222932,-10.26057343,2.04E-60,0.5261,3.263509716,0.007038415,Increasing (Rise) (Divergent),Inverse_Interactive,1
Complexity,katz_frac-Broadband-ch2,Inverse,0.9997,0.00516531,-0.13142339,-5.017770548,6.59E-15,0.2308,4.585277035,0.000352041,Increasing (Rise) (Divergent),Inverse_Interactive,0.9997
Complexity,katz_frac-Broadband-ch19,Inverse,1,0.131513919,-0.067868104,-9.276455117,6.49E-49,0.4707,3.415184008,0.005511986,Increasing (Rise) (Divergent),Inverse_Interactive,1
Complexity,katz_frac-Broadband-ch18,Inverse,0.9999,0.473832198,-0.032731531,-8.123143634,2.41E-37,0.4057,3.603622062,0.003933293,Increasing (Rise) (Divergent),Inverse_Interactive,0.9999
Complexity,katz_frac-Broadband-ch17,Inverse,1,0.030357015,-0.097654157,-9.090023725,5.44E-47,0.4602,4.220226951,0.000613667,Increasing (Rise) (Divergent),Inverse_Interactive,1
Complexity,katz_frac-Broadband-ch16,Inverse,1,0.087024937,-0.075994393,-10.15537235,5.10E-59,0.5202,2.620702591,0.030963646,Increasing (Rise) (Divergent),Inverse_Interactive,1
Complexity,katz_frac-Broadband-ch15,Inverse,1,0.051047697,-0.085203618,-11.13693292,9.23E-72,0.5755,2.084949356,0.080938003,Increasing (Rise) (Divergent),Inverse_Interactive,1
Complexity,katz_frac-Broadband-ch14,Inverse,1,0.005367956,-0.125279166,-9.210347615,2.35E-48,0.467,2.510881802,0.041227831,Increasing (Rise) (Divergent),Inverse_Interactive,1
Complexity,katz_frac-Broadband-ch13,Inverse,1,0.0452664,-0.090192652,-9.179117319,6.43E-48,0.4652,1.757394037,0.153887595,Increasing (Rise) (Divergent),Inverse_Interactive,1
Complexity,katz_frac-Broadband-ch12,Inverse,1,0.002753283,-0.13022255,-11.30737107,2.36E-74,0.5851,3.109419787,0.008878891,Increasing (Rise) (Divergent),Inverse_Interactive,1
Complexity,katz_frac-Broadband-ch11,Inverse,1,0.017901324,-0.102774205,-11.44746884,3.35E-76,0.593,3.603783558,0.002378898,Increasing (Rise) (Divergent),Inverse_Interactive,1
Complexity,katz_frac-Broadband-ch10,Inverse,1,0.188458709,-0.059946062,-8.313090421,3.82E-39,0.4164,2.349227563,0.059616277,Increasing (Rise) (Divergent),Inverse_Interactive,1
Complexity,katz_frac-Broadband-ch1,Inverse,0.9982,0.016069536,-0.11246162,-5.839935504,9.75E-20,0.2771,4.238978978,0.000894747,Increasing (Rise) (Divergent),Inverse_Interactive,0.9982
Complexity,katz_frac-Broadband-avgch,Inverse,1,0.01961345,-0.101938103,-11.10496512,2.17E-71,0.5737,3.193407189,0.007481614,Increasing (Rise) (Divergent),Inverse_Interactive,1
Complexity,katz_frac-Beta-ch9,Inverse,1,0.064360368,-0.083951135,-8.626694492,3.21E-42,0.4341,-0.047962364,0.969200751,Increasing (Rise) (Parallel),Inverse_Additive,1
Complexity,katz_frac-Beta-ch8,Inverse,0.9771,0.231414694,-0.056259419,-5.115936228,2.16E-15,0.2363,1.274655139,0.321915688,Increasing (Rise) (Parallel),Inverse_Additive,0.9771
Complexity,katz_frac-Beta-ch7,Inverse,0.9972,0.059592572,-0.086554381,-7.601176748,8.71E-33,0.3763,-0.112984938,0.928407396,Increasing (Rise) (Parallel),Inverse_Additive,0.9972
Complexity,katz_frac-Beta-ch6,Inverse,1,0.106822343,-0.073320556,-8.50208213,5.61E-41,0.4271,0.813886145,0.513099954,Increasing (Rise) (Parallel),Inverse_Additive,1
Complexity,katz_frac-Beta-ch5,Inverse,0.9999,0.395599224,-0.037673022,-10.26983643,2.46E-60,0.5266,0.72992627,0.547715435,Increasing (Rise) (Parallel),Inverse_Additive,0.9999
Complexity,katz_frac-Beta-ch4,Inverse,0.9872,0.095316494,-0.077093148,-7.058017019,2.47E-28,0.3457,0.808422402,0.522783796,Increasing (Rise) (Parallel),Inverse_Additive,0.9872
Complexity,katz_frac-Beta-ch3,Inverse,1,0.00669876,-0.123623157,-8.210903164,2.61E-38,0.4106,1.131674904,0.364131032,Increasing (Rise) (Parallel),Inverse_Additive,1
Complexity,katz_frac-Beta-ch2,Inverse,0.9998,0.003113446,-0.136512917,-7.049868301,2.30E-28,0.3452,1.682469735,0.182663145,Increasing (Rise) (Parallel),Inverse_Additive,0.9998
Complexity,katz_frac-Beta-ch19,Inverse,0.9983,0.948667073,-0.002921782,-8.691396399,9.11E-43,0.4377,-0.636799214,0.608333794,Increasing (Rise) (Parallel),Inverse_Additive,0.9983
Complexity,katz_frac-Beta-ch18,Inverse,0.9477,0.117991581,-0.073284643,-5.471728989,1.94E-17,0.2563,0.442165607,0.730411128,Increasing (Rise) (Parallel),Inverse_Additive,0.9477
Complexity,katz_frac-Beta-ch17,Inverse,0.9925,0.036002725,-0.094179911,-9.384398285,3.74E-50,0.4768,1.172307508,0.34012066,Increasing (Rise) (Parallel),Inverse_Additive,0.9925
Complexity,katz_frac-Beta-ch16,Inverse,0.9998,0.899666537,-0.005830198,-7.067470188,2.34E-28,0.3462,1.430796746,0.25839018,Increasing (Rise) (Parallel),Inverse_Additive,0.9998
Complexity,katz_frac-Beta-ch15,Inverse,1,0.193270919,-0.058294404,-9.581723934,2.89E-52,0.4879,1.099762282,0.369910711,Increasing (Rise) (Parallel),Inverse_Additive,1
Complexity,katz_frac-Beta-ch14,Inverse,1,0.336279438,-0.044689876,-6.52065846,2.80E-24,0.3154,-0.058893939,0.963085294,Increasing (Rise) (Parallel),Inverse_Additive,1
Complexity,katz_frac-Beta-ch13,Inverse,1,0.358816586,-0.042123243,-7.728410951,7.95E-34,0.3835,1.352464266,0.281809309,Increasing (Rise) (Parallel),Inverse_Additive,1
Complexity,katz_frac-Beta-ch12,Inverse,1,0.099263419,-0.075519721,-7.872068336,3.99E-35,0.3916,0.697150597,0.578230723,Increasing (Rise) (Parallel),Inverse_Additive,1
Complexity,katz_frac-Beta-ch11,Inverse,0.9998,0.174052808,-0.062150622,-8.054579442,9.52E-37,0.4018,1.480875872,0.236668616,Increasing (Rise) (Parallel),Inverse_Additive,0.9998
Complexity,katz_frac-Beta-ch10,Inverse,1,0.246943005,-0.052003065,-9.423295321,1.73E-50,0.479,-0.621986973,0.612968222,Increasing (Rise) (Parallel),Inverse_Additive,1
Complexity,katz_frac-Beta-ch1,Inverse,1,5.11E-05,-0.185649631,-7.633452802,2.67E-33,0.3781,1.498235149,0.23138425,Increasing (Rise) (Parallel),Inverse_Additive,1
Complexity,katz_frac-Beta-avgch,Inverse,1,0.064930378,-0.082475145,-9.74664919,3.37E-54,0.4972,0.82807816,0.498311769,Increasing (Rise) (Parallel),Inverse_Additive,1
Complexity,katz_frac-Alpha-ch9,Quadratic,0.9988,0.046996761,-0.093969682,-0.000407248,2.46E-11,0.546,1.96E-05,0.480436796,Accelerating Down (n) (Parallel),Quadratic_Additive,0.9988
Complexity,katz_frac-Alpha-ch8,Quadratic,0.9991,0.571541799,0.026840802,-0.000383191,3.71E-10,0.5047,-9.63E-06,0.729051363,Accelerating Down (n) (Parallel),Quadratic_Additive,0.9991
Complexity,katz_frac-Alpha-ch7,Quadratic,0.9998,0.095075091,-0.076973892,-0.00065809,6.89E-28,0.9761,3.09E-05,0.252348182,Accelerating Down (n) (Parallel),Quadratic_Additive,0.9998
Complexity,katz_frac-Alpha-ch6,Quadratic,1,0.329742875,-0.046102304,-0.00041101,1.64E-11,0.5524,2.91E-05,0.293380003,Accelerating Down (n) (Parallel),Quadratic_Additive,1
Complexity,katz_frac-Alpha-ch5,Quadratic,0.9935,0.889809805,0.006612452,-0.000231916,0.000155271,0.2453,1.50E-05,0.591756981,Accelerating Down (n) (Parallel),Quadratic_Additive,0.9935
Complexity,katz_frac-Alpha-ch4,Quadratic,1,0.996620501,-0.000199179,-0.000505898,9.64E-17,0.7151,2.26E-06,0.934527534,Accelerating Down (n) (Parallel),Quadratic_Additive,1
Complexity,katz_frac-Alpha-ch3,Quadratic,0.9995,0.442987275,-0.036422158,-0.000364753,2.48E-09,0.4731,1.26E-05,0.649870536,Accelerating Down (n) (Parallel),Quadratic_Additive,0.9995
Complexity,katz_frac-Alpha-ch2,Quadratic,0.9999,0.50977642,-0.031002421,-0.000498866,2.50E-16,0.7031,2.88E-05,0.296686399,Accelerating Down (n) (Parallel),Quadratic_Additive,0.9999
Complexity,katz_frac-Alpha-ch19,Quadratic,1,0.48582004,-0.032555527,-0.000557474,3.64E-20,0.8036,4.08E-05,0.135671293,Accelerating Down (n) (Divergent),Quadratic_Interactive,1
Complexity,katz_frac-Alpha-ch18,Quadratic,0.9975,0.67768822,-0.019826135,-0.000233462,0.000139142,0.248,-5.52E-06,0.84343888,Accelerating Down (n) (Parallel),Quadratic_Additive,0.9975
Complexity,katz_frac-Alpha-ch17,Inverse,0.695,0.251466461,-0.053703001,-5.635744794,2.05E-18,0.2656,-1.267881582,0.322620431,Increasing (Rise) (Parallel),Inverse_Additive,0.695
Complexity,katz_frac-Alpha-ch16,Quadratic,0.9999,0.85117772,-0.008863546,-0.000444474,3.26E-13,0.6098,9.96E-06,0.719051946,Accelerating Down (n) (Parallel),Quadratic_Additive,0.9999
Complexity,katz_frac-Alpha-ch15,Quadratic,1,0.243610474,-0.055056084,-0.000448318,1.97E-13,0.6164,1.61E-05,0.559805512,Accelerating Down (n) (Parallel),Quadratic_Additive,1
Complexity,katz_frac-Alpha-ch14,Quadratic,1,0.229991046,-0.056768832,-0.000417872,7.51E-12,0.5642,-5.71E-06,0.836713936,Accelerating Down (n) (Parallel),Quadratic_Additive,1
Complexity,katz_frac-Alpha-ch13,Quadratic,1,0.506651897,-0.031371499,-0.000444745,3.14E-13,0.6103,3.72E-05,0.179587615,Accelerating Down (n) (Parallel),Quadratic_Additive,1
Complexity,katz_frac-Alpha-ch12,Quadratic,1,0.977997303,-0.001307834,-0.000387029,2.45E-10,0.5113,-2.05E-07,0.994120339,Accelerating Down (n) (Parallel),Quadratic_Additive,1
Complexity,katz_frac-Alpha-ch11,Quadratic,1,0.897983934,0.00603613,-0.000494265,4.97E-16,0.6952,2.65E-05,0.337737248,Accelerating Down (n) (Parallel),Quadratic_Additive,1
Complexity,katz_frac-Alpha-ch10,Quadratic,0.9771,0.641473395,-0.022034861,-0.00040925,2.04E-11,0.5494,2.26E-05,0.41569146,Accelerating Down (n) (Parallel),Quadratic_Additive,0.9771
Complexity,katz_frac-Alpha-ch1,Inverse,0.5332,0.207255946,-0.059128449,-5.476375159,1.85E-17,0.2566,-0.534556694,0.677055375,Increasing (Rise) (Parallel),Inverse_Additive,0.5332
Complexity,katz_frac-Alpha-avgch,Quadratic,1,0.449719998,-0.035441288,-0.000540474,6.05E-19,0.7744,2.00E-05,0.466707807,Accelerating Down (n) (Parallel),Quadratic_Additive,1
Complexity,hurst_exp_h-ch9,Inverse,1,0.030405719,0.097812783,8.949328115,1.61E-45,0.4523,2.289000913,0.063996259,Decreasing (Drop) (Divergent),Inverse_Interactive,1
Complexity,hurst_exp_h-ch8,Inverse,1,0.024024423,0.100526281,9.931489386,2.07E-56,0.5076,0.293451198,0.809741863,Decreasing (Drop) (Parallel),Inverse_Additive,1
Complexity,hurst_exp_h-ch7,Inverse,1,0.000325727,0.153362194,12.25063988,1.16E-88,0.6382,1.525647881,0.190742292,Decreasing (Drop) (Parallel),Inverse_Additive,1
Complexity,hurst_exp_h-ch6,Inverse,1,0.086176294,0.074707341,11.3133247,3.53E-74,0.5854,-0.050085733,0.966474937,Decreasing (Drop) (Parallel),Inverse_Additive,1
Complexity,hurst_exp_h-ch5,Inverse,1,0.162828184,0.060135341,11.87000348,3.09E-82,0.6168,1.258163309,0.286051161,Decreasing (Drop) (Parallel),Inverse_Additive,1
Complexity,hurst_exp_h-ch4,Inverse,1,0.005726092,0.117745881,12.36137814,3.63E-90,0.6445,-1.125927005,0.334005229,Decreasing (Drop) (Parallel),Inverse_Additive,1
Complexity,hurst_exp_h-ch3,Inverse,1,0.009570082,0.115553863,9.834394677,2.54E-55,0.5021,-1.468578508,0.228608102,Decreasing (Drop) (Parallel),Inverse_Additive,1
Complexity,hurst_exp_h-ch2,Inverse,1,0.000769454,0.145963289,11.40820554,6.94E-76,0.5908,-2.451278035,0.038690849,Decreasing (Drop) (Divergent),Inverse_Interactive,1
Complexity,hurst_exp_h-ch19,Inverse,1,0.003301821,0.12718182,11.56702726,4.62E-78,0.5997,1.684830239,0.154560712,Decreasing (Drop) (Divergent),Inverse_Interactive,1
Complexity,hurst_exp_h-ch18,Inverse,1,0.142319334,0.065075343,10.24155875,4.82E-60,0.5251,-0.024068641,0.984183927,Decreasing (Drop) (Parallel),Inverse_Additive,1
Complexity,hurst_exp_h-ch17,Inverse,1,0.290263455,0.046741664,10.47034294,7.48E-63,0.5379,-2.435093831,0.044059712,Decreasing (Drop) (Divergent),Inverse_Interactive,1
Complexity,hurst_exp_h-ch16,Inverse,1,0.017742104,0.101178401,12.31188285,2.85E-89,0.6417,1.795465583,0.123982068,Decreasing (Drop) (Divergent),Inverse_Interactive,1
Complexity,hurst_exp_h-ch15,Inverse,1,0.017643321,0.10196295,11.97507831,5.16E-84,0.6227,2.027892138,0.08440343,Decreasing (Drop) (Divergent),Inverse_Interactive,1
Complexity,hurst_exp_h-ch14,Inverse,1,0.000653034,0.152054441,9.76302658,1.21E-54,0.4981,0.438759725,0.719001836,Decreasing (Drop) (Parallel),Inverse_Additive,1
Complexity,hurst_exp_h-ch13,Inverse,1,0.016123471,0.104083467,11.62845889,7.84E-79,0.6032,0.050210647,0.966160514,Decreasing (Drop) (Parallel),Inverse_Additive,1
Complexity,hurst_exp_h-ch12,Inverse,1,0.002212964,0.12581333,13.90388492,1.62E-117,0.7314,-1.591692377,0.156749215,Decreasing (Drop) (Divergent),Inverse_Interactive,1
Complexity,hurst_exp_h-ch11,Inverse,1,0.020068483,0.096633482,13.49523965,1.52E-109,0.7084,-1.477734953,0.193677037,Decreasing (Drop) (Parallel),Inverse_Additive,1
Complexity,hurst_exp_h-ch10,Inverse,1,0.094698312,0.075764539,8.719436079,3.97E-43,0.4393,1.201202826,0.333000247,Decreasing (Drop) (Parallel),Inverse_Additive,1
Complexity,hurst_exp_h-ch1,Inverse,1,0.107949908,0.073292159,8.275835487,8.19E-39,0.4143,-2.695889544,0.030653258,Decreasing (Drop) (Divergent),Inverse_Interactive,1
Complexity,hurst_exp_h-avgch,Inverse,1,0.003729008,0.120077123,13.62985001,3.12E-112,0.7159,-0.101132379,0.92883428,Decreasing (Drop) (Parallel),Inverse_Additive,1
Complexity,hurst_exp_c-ch9,Inverse,0.9684,0.15815132,0.066742525,4.180481426,1.02E-10,0.1836,-4.647673755,0.000322263,Decreasing (Drop) (Divergent),Inverse_Interactive,0.9684
Complexity,hurst_exp_c-ch8,Inverse,0.9999,0.215270127,0.056628637,8.105714802,3.30E-37,0.4047,-4.114536721,0.000987845,Decreasing (Drop) (Divergent),Inverse_Interactive,0.9999
Complexity,hurst_exp_c-ch7,Inverse,0.9339,0.343598028,0.044607876,4.856588859,5.40E-14,0.2217,-4.555709351,0.000401571,Decreasing (Drop) (Divergent),Inverse_Interactive,0.9339
Complexity,hurst_exp_c-ch6,Inverse,0.852,0.147591629,0.068476763,4.189758523,9.29E-11,0.1841,-3.945821803,0.002271244,Decreasing (Drop) (Divergent),Inverse_Interactive,0.852
Complexity,hurst_exp_c-ch5,Inverse,0.9919,0.281589961,0.048238194,9.603063604,1.73E-52,0.4891,-3.517343414,0.00409049,Decreasing (Drop) (Divergent),Inverse_Interactive,0.9919
Complexity,hurst_exp_c-ch4,Linear,0.5169,0.359349857,0.043379356,-0.007267225,2.44E-10,0.5561,0.003921273,0.085997616,Decreasing (Divergent),Linear_Interactive,0.5169
Complexity,hurst_exp_c-ch3,Inverse,0.9813,0.272673606,0.049776498,8.674581421,1.23E-42,0.4368,-3.283199196,0.008160553,Decreasing (Drop) (Divergent),Inverse_Interactive,0.9813
Complexity,hurst_exp_c-ch2,Linear,0.7197,0.250016788,0.0546157,-0.006133923,9.54E-08,0.444,0.004726947,0.039064,Decreasing (Divergent),Linear_Interactive,0.7197
Complexity,hurst_exp_c-ch19,Inverse,1,0.426351783,0.036174867,8.514100009,4.82E-41,0.4277,-5.452778835,1.13E-05,Decreasing (Drop) (Divergent),Inverse_Interactive,1
Complexity,hurst_exp_c-ch18,Inverse,0.9999,0.126321181,0.068579414,9.495695877,2.54E-51,0.483,-4.115874717,0.000787347,Decreasing (Drop) (Divergent),Inverse_Interactive,0.9999
Complexity,hurst_exp_c-ch17,Quadratic,0.5046,0.062179649,0.088564927,9.42E-05,0.121599764,0.0092,3.19E-05,0.25161866,Accelerating Up (U) (Parallel),Quadratic_Additive,0.5046
Complexity,hurst_exp_c-ch16,Inverse,0.9482,0.278234262,0.051325277,4.039746853,4.33E-10,0.1757,-4.498125833,0.00050723,Decreasing (Drop) (Divergent),Inverse_Interactive,0.9482
Complexity,hurst_exp_c-ch15,Inverse,0.3936,0.382882918,0.041421289,3.508359214,6.21E-08,0.1457,-4.824115588,0.000199951,Decreasing (Drop) (Divergent),Inverse_Interactive,0.3936
Complexity,hurst_exp_c-ch14,Inverse,0.544,0.543583795,0.028945595,2.584130368,6.93E-05,0.0936,-2.78461133,0.032723946,Decreasing (Drop) (Divergent),Inverse_Interactive,0.544
Complexity,hurst_exp_c-ch13,Quadratic,0.7767,0.558346761,0.027605408,0.000149025,0.013794403,0.1032,9.75E-06,0.724256645,Accelerating Up (U) (Parallel),Quadratic_Additive,0.7767
Complexity,hurst_exp_c-ch12,Quadratic,0.4644,0.529285683,0.029883826,9.33E-05,0.125581939,0.0076,5.76E-06,0.836181181,Accelerating Up (U) (Parallel),Quadratic_Additive,0.4644
Complexity,hurst_exp_c-ch11,Linear,0.478,0.175399197,0.064461331,-0.005324656,3.70E-06,0.364,0.002391869,0.297530353,Decreasing (Parallel),Linear_Additive,0.478
Complexity,hurst_exp_c-ch10,Inverse,0.9999,0.156559739,0.064917928,7.866136807,4.66E-35,0.3912,-3.985210932,0.001464408,Decreasing (Drop) (Divergent),Inverse_Interactive,0.9999
Complexity,hurst_exp_c-ch1,Linear,0.6248,0.023711415,0.107296669,-0.006217994,6.12E-08,0.4523,0.003888612,0.089213752,Decreasing (Divergent),Linear_Interactive,0.6248
Complexity,hurst_exp_c-avgch,Inverse,0.9969,0.149719972,0.065761624,8.181494644,6.41E-38,0.409,-4.160053309,0.000855552,Decreasing (Drop) (Divergent),Inverse_Interactive,0.9969
Morphological,hjorth_mobility-ch9,Inverse,1,0.053512949,-0.087659201,-8.597597318,6.12E-42,0.4324,2.763650476,0.026030847,Increasing (Rise) (Divergent),Inverse_Interactive,1
Morphological,hjorth_mobility-ch8,Inverse,1,0.038383816,-0.090765328,-10.92220932,7.29E-69,0.5634,3.438713867,0.004103137,Increasing (Rise) (Divergent),Inverse_Interactive,1
Morphological,hjorth_mobility-ch7,Inverse,1,0.014492973,-0.107937068,-10.48019032,3.67E-63,0.5385,3.266529145,0.006786786,Increasing (Rise) (Divergent),Inverse_Interactive,1
Morphological,hjorth_mobility-ch6,Inverse,1,0.114111649,-0.070295739,-10.04014421,1.29E-57,0.5137,2.929494545,0.016065141,Increasing (Rise) (Divergent),Inverse_Interactive,1
Morphological,hjorth_mobility-ch5,Inverse,1,0.411546821,-0.035201736,-12.14246551,2.46E-86,0.6321,1.598255189,0.173174307,Increasing (Rise) (Parallel),Inverse_Additive,1
Morphological,hjorth_mobility-ch4,Inverse,1,0.026179928,-0.098681407,-10.16975507,2.90E-59,0.521,3.702898773,0.002264022,Increasing (Rise) (Divergent),Inverse_Interactive,1
Morphological,hjorth_mobility-ch3,Inverse,1,0.005716418,-0.120278502,-11.28520417,5.50E-74,0.5838,3.320548223,0.00523162,Increasing (Rise) (Divergent),Inverse_Interactive,1
Morphological,hjorth_mobility-ch2,Inverse,1,0.000883019,-0.148441636,-9.72490514,3.48E-54,0.4959,4.03432345,0.00093009,Increasing (Rise) (Divergent),Inverse_Interactive,1
Morphological,hjorth_mobility-ch19,Inverse,1,0.147123249,-0.063538589,-10.95420459,3.34E-69,0.5652,3.666324565,0.002213096,Increasing (Rise) (Divergent),Inverse_Interactive,1
Morphological,hjorth_mobility-ch18,Inverse,1,0.067956032,-0.079379459,-11.37057508,5.27E-75,0.5887,3.368888469,0.004602481,Increasing (Rise) (Divergent),Inverse_Interactive,1
Morphological,hjorth_mobility-ch17,Inverse,1,0.027097935,-0.098320957,-10.01794618,1.98E-57,0.5125,3.869968205,0.001454199,Increasing (Rise) (Divergent),Inverse_Interactive,1
Morphological,hjorth_mobility-ch16,Inverse,1,0.056767669,-0.083645971,-10.83239561,1.22E-67,0.5583,2.784507288,0.020394311,Increasing (Rise) (Divergent),Inverse_Interactive,1
Morphological,hjorth_mobility-ch15,Inverse,1,0.052773987,-0.082970509,-12.14099037,1.76E-86,0.6321,2.469873555,0.035034984,Increasing (Rise) (Divergent),Inverse_Interactive,1
Morphological,hjorth_mobility-ch14,Inverse,1,0.023904599,-0.101602264,-9.266675423,6.86E-49,0.4701,2.071463917,0.092256863,Increasing (Rise) (Divergent),Inverse_Interactive,1
Morphological,hjorth_mobility-ch13,Inverse,1,0.227046344,-0.052799525,-11.11494395,2.35E-71,0.5743,1.717339361,0.151111508,Increasing (Rise) (Divergent),Inverse_Interactive,1
Morphological,hjorth_mobility-ch12,Inverse,1,0.012161181,-0.108030821,-11.83176331,7.14E-82,0.6146,3.216940917,0.006292712,Increasing (Rise) (Divergent),Inverse_Interactive,1
Morphological,hjorth_mobility-ch11,Inverse,1,0.018846065,-0.101612779,-11.62149186,1.02E-78,0.6028,3.14035546,0.007920659,Increasing (Rise) (Divergent),Inverse_Interactive,1
Morphological,hjorth_mobility-ch10,Inverse,1,0.068211519,-0.081326282,-9.877400913,1.03E-55,0.5045,3.130753858,0.010247303,Increasing (Rise) (Divergent),Inverse_Interactive,1
Morphological,hjorth_mobility-ch1,Inverse,1,0.006021408,-0.124025493,-8.959034695,1.08E-45,0.4528,3.998244507,0.001187425,Increasing (Rise) (Divergent),Inverse_Interactive,1
Morphological,hjorth_mobility-avgch,Inverse,1,0.017036161,-0.10551014,-10.38365049,6.19E-62,0.5331,3.255936324,0.00706427,Increasing (Rise) (Divergent),Inverse_Interactive,1
Morphological,hjorth_complexity-ch9,Inverse,1,0.110063472,0.066803081,13.27167024,2.64E-105,0.6958,0.582060178,0.610993575,Decreasing (Drop) (Parallel),Inverse_Additive,1
Morphological,hjorth_complexity-ch8,Inverse,1,0.002265223,0.122611525,14.785023,1.51E-135,0.781,-0.585119607,0.594168343,Decreasing (Drop) (Parallel),Inverse_Additive,1
Morphological,hjorth_complexity-ch7,Inverse,1,0.000363954,0.135676987,16.47864709,1.33E-176,0.8764,-0.448790609,0.666154627,Decreasing (Drop) (Parallel),Inverse_Additive,1
Morphological,hjorth_complexity-ch6,Inverse,1,0.045978159,0.079274928,15.19939484,2.71E-144,0.8044,-1.079739658,0.320553938,Decreasing (Drop) (Parallel),Inverse_Additive,1
Morphological,hjorth_complexity-ch5,Inverse,1,0.443134899,0.029424414,16.32088396,3.16E-171,0.8676,-0.295246136,0.778669206,Decreasing (Drop) (Parallel),Inverse_Additive,1
Morphological,hjorth_complexity-ch4,Inverse,1,0.045264474,0.081368727,14.39054898,7.53E-127,0.7588,-3.018646977,0.006587612,Decreasing (Drop) (Divergent),Inverse_Interactive,1
Morphological,hjorth_complexity-ch3,Inverse,1,0.04686976,0.079635976,14.90293323,1.08E-137,0.7877,-2.315554892,0.034603008,Decreasing (Drop) (Divergent),Inverse_Interactive,1
Morphological,hjorth_complexity-ch2,Inverse,1,0.000861852,0.135441947,14.33254946,3.63E-126,0.7555,-2.605104357,0.018971205,Decreasing (Drop) (Divergent),Inverse_Interactive,1
Morphological,hjorth_complexity-ch19,Inverse,1,0.009867107,0.099102853,16.24919221,5.41E-170,0.8635,0.24160128,0.818123652,Decreasing (Drop) (Parallel),Inverse_Additive,1
Morphological,hjorth_complexity-ch18,Inverse,1,0.060809149,0.072176528,16.19868351,2.19E-168,0.8607,-1.912835945,0.069314351,Decreasing (Drop) (Divergent),Inverse_Interactive,1
Morphological,hjorth_complexity-ch17,Inverse,1,0.785521747,0.01148191,12.89789589,1.34E-98,0.6747,-3.407177656,0.003149502,Decreasing (Drop) (Divergent),Inverse_Interactive,1
Morphological,hjorth_complexity-ch16,Inverse,1,0.003642972,0.116043935,15.00852516,2.25E-140,0.7936,-0.243883314,0.823203149,Decreasing (Drop) (Parallel),Inverse_Additive,1
Morphological,hjorth_complexity-ch15,Inverse,1,0.008024523,0.100328898,16.66959546,3.13E-181,0.8872,0.021939741,0.983092098,Decreasing (Drop) (Parallel),Inverse_Additive,1
Morphological,hjorth_complexity-ch14,Inverse,1,0.004613052,0.115798278,14.14044617,4.46E-122,0.7447,-0.695161724,0.534065957,Decreasing (Drop) (Parallel),Inverse_Additive,1
Morphological,hjorth_complexity-ch13,Inverse,1,0.112265137,0.062092137,15.72971702,1.38E-156,0.8342,-0.812269461,0.447835485,Decreasing (Drop) (Parallel),Inverse_Additive,1
Morphological,hjorth_complexity-ch12,Inverse,1,0.004975841,0.11022267,15.57432717,2.47E-153,0.8255,-3.079105313,0.004080426,Decreasing (Drop) (Divergent),Inverse_Interactive,1
Morphological,hjorth_complexity-ch11,Inverse,1,0.023135935,0.086261996,16.57968995,1.35E-178,0.8821,-2.386395794,0.021562829,Decreasing (Drop) (Divergent),Inverse_Interactive,1
Morphological,hjorth_complexity-ch10,Inverse,1,0.044763943,0.084736956,12.82140838,1.47E-97,0.6704,-0.451032215,0.696288336,Decreasing (Drop) (Parallel),Inverse_Additive,1
Morphological,hjorth_complexity-ch1,Inverse,1,0.273320002,0.047856726,11.14537329,9.22E-72,0.576,-3.662302344,0.002168783,Decreasing (Drop) (Divergent),Inverse_Interactive,1
Morphological,hjorth_complexity-avgch,Inverse,1,0.008960063,0.096298819,17.38489119,9.31E-202,0.9275,-1.446185603,0.151228698,Decreasing (Drop) (Divergent),Inverse_Interactive,1
Morphological,hjorth_activity-ch9,Invariant,0.5192,0.939499208,0.003631904,,,,,,Invariant,Null,0.5192
Morphological,hjorth_activity-ch8,Inverse,0.3898,0.574143962,-0.02688269,-1.017367297,0.11797818,0.0054,-0.390451882,0.765632267,Increasing (Rise) (Parallel),Inverse_Additive,0.3898
Morphological,hjorth_activity-ch7,Invariant,0.5273,0.827764563,0.01041099,,,,,,Invariant,Null,0.5273
Morphological,hjorth_activity-ch6,Linear,0.3656,0.76403223,0.01433709,-0.003372407,0.003457572,0.1709,-0.002867803,0.213552173,Decreasing (Parallel),Linear_Additive,0.3656
Morphological,hjorth_activity-ch5,Quadratic,0.9514,0.642144015,0.022161975,-0.000248126,5.15E-05,0.2731,-3.54E-05,0.205835503,Accelerating Down (n) (Parallel),Quadratic_Additive,0.9514
Morphological,hjorth_activity-ch4,Inverse,0.3938,0.619918295,-0.023701369,-1.604526121,0.013632732,0.0385,0.899055857,0.492002877,Increasing (Rise) (Parallel),Inverse_Additive,0.3938
Morphological,hjorth_activity-ch3,Inverse,0.4626,0.55528317,-0.028172906,-1.835072175,0.004771228,0.0514,-1.023896758,0.433627392,Increasing (Rise) (Parallel),Inverse_Additive,0.4626
Morphological,hjorth_activity-ch2,Invariant,0.4457,0.55923932,0.027942661,,,,,,Invariant,Null,0.4457
Morphological,hjorth_activity-ch19,Invariant,0.4065,0.793912166,-0.012500351,,,,,,Invariant,Null,0.4065
Morphological,hjorth_activity-ch18,Invariant,0.4386,0.412718892,-0.039192434,,,,,,Invariant,Null,0.4386
Morphological,hjorth_activity-ch17,Quadratic,0.3822,0.84562886,-0.009326232,-9.40E-05,0.126121083,0.0088,6.53E-06,0.816081519,Accelerating Down (n) (Parallel),Quadratic_Additive,0.3822
Morphological,hjorth_activity-ch16,Invariant,0.4139,0.597786808,0.025244859,,,,,,Invariant,Null,0.4139
Morphological,hjorth_activity-ch15,Inverse,0.4829,0.406223768,0.039686096,-1.646907468,0.011331587,0.0408,-0.753564629,0.564597671,Increasing (Rise) (Parallel),Inverse_Additive,0.4829
Morphological,hjorth_activity-ch14,Inverse,0.6688,0.902422827,0.005854873,1.912830026,0.003264808,0.0558,2.722415576,0.037234263,Decreasing (Drop) (Divergent),Inverse_Interactive,0.6688
Morphological,hjorth_activity-ch13,Linear,0.5703,0.643293834,-0.022130601,0.002920422,0.011364355,0.1262,-0.004538206,0.049080326,Increasing (Divergent),Linear_Interactive,0.5703
Morphological,hjorth_activity-ch12,Linear,0.5247,0.82989763,0.010272501,0.002446776,0.034003167,0.0793,-0.002781373,0.228231,Increasing (Parallel),Linear_Additive,0.5247
Morphological,hjorth_activity-ch11,Invariant,0.4467,0.672754082,0.02021065,,,,,,Invariant,Null,0.4467
Morphological,hjorth_activity-ch10,Inverse,0.6058,0.596996306,-0.025278494,-1.372706228,0.034864726,0.0254,0.325381513,0.803706246,Increasing (Rise) (Parallel),Inverse_Additive,0.6058
Morphological,hjorth_activity-ch1,Invariant,0.4079,0.43966583,-0.036974596,,,,,,Invariant,Null,0.4079
Morphological,hjorth_activity-avgch,Invariant,0.4987,0.965166965,-0.00208971,,,,,,Invariant,Null,0.4987
Complexity,higuchi_frac-Theta-ch9,Linear,0.7248,0.016436184,0.113368571,0.007601711,3.29E-11,0.5892,0.006224936,0.006270136,Increasing (Divergent),Linear_Interactive,0.7248
Complexity,higuchi_frac-Theta-ch8,Linear,0.7174,0.087495333,0.080961154,0.006868419,2.21E-09,0.5167,0.005665527,0.013151332,Increasing (Divergent),Linear_Interactive,0.7174
Complexity,higuchi_frac-Theta-ch7,Quadratic,0.8927,0.00228862,0.142363598,-0.000149326,0.012544518,0.1037,5.50E-05,0.04390417,Accelerating Down (n) (Divergent),Quadratic_Interactive,0.8927
Complexity,higuchi_frac-Theta-ch6,Linear,0.7304,0.014599979,0.1155346,0.00724101,2.70E-10,0.5535,0.006052103,0.0079466,Increasing (Divergent),Linear_Interactive,0.7304
Complexity,higuchi_frac-Theta-ch5,Quadratic,0.6368,0.016058498,0.112317016,-0.000105529,0.077543353,0.0286,4.00E-05,0.143133471,Accelerating Down (n) (Divergent),Quadratic_Interactive,0.6368
Complexity,higuchi_frac-Theta-ch4,Quadratic,0.5403,0.006445818,0.129287501,-0.000102567,0.09163666,0.0235,2.55E-05,0.358778853,Accelerating Down (n) (Parallel),Quadratic_Additive,0.5403
Complexity,higuchi_frac-Theta-ch3,Quadratic,0.9746,0.00554857,0.127622694,-0.000258406,1.23E-05,0.2907,4.96E-05,0.065704403,Accelerating Down (n) (Divergent),Quadratic_Interactive,0.9746
Complexity,higuchi_frac-Theta-ch2,Inverse,0.5708,0.057305926,0.086995972,-7.993694459,3.36E-36,0.3984,-2.014289543,0.107655191,Increasing (Rise) (Divergent),Inverse_Interactive,0.5708
Complexity,higuchi_frac-Theta-ch19,Quadratic,0.535,0.019900036,0.109180492,-9.06E-05,0.131458166,0.0031,6.53E-05,0.017417276,Accelerating Down (n) (Divergent),Quadratic_Interactive,0.535
Complexity,higuchi_frac-Theta-ch18,Quadratic,0.9737,0.039462114,0.096320024,-0.000185515,0.001991827,0.1658,4.36E-05,0.111319485,Accelerating Down (n) (Divergent),Quadratic_Interactive,0.9737
Complexity,higuchi_frac-Theta-ch17,Quadratic,0.6232,0.002565257,0.140966085,-0.000192238,0.001340671,0.1773,3.83E-05,0.161128167,Accelerating Down (n) (Parallel),Quadratic_Additive,0.6232
Complexity,higuchi_frac-Theta-ch16,Linear,0.7293,0.07818302,0.08324316,0.007656653,2.44E-11,0.5946,0.006134308,0.007101737,Increasing (Divergent),Linear_Interactive,0.7293
Complexity,higuchi_frac-Theta-ch15,Quadratic,0.9699,0.043183574,0.094035119,-0.000178482,0.002777252,0.1537,6.67E-05,0.014229589,Accelerating Down (n) (Divergent),Quadratic_Interactive,0.9699
Complexity,higuchi_frac-Theta-ch14,Quadratic,0.9431,0.112277814,0.072657111,-0.000161793,0.005845598,0.1251,4.79E-05,0.0739938,Accelerating Down (n) (Divergent),Quadratic_Interactive,0.9431
Complexity,higuchi_frac-Theta-ch13,Linear,0.6293,0.005439875,0.12901416,0.011755392,4.09E-25,1,0.0021775,0.330624678,Increasing (Parallel),Linear_Additive,0.6293
Complexity,higuchi_frac-Theta-ch12,Quadratic,0.9908,0.01770195,0.109288293,-0.000209434,0.000397406,0.2068,1.73E-05,0.520981056,Accelerating Down (n) (Parallel),Quadratic_Additive,0.9908
Complexity,higuchi_frac-Theta-ch11,Quadratic,0.9909,0.010403437,0.116589642,-0.000282689,1.34E-06,0.3324,7.67E-06,0.773466102,Accelerating Down (n) (Parallel),Quadratic_Additive,0.9909
Complexity,higuchi_frac-Theta-ch10,Linear,0.6926,0.108565853,0.075734089,0.0080801,1.79E-12,0.6365,0.005757311,0.011418934,Increasing (Divergent),Linear_Interactive,0.6926
Complexity,higuchi_frac-Theta-ch1,Inverse,0.8227,0.002019455,0.145028756,-5.112454313,1.99E-15,0.2361,-1.567686995,0.222209567,Increasing (Rise) (Parallel),Inverse_Additive,0.8227
Complexity,higuchi_frac-Theta-avgch,Quadratic,0.9883,0.010097952,0.119101559,-0.000197036,0.000908389,0.1855,5.29E-05,0.050804038,Accelerating Down (n) (Divergent),Quadratic_Interactive,0.9883
Complexity,higuchi_frac-Gamma-ch9,Inverse,0.8287,0.278177468,0.051712347,-2.370553436,0.00026327,0.0816,1.152301723,0.377392554,Increasing (Rise) (Parallel),Inverse_Additive,0.8287
Complexity,higuchi_frac-Gamma-ch8,Inverse,0.9996,0.04431477,0.094115215,-5.706948295,7.18E-19,0.2696,2.894072842,0.023734924,Increasing (Rise) (Divergent),Inverse_Interactive,0.9996
Complexity,higuchi_frac-Gamma-ch7,Inverse,0.8757,0.135224928,0.071297921,-2.02315696,0.001848492,0.062,2.633799088,0.043689823,Increasing (Rise) (Divergent),Inverse_Interactive,0.8757
Complexity,higuchi_frac-Gamma-ch6,Inverse,0.969,0.074397993,0.084970763,-2.674798232,3.76E-05,0.0988,1.736261194,0.18275145,Increasing (Rise) (Parallel),Inverse_Additive,0.969
Complexity,higuchi_frac-Gamma-ch5,Inverse,0.9563,0.188846628,0.062473279,-3.153741836,1.16E-06,0.1257,1.820273867,0.161837837,Increasing (Rise) (Parallel),Inverse_Additive,0.9563
Complexity,higuchi_frac-Gamma-ch4,Inverse,0.9816,0.486009931,0.032844484,-4.74225015,2.13E-13,0.2152,2.424710554,0.060201726,Increasing (Rise) (Divergent),Inverse_Interactive,0.9816
Complexity,higuchi_frac-Gamma-ch3,Inverse,0.9897,0.174983539,0.063608898,-5.46891895,2.08E-17,0.2562,1.577523217,0.219054695,Increasing (Rise) (Parallel),Inverse_Additive,0.9897
Complexity,higuchi_frac-Gamma-ch2,Inverse,0.8017,0.384650564,-0.04151248,-1.901616553,0.003444202,0.0552,1.746041553,0.181596678,Increasing (Rise) (Parallel),Inverse_Additive,0.8017
Complexity,higuchi_frac-Gamma-ch19,Inverse,0.8897,0.025843893,0.105246588,-4.383462386,1.16E-11,0.195,2.44685584,0.058168308,Increasing (Rise) (Divergent),Inverse_Interactive,0.8897
Complexity,higuchi_frac-Gamma-ch18,Inverse,0.9689,0.359440425,0.043249028,-4.579231099,1.39E-12,0.206,2.698961569,0.036607863,Increasing (Rise) (Divergent),Inverse_Interactive,0.9689
Complexity,higuchi_frac-Gamma-ch17,Inverse,0.8675,0.461865432,-0.035050747,-2.676163227,3.77E-05,0.0988,1.677370478,0.198339002,Increasing (Rise) (Parallel),Inverse_Additive,0.8675
Complexity,higuchi_frac-Gamma-ch16,Inverse,0.9201,0.034979874,0.100498266,-2.402700455,0.000213951,0.0834,1.495983291,0.251294233,Increasing (Rise) (Parallel),Inverse_Additive,0.9201
Complexity,higuchi_frac-Gamma-ch15,Inverse,0.7883,0.019866376,0.110834475,-2.786085437,1.73E-05,0.105,1.380772303,0.288904194,Increasing (Rise) (Parallel),Inverse_Additive,0.7883
Complexity,higuchi_frac-Gamma-ch14,Inverse,0.9985,0.083278589,0.081289673,-5.343379425,1.10E-16,0.2491,1.935346763,0.131807511,Increasing (Rise) (Divergent),Inverse_Interactive,0.9985
Complexity,higuchi_frac-Gamma-ch13,Inverse,0.9942,0.122873641,0.071956769,-6.137638727,1.24E-21,0.2938,1.617969835,0.204934497,Increasing (Rise) (Parallel),Inverse_Additive,0.9942
Complexity,higuchi_frac-Gamma-ch12,Inverse,0.9949,0.324914767,0.046500223,-4.427012066,7.57E-12,0.1975,2.511205007,0.052043371,Increasing (Rise) (Divergent),Inverse_Interactive,0.9949
Complexity,higuchi_frac-Gamma-ch11,Inverse,0.9959,0.654119937,0.021045954,-5.272624477,2.94E-16,0.2451,2.296868556,0.074002454,Increasing (Rise) (Divergent),Inverse_Interactive,0.9959
Complexity,higuchi_frac-Gamma-ch10,Inverse,0.9641,0.249589381,0.054107686,-5.193446517,8.10E-16,0.2407,0.616042627,0.632059578,Increasing (Rise) (Parallel),Inverse_Additive,0.9641
Complexity,higuchi_frac-Gamma-ch1,Inverse,0.774,0.083440257,-0.082387182,-2.819517837,1.38E-05,0.1069,0.333351342,0.798027266,Increasing (Rise) (Parallel),Inverse_Additive,0.774
Complexity,higuchi_frac-Gamma-avgch,Inverse,0.9958,0.17987455,0.062768098,-5.727973695,5.56E-19,0.2708,1.955524942,0.126811671,Increasing (Rise) (Divergent),Inverse_Interactive,0.9958
Complexity,higuchi_frac-Delta-ch9,Inverse,0.6983,0.498061002,-0.032216702,-3.148364656,1.22E-06,0.1254,-0.972153714,0.455208269,Increasing (Rise) (Parallel),Inverse_Additive,0.6983
Complexity,higuchi_frac-Delta-ch8,Inverse,0.5252,0.28502482,-0.050857294,-3.015701653,3.35E-06,0.118,0.55536309,0.669792297,Increasing (Rise) (Parallel),Inverse_Additive,0.5252
Complexity,higuchi_frac-Delta-ch7,Inverse,0.7066,0.678878311,-0.019772506,-1.859960214,0.00423251,0.0528,-1.075057422,0.410999347,Increasing (Rise) (Parallel),Inverse_Additive,0.7066
Complexity,higuchi_frac-Delta-ch6,Invariant,0.3887,0.811304574,-0.011424174,,,,,,Invariant,Null,0.3887
Complexity,higuchi_frac-Delta-ch5,Invariant,0.4049,0.967688645,-0.001938343,,,,,,Invariant,Null,0.4049
Complexity,higuchi_frac-Delta-ch4,Inverse,0.6401,0.917171219,0.004957917,-2.493627387,0.000123994,0.0885,0.903444259,0.488860295,Increasing (Rise) (Parallel),Inverse_Additive,0.6401
Complexity,higuchi_frac-Delta-ch3,Inverse,0.9932,0.156022924,-0.06693955,-4.542037477,2.07E-12,0.204,1.479112753,0.252102416,Increasing (Rise) (Parallel),Inverse_Additive,0.9932
Complexity,higuchi_frac-Delta-ch2,Inverse,0.8353,0.418321688,-0.038379691,-3.715934289,9.72E-09,0.1574,2.682800136,0.038686202,Increasing (Rise) (Divergent),Inverse_Interactive,0.8353
Complexity,higuchi_frac-Delta-ch19,Inverse,0.7733,0.017852781,-0.110673047,-5.823626352,1.24E-19,0.2762,-1.765553455,0.167143154,Increasing (Rise) (Parallel),Inverse_Additive,0.7733
Complexity,higuchi_frac-Delta-ch18,Quadratic,0.965,0.843368248,-0.009423564,-0.000273201,8.37E-06,0.3161,5.16E-05,0.064609532,Accelerating Down (n) (Divergent),Quadratic_Interactive,0.965
Complexity,higuchi_frac-Delta-ch17,Inverse,0.9912,0.793665405,0.012319699,-4.883422025,3.98E-14,0.2232,1.132231338,0.379964812,Increasing (Rise) (Parallel),Inverse_Additive,0.9912
Complexity,higuchi_frac-Delta-ch16,Inverse,0.471,0.304781176,-0.049074855,-1.18196436,0.069238398,0.0147,-1.34236029,0.305151753,Increasing (Rise) (Parallel),Inverse_Additive,0.471
Complexity,higuchi_frac-Delta-ch15,Inverse,0.7948,0.254829581,-0.053443393,-5.344982329,1.10E-16,0.2492,-0.198163491,0.877434652,Increasing (Rise) (Parallel),Inverse_Additive,0.7948
Complexity,higuchi_frac-Delta-ch14,Inverse,0.7101,0.878449849,0.007263464,-3.431788788,1.21E-07,0.1414,-0.479477304,0.712355172,Increasing (Rise) (Parallel),Inverse_Additive,0.7101
Complexity,higuchi_frac-Delta-ch13,Inverse,0.6822,0.875243238,0.007505342,-1.467494632,0.024093968,0.0307,-0.476889767,0.715614848,Increasing (Rise) (Parallel),Inverse_Additive,0.6822
Complexity,higuchi_frac-Delta-ch12,Inverse,0.9988,0.185745292,-0.061593582,-6.341094017,5.03E-23,0.3053,1.545326246,0.225131074,Increasing (Rise) (Parallel),Inverse_Additive,0.9988
Complexity,higuchi_frac-Delta-ch11,Inverse,0.863,0.661164979,-0.020923596,-2.040082351,0.001700727,0.063,2.079716497,0.111469593,Increasing (Rise) (Divergent),Inverse_Interactive,0.863
Complexity,higuchi_frac-Delta-ch10,Inverse,0.7314,0.317255164,-0.046925336,-5.391511135,5.93E-17,0.2518,-0.285768317,0.823957234,Increasing (Rise) (Parallel),Inverse_Additive,0.7314
Complexity,higuchi_frac-Delta-ch1,Inverse,0.9889,0.833848522,0.009973286,-3.196681597,8.35E-07,0.1282,2.334108127,0.072860213,Increasing (Rise) (Divergent),Inverse_Interactive,0.9889
Complexity,higuchi_frac-Delta-avgch,Inverse,0.9373,0.477906926,-0.033373784,-5.093106364,2.93E-15,0.235,0.161356432,0.900275241,Increasing (Rise) (Parallel),Inverse_Additive,0.9373
Complexity,higuchi_frac-Broadband-ch9,Inverse,1,0.031550354,-0.098594899,-7.759267296,3.59E-34,0.3852,4.000690266,0.001408958,Increasing (Rise) (Divergent),Inverse_Interactive,1
Complexity,higuchi_frac-Broadband-ch8,Inverse,1,0.022919885,-0.099904086,-10.79988884,2.85E-67,0.5565,4.314233702,0.0003223,Increasing (Rise) (Divergent),Inverse_Interactive,1
Complexity,higuchi_frac-Broadband-ch7,Inverse,1,0.018573964,-0.104206761,-10.3205834,3.84E-61,0.5295,4.12731291,0.000642059,Increasing (Rise) (Divergent),Inverse_Interactive,1
Complexity,higuchi_frac-Broadband-ch6,Inverse,1,0.048075832,-0.087035592,-10.6638899,1.93E-65,0.5488,3.891432136,0.001219845,Increasing (Rise) (Divergent),Inverse_Interactive,1
Complexity,higuchi_frac-Broadband-ch5,Inverse,1,0.145203152,-0.062044546,-12.43625588,4.45E-91,0.6487,2.628978871,0.024043727,Increasing (Rise) (Divergent),Inverse_Interactive,1
Complexity,higuchi_frac-Broadband-ch4,Inverse,1,0.035192687,-0.095252889,-8.882811885,7.94E-45,0.4485,4.306965973,0.000490259,Increasing (Rise) (Divergent),Inverse_Interactive,1
Complexity,higuchi_frac-Broadband-ch3,Inverse,1,0.007042603,-0.117613242,-11.13451693,7.15E-72,0.5754,3.810952971,0.001389672,Increasing (Rise) (Divergent),Inverse_Interactive,1
Complexity,higuchi_frac-Broadband-ch2,Inverse,1,0.001076507,-0.145827581,-9.788287289,6.58E-55,0.4995,4.501310932,0.000216755,Increasing (Rise) (Divergent),Inverse_Interactive,1
Complexity,higuchi_frac-Broadband-ch19,Inverse,1,0.05808704,-0.084259046,-10.06788769,5.51E-58,0.5153,5.139339498,2.29E-05,Increasing (Rise) (Divergent),Inverse_Interactive,1
Complexity,higuchi_frac-Broadband-ch18,Inverse,1,0.030024788,-0.093126053,-12.03927304,5.92E-85,0.6263,4.171317307,0.000373603,Increasing (Rise) (Divergent),Inverse_Interactive,1
Complexity,higuchi_frac-Broadband-ch17,Inverse,1,0.009709223,-0.11381997,-10.65695059,1.86E-65,0.5485,4.247908626,0.000408914,Increasing (Rise) (Divergent),Inverse_Interactive,1
Complexity,higuchi_frac-Broadband-ch16,Inverse,1,0.085083552,-0.077043614,-9.664378444,3.05E-53,0.4925,4.113218636,0.00076797,Increasing (Rise) (Divergent),Inverse_Interactive,1
Complexity,higuchi_frac-Broadband-ch15,Inverse,1,0.069983796,-0.079768559,-10.6827347,1.16E-65,0.5499,3.947642913,0.001032842,Increasing (Rise) (Divergent),Inverse_Interactive,1
Complexity,higuchi_frac-Broadband-ch14,Inverse,1,0.074239049,-0.081407203,-8.252083054,1.33E-38,0.413,2.799604251,0.024793361,Increasing (Rise) (Divergent),Inverse_Interactive,1
Complexity,higuchi_frac-Broadband-ch13,Inverse,1,0.155257153,-0.0629725,-10.30487676,8.08E-61,0.5286,2.201326498,0.069415386,Increasing (Rise) (Divergent),Inverse_Interactive,1
Complexity,higuchi_frac-Broadband-ch12,Inverse,1,0.042778216,-0.089844857,-10.22421892,6.69E-60,0.5241,3.445136459,0.004485038,Increasing (Rise) (Divergent),Inverse_Interactive,1
Complexity,higuchi_frac-Broadband-ch11,Inverse,1,0.033174069,-0.094027276,-10.50236721,2.17E-63,0.5397,3.58192518,0.00298922,Increasing (Rise) (Divergent),Inverse_Interactive,1
Complexity,higuchi_frac-Broadband-ch10,Inverse,1,0.062859315,-0.08271935,-10.06168791,6.61E-58,0.5149,3.846195942,0.001552163,Increasing (Rise) (Divergent),Inverse_Interactive,1
Complexity,higuchi_frac-Broadband-ch1,Inverse,1,0.000306016,-0.161528569,-9.546379009,3.31E-52,0.4859,4.470896271,0.000249329,Increasing (Rise) (Divergent),Inverse_Interactive,1
Complexity,higuchi_frac-Broadband-avgch,Inverse,1,0.019232291,-0.102268014,-11.09944115,2.57E-71,0.5734,3.997388639,0.000809228,Increasing (Rise) (Divergent),Inverse_Interactive,1
Complexity,higuchi_frac-Beta-ch9,Inverse,0.7689,0.691803807,0.018636256,-5.155391584,1.34E-15,0.2385,1.543296416,0.230485016,Increasing (Rise) (Parallel),Inverse_Additive,0.7689
Complexity,higuchi_frac-Beta-ch8,Quadratic,0.9501,0.983289284,-0.000951607,-0.000412693,1.99E-12,0.5553,-2.79E-05,0.294340555,Accelerating Down (n) (Parallel),Quadratic_Additive,0.9501
Complexity,higuchi_frac-Beta-ch7,Quadratic,0.8974,0.985087017,0.000879609,-0.000179716,0.002928966,0.1558,-2.68E-05,0.3314021,Accelerating Down (n) (Parallel),Quadratic_Additive,0.8974
Complexity,higuchi_frac-Beta-ch6,Quadratic,0.6506,0.482016002,-0.033179522,-0.000109774,0.069731612,0.0359,-2.20E-05,0.426267721,Accelerating Down (n) (Parallel),Quadratic_Additive,0.6506
Complexity,higuchi_frac-Beta-ch5,Quadratic,0.9962,0.707685041,0.017245544,-0.000318596,7.40E-08,0.394,-5.55E-06,0.837039839,Accelerating Down (n) (Parallel),Quadratic_Additive,0.9962
Complexity,higuchi_frac-Beta-ch4,Linear,0.6547,0.969964491,-0.001765639,0.009771336,1.24E-17,0.8038,-0.001816362,0.422394413,Increasing (Parallel),Linear_Additive,0.6547
Complexity,higuchi_frac-Beta-ch3,Quadratic,0.9093,0.408436436,-0.038231444,-0.000249382,2.72E-05,0.2753,-3.21E-05,0.235932131,Accelerating Down (n) (Parallel),Quadratic_Additive,0.9093
Complexity,higuchi_frac-Beta-ch2,Linear,0.7036,0.404346899,-0.039424672,0.007585815,3.81E-11,0.5876,-0.002815791,0.21726204,Increasing (Parallel),Linear_Additive,0.7036
Complexity,higuchi_frac-Beta-ch19,Quadratic,0.9529,0.403951381,0.038061736,-0.000352685,1.95E-09,0.4524,-5.42E-05,0.042592177,Accelerating Down (n) (Divergent),Quadratic_Interactive,0.9529
Complexity,higuchi_frac-Beta-ch18,Quadratic,0.9007,0.735213774,-0.015479881,-0.000338822,9.08E-09,0.4286,-4.90E-05,0.067714967,Accelerating Down (n) (Divergent),Quadratic_Interactive,0.9007
Complexity,higuchi_frac-Beta-ch17,Quadratic,0.9998,0.731941634,-0.01569201,-0.000284242,1.41E-06,0.335,-2.61E-05,0.331668721,Accelerating Down (n) (Parallel),Quadratic_Additive,0.9998
Complexity,higuchi_frac-Beta-ch16,Quadratic,0.6716,0.532994647,0.029574703,-0.000135011,0.026519527,0.0791,-2.11E-05,0.448677444,Accelerating Down (n) (Parallel),Quadratic_Additive,0.6716
Complexity,higuchi_frac-Beta-ch15,Quadratic,0.8845,0.879093128,0.007082895,-0.000309195,2.47E-07,0.3778,3.50E-06,0.897952231,Accelerating Down (n) (Parallel),Quadratic_Additive,0.8845
Complexity,higuchi_frac-Beta-ch14,Linear,0.541,0.939131259,0.003636169,0.005039764,1.21E-05,0.3358,0.000404206,0.860449971,Increasing (Parallel),Linear_Additive,0.541
Complexity,higuchi_frac-Beta-ch13,Quadratic,0.9924,0.29751569,0.048771421,-0.000235779,8.84E-05,0.2519,1.09E-05,0.689844954,Accelerating Down (n) (Parallel),Quadratic_Additive,0.9924
Complexity,higuchi_frac-Beta-ch12,Linear,0.6493,0.619199684,0.023383151,0.008968624,4.73E-15,0.7244,0.000693474,0.760164816,Increasing (Parallel),Linear_Additive,0.6493
Complexity,higuchi_frac-Beta-ch11,Linear,0.5366,0.618071394,0.023464745,0.008900578,7.63E-15,0.7176,-0.000723017,0.750345062,Increasing (Parallel),Linear_Additive,0.5366
Complexity,higuchi_frac-Beta-ch10,Quadratic,0.7321,0.619539118,0.023471073,-0.000131377,0.030282609,0.0729,1.58E-06,0.954586811,Accelerating Down (n) (Parallel),Quadratic_Additive,0.7321
Complexity,higuchi_frac-Beta-ch1,Quadratic,0.9734,0.042671308,-0.094220858,-0.000180801,0.002432484,0.1577,-4.21E-05,0.121935544,Accelerating Down (n) (Divergent),Quadratic_Interactive,0.9734
Complexity,higuchi_frac-Beta-avgch,Quadratic,0.9906,0.896230665,0.006028848,-0.000266127,7.54E-06,0.304,-1.99E-05,0.462281812,Accelerating Down (n) (Parallel),Quadratic_Additive,0.9906
Complexity,higuchi_frac-Alpha-ch9,Inverse,0.9995,1.14E-07,-0.246201934,-6.173316931,3.43E-22,0.2959,5.913003104,2.80E-06,Increasing (Rise) (Divergent),Inverse_Interactive,0.9995
Complexity,higuchi_frac-Alpha-ch8,Inverse,1,9.28E-06,-0.204215933,-7.118769461,4.42E-29,0.3491,6.250016262,6.15E-07,Increasing (Rise) (Divergent),Inverse_Interactive,1
Complexity,higuchi_frac-Alpha-ch7,Inverse,1,1.66E-06,-0.217329129,-8.40819459,1.58E-40,0.4218,6.086205648,8.13E-07,Increasing (Rise) (Divergent),Inverse_Interactive,1
Complexity,higuchi_frac-Alpha-ch6,Inverse,1,6.26E-05,-0.180675398,-8.888766436,3.51E-45,0.4488,6.234137654,3.89E-07,Increasing (Rise) (Divergent),Inverse_Interactive,1
Complexity,higuchi_frac-Alpha-ch5,Inverse,1,0.000282167,-0.16413104,-8.814725887,2.38E-44,0.4447,4.631733544,0.000172157,Increasing (Rise) (Divergent),Inverse_Interactive,1
Complexity,higuchi_frac-Alpha-ch4,Inverse,0.9974,3.07E-06,-0.21783994,-5.610620897,1.83E-18,0.2642,6.592342763,2.07E-07,Increasing (Rise) (Divergent),Inverse_Interactive,0.9974
Complexity,higuchi_frac-Alpha-ch3,Inverse,0.9997,7.74E-05,-0.184331538,-5.85565818,6.07E-20,0.278,5.631674143,9.34E-06,Increasing (Rise) (Divergent),Inverse_Interactive,0.9997
Complexity,higuchi_frac-Alpha-ch2,Inverse,0.9963,7.03E-07,-0.230862379,-5.944638508,1.29E-20,0.283,6.600679681,1.81E-07,Increasing (Rise) (Divergent),Inverse_Interactive,0.9963
Complexity,higuchi_frac-Alpha-ch19,Inverse,1,8.56E-06,-0.19861488,-9.648641433,1.44E-53,0.4916,5.272898927,1.43E-05,Increasing (Rise) (Divergent),Inverse_Interactive,1
Complexity,higuchi_frac-Alpha-ch18,Inverse,1,1.79E-05,-0.195924698,-7.910246098,8.89E-36,0.3937,4.953484207,6.89E-05,Increasing (Rise) (Divergent),Inverse_Interactive,1
Complexity,higuchi_frac-Alpha-ch17,Inverse,1,8.17E-05,-0.184167666,-5.555634102,4.56E-18,0.2611,6.206680849,1.09E-06,Increasing (Rise) (Divergent),Inverse_Interactive,1
Complexity,higuchi_frac-Alpha-ch16,Inverse,1,4.15E-06,-0.210796031,-7.659225926,1.31E-33,0.3796,5.600477767,7.01E-06,Increasing (Rise) (Divergent),Inverse_Interactive,1
Complexity,higuchi_frac-Alpha-ch15,Inverse,0.9999,1.16E-05,-0.204394885,-5.844413039,6.57E-20,0.2773,6.022558407,2.07E-06,Increasing (Rise) (Divergent),Inverse_Interactive,0.9999
Complexity,higuchi_frac-Alpha-ch14,Inverse,0.9992,2.85E-05,-0.193911127,-6.567272809,7.68E-25,0.3181,6.082413139,1.42E-06,Increasing (Rise) (Divergent),Inverse_Interactive,0.9992
Complexity,higuchi_frac-Alpha-ch13,Inverse,1,0.000115226,-0.175117056,-8.430649899,1.45E-40,0.423,5.55847156,7.05E-06,Increasing (Rise) (Divergent),Inverse_Interactive,1
Complexity,higuchi_frac-Alpha-ch12,Inverse,0.7609,6.52E-06,-0.21028178,-5.766434252,2.01E-19,0.2729,5.674853393,7.85E-06,Increasing (Rise) (Divergent),Inverse_Interactive,0.7609
Complexity,higuchi_frac-Alpha-ch11,Inverse,0.9943,9.74E-05,-0.18007968,-6.874140358,4.22E-27,0.3353,5.426783603,1.64E-05,Increasing (Rise) (Divergent),Inverse_Interactive,0.9943
Complexity,higuchi_frac-Alpha-ch10,Inverse,1,6.90E-07,-0.226739538,-7.825794697,3.85E-35,0.389,5.611726714,6.31E-06,Increasing (Rise) (Divergent),Inverse_Interactive,1
Complexity,higuchi_frac-Alpha-ch1,Inverse,0.9822,1.47E-06,-0.226033455,-4.841360057,4.45E-14,0.2208,5.760036618,6.51E-06,Increasing (Rise) (Divergent),Inverse_Interactive,0.9822
Complexity,higuchi_frac-Alpha-avgch,Inverse,1,2.87E-06,-0.216472245,-6.66406141,1.30E-25,0.3235,6.194530406,8.54E-07,Increasing (Rise) (Divergent),Inverse_Interactive,1
Morphological,env_std-Theta-ch9,Invariant,0.4985,0.071793387,0.086113723,,,,,,Invariant,Null,0.4985
Morphological,env_std-Theta-ch8,Invariant,0.4866,0.76395461,-0.014369274,,,,,,Invariant,Null,0.4866
Morphological,env_std-Theta-ch7,Inverse,0.4378,0.182357769,0.063731699,1.454940725,0.025254004,0.03,1.069870478,0.413460832,Decreasing (Drop) (Parallel),Inverse_Additive,0.4378
Morphological,env_std-Theta-ch6,Quadratic,0.354,0.205232508,0.060629456,0.000104259,0.089347655,0.0264,-2.05E-05,0.464231324,Accelerating Up (U) (Parallel),Quadratic_Additive,0.354
Morphological,env_std-Theta-ch5,Invariant,0.4709,0.537616272,0.029495204,,,,,,Invariant,Null,0.4709
Morphological,env_std-Theta-ch4,Linear,0.5995,0.122557297,0.073775333,0.002894831,0.012057633,0.1236,0.000801531,0.728169478,Increasing (Parallel),Linear_Additive,0.5995
Morphological,env_std-Theta-ch3,Invariant,0.498,0.996092366,-0.000234354,,,,,,Invariant,Null,0.498
Morphological,env_std-Theta-ch2,Quadratic,0.6299,0.043530488,0.096575075,0.000160984,0.008701447,0.1237,-2.01E-05,0.473251822,Accelerating Up (U) (Parallel),Quadratic_Additive,0.6299
Morphological,env_std-Theta-ch19,Inverse,0.4679,0.717068853,0.017330086,1.234482315,0.057808129,0.0176,-2.965352394,0.023441471,Decreasing (Drop) (Divergent),Inverse_Interactive,0.4679
Morphological,env_std-Theta-ch18,Quadratic,0.4298,0.387127865,0.041388261,0.000128713,0.036011721,0.0683,6.22E-05,0.026591486,Accelerating Up (U) (Divergent),Quadratic_Interactive,0.4298
Morphological,env_std-Theta-ch17,Invariant,0.3865,0.270341489,0.052736654,,,,,,Invariant,Null,0.3865
Morphological,env_std-Theta-ch16,Inverse,0.6382,0.206342707,0.060370758,1.648302835,0.011236862,0.0409,0.628278357,0.630941644,Decreasing (Drop) (Parallel),Inverse_Additive,0.6382
Morphological,env_std-Theta-ch15,Invariant,0.5101,0.103697295,0.077834343,,,,,,Invariant,Null,0.5101
Morphological,env_std-Theta-ch14,Invariant,0.5104,0.046346249,0.095277611,,,,,,Invariant,Null,0.5104
Morphological,env_std-Theta-ch13,Quadratic,0.9254,0.908231942,-0.005478285,0.000312756,3.15E-07,0.3839,-4.64E-05,0.095359618,Accelerating Up (U) (Divergent),Quadratic_Interactive,0.9254
Morphological,env_std-Theta-ch12,Linear,0.5979,0.349533507,0.044615215,0.00421878,0.000251476,0.2546,-0.001485928,0.518675937,Increasing (Parallel),Linear_Additive,0.5979
Morphological,env_std-Theta-ch11,Inverse,0.4558,0.293747248,0.050206844,1.195440324,0.066118076,0.0154,1.274747093,0.330146681,Decreasing (Drop) (Parallel),Inverse_Additive,0.4558
Morphological,env_std-Theta-ch10,Invariant,0.371,0.719825768,0.017163676,,,,,,Invariant,Null,0.371
Morphological,env_std-Theta-ch1,Inverse,0.5507,0.167364113,0.066008187,1.272484562,0.050389638,0.0198,-2.410373837,0.065377129,Decreasing (Drop) (Divergent),Inverse_Interactive,0.5507
Morphological,env_std-Theta-avgch,Invariant,0.437,0.045925905,0.095461409,,,,,,Invariant,Null,0.437
Morphological,env_std-Gamma-ch9,Inverse,0.9088,0.417239755,0.038383022,-4.150213587,1.43E-10,0.1819,1.313375066,0.310603665,Increasing (Rise) (Parallel),Inverse_Additive,0.9088
Morphological,env_std-Gamma-ch8,Inverse,0.9788,0.223696759,-0.057980552,-2.549653257,8.62E-05,0.0917,1.567852631,0.229331338,Increasing (Rise) (Parallel),Inverse_Additive,0.9788
Morphological,env_std-Gamma-ch7,Inverse,0.9903,0.596224148,-0.025195937,-3.13258787,1.38E-06,0.1245,3.076703179,0.018041495,Increasing (Rise) (Divergent),Inverse_Interactive,0.9903
Morphological,env_std-Gamma-ch6,Inverse,0.633,0.79243326,0.012581653,-1.386767941,0.033055953,0.0262,2.188348565,0.094483569,Increasing (Rise) (Divergent),Inverse_Interactive,0.633
Morphological,env_std-Gamma-ch5,Quadratic,0.5305,0.363375122,0.043116678,-0.000229637,0.000163983,0.2414,-3.28E-06,0.906045536,Accelerating Down (n) (Parallel),Quadratic_Additive,0.5305
Morphological,env_std-Gamma-ch4,Inverse,0.7537,0.678486577,-0.0195569,-4.626140001,8.19E-13,0.2087,1.861930691,0.149377749,Increasing (Rise) (Divergent),Inverse_Interactive,0.7537
Morphological,env_std-Gamma-ch3,Inverse,0.9953,0.054903114,-0.088784052,-6.975476903,1.05E-27,0.341,1.204749441,0.341146227,Increasing (Rise) (Parallel),Inverse_Additive,0.9953
Morphological,env_std-Gamma-ch2,Linear,0.5337,0.864714779,-0.008137744,0.003330755,0.003882365,0.1668,-0.003974308,0.084709449,Increasing (Divergent),Linear_Interactive,0.5337
Morphological,env_std-Gamma-ch19,Inverse,0.8609,0.857163098,-0.008590648,-2.111821593,0.001159919,0.067,1.275355186,0.329082746,Increasing (Rise) (Parallel),Inverse_Additive,0.8609
Morphological,env_std-Gamma-ch18,Inverse,0.9572,0.760016278,-0.014487458,-3.707560308,1.06E-08,0.1569,1.450601541,0.263921396,Increasing (Rise) (Parallel),Inverse_Additive,0.9572
Morphological,env_std-Gamma-ch17,Inverse,0.7176,0.46424006,-0.0337392,-7.348945831,1.27E-30,0.3621,1.6484186,0.191453605,Increasing (Rise) (Parallel),Inverse_Additive,0.7176
Morphological,env_std-Gamma-ch16,Inverse,0.9499,0.716193571,0.017311245,-2.820198756,1.40E-05,0.1069,3.985528169,0.002207404,Increasing (Rise) (Divergent),Inverse_Interactive,0.9499
Morphological,env_std-Gamma-ch15,Inverse,0.8213,0.545762661,0.028786415,-2.62662593,5.25E-05,0.096,1.438529962,0.270131761,Increasing (Rise) (Parallel),Inverse_Additive,0.8213
Morphological,env_std-Gamma-ch14,Invariant,0.3477,0.755989584,0.014869767,,,,,,Invariant,Null,0.3477
Morphological,env_std-Gamma-ch13,Linear,0.577,0.93004261,0.004182563,0.004797039,3.13E-05,0.3118,-0.003817464,0.096890602,Increasing (Divergent),Linear_Interactive,0.577
Morphological,env_std-Gamma-ch12,Linear,0.6939,0.894988805,-0.006249823,0.007170055,4.29E-10,0.5465,-0.002188158,0.338459548,Increasing (Parallel),Linear_Additive,0.6939
Morphological,env_std-Gamma-ch11,Inverse,0.5205,0.850540988,-0.009000527,-1.81979904,0.005137793,0.0506,2.1941023,0.093312249,Increasing (Rise) (Divergent),Inverse_Interactive,0.5205
Morphological,env_std-Gamma-ch10,Inverse,0.9805,0.773828518,0.013497673,-5.282259699,2.60E-16,0.2457,3.014068214,0.019009,Increasing (Rise) (Divergent),Inverse_Interactive,0.9805
Morphological,env_std-Gamma-ch1,Inverse,0.4368,0.636053257,-0.022610684,-1.68356103,0.009639042,0.0429,0.3171204,0.808474795,Increasing (Rise) (Parallel),Inverse_Additive,0.4368
Morphological,env_std-Gamma-avgch,Inverse,0.9942,0.138980635,-0.069140069,-5.879828513,5.94E-20,0.2793,3.617926009,0.004631685,Increasing (Rise) (Divergent),Inverse_Interactive,0.9942
Morphological,env_std-Delta-ch9,Inverse,0.9932,0.362804112,0.042771913,5.163768084,1.18E-15,0.239,0.799640443,0.534312892,Decreasing (Drop) (Parallel),Inverse_Additive,0.9932
Morphological,env_std-Delta-ch8,Quadratic,0.5887,0.410936409,-0.039344012,0.000140483,0.022103583,0.0885,-2.31E-05,0.410248263,Accelerating Up (U) (Parallel),Quadratic_Additive,0.5887
Morphological,env_std-Delta-ch7,Quadratic,0.4363,0.638732558,0.022444899,0.000126569,0.039035938,0.0647,-6.62E-05,0.018080471,Accelerating Up (U) (Divergent),Quadratic_Interactive,0.4363
Morphological,env_std-Delta-ch6,Inverse,0.891,0.458820254,0.034601532,5.967687458,1.69E-20,0.2843,2.600979871,0.041855777,Decreasing (Drop) (Divergent),Inverse_Interactive,0.891
Morphological,env_std-Delta-ch5,Linear,0.4291,0.887137168,0.006781374,-0.003074091,0.007708604,0.1414,-0.005018971,0.029486452,Decreasing (Divergent),Linear_Interactive,0.4291
Morphological,env_std-Delta-ch4,Inverse,0.4202,0.467198144,0.034770252,1.183476116,0.068925811,0.0147,0.406481533,0.756235818,Decreasing (Drop) (Parallel),Inverse_Additive,0.4202
Morphological,env_std-Delta-ch3,Inverse,0.9201,0.890720599,-0.006546358,2.651763452,4.45E-05,0.0975,-0.963166558,0.460338691,Decreasing (Drop) (Parallel),Inverse_Additive,0.9201
Morphological,env_std-Delta-ch2,Inverse,0.5105,0.143557809,0.069900677,1.447700381,0.02597541,0.0296,-0.449257108,0.731282063,Decreasing (Drop) (Parallel),Inverse_Additive,0.5105
Morphological,env_std-Delta-ch19,Inverse,0.8252,0.902346808,-0.005667855,7.170223555,3.63E-29,0.352,-0.506019387,0.689114811,Decreasing (Drop) (Parallel),Inverse_Additive,0.8252
Morphological,env_std-Delta-ch18,Inverse,0.5446,0.907989903,0.005469766,4.112209889,2.12E-10,0.1797,0.578340093,0.655388373,Decreasing (Drop) (Parallel),Inverse_Additive,0.5446
Morphological,env_std-Delta-ch17,Linear,0.4245,0.978200151,0.001305438,-0.003185242,0.005760766,0.1524,-0.000183963,0.936436543,Decreasing (Parallel),Linear_Additive,0.4245
Morphological,env_std-Delta-ch16,Inverse,0.9412,0.593705863,0.025033932,5.392585966,5.95E-17,0.2519,2.852780639,0.026297965,Decreasing (Drop) (Divergent),Inverse_Interactive,0.9412
Morphological,env_std-Delta-ch15,Inverse,0.9798,0.381401228,0.041019354,5.557835063,6.16E-18,0.2612,1.021451642,0.425930674,Decreasing (Drop) (Parallel),Inverse_Additive,0.9798
Morphological,env_std-Delta-ch14,Inverse,0.9954,0.280220126,0.050504161,5.793641366,2.15E-19,0.2745,2.737128854,0.032438746,Decreasing (Drop) (Divergent),Inverse_Interactive,0.9954
Morphological,env_std-Delta-ch13,Quadratic,0.5561,0.303037651,-0.049011108,0.000270501,9.77E-06,0.3115,-6.77E-05,0.015153034,Accelerating Up (U) (Divergent),Quadratic_Interactive,0.5561
Morphological,env_std-Delta-ch12,Inverse,0.9915,0.49507349,0.032161218,4.745585798,2.04E-13,0.2154,0.351663738,0.785266476,Decreasing (Drop) (Parallel),Inverse_Additive,0.9915
Morphological,env_std-Delta-ch11,Inverse,1,0.224004049,0.055568867,8.102331907,3.55E-37,0.4045,0.578253907,0.643934546,Decreasing (Drop) (Parallel),Inverse_Additive,1
Morphological,env_std-Delta-ch10,Inverse,0.7486,0.673269397,-0.020054535,3.116116208,1.57E-06,0.1236,-0.017294173,0.989404523,Decreasing (Drop) (Parallel),Inverse_Additive,0.7486
Morphological,env_std-Delta-ch1,Inverse,0.9802,0.640111969,0.022205135,3.421208137,1.32E-07,0.1408,-2.723208603,0.036138373,Decreasing (Drop) (Divergent),Inverse_Interactive,0.9802
Morphological,env_std-Delta-avgch,Inverse,1,0.239698231,0.053168158,8.934632215,2.81E-45,0.4514,1.359754908,0.271977591,Decreasing (Drop) (Parallel),Inverse_Additive,1
Morphological,env_std-Broadband-ch9,Inverse,0.7246,0.318617146,0.047624442,1.865899277,0.004102553,0.0532,-0.508086312,0.697552115,Decreasing (Drop) (Parallel),Inverse_Additive,0.7246
Morphological,env_std-Broadband-ch8,Invariant,0.5232,0.258638579,-0.054044143,,,,,,Invariant,Null,0.5232
Morphological,env_std-Broadband-ch7,Invariant,0.4682,0.820441273,0.010861167,,,,,,Invariant,Null,0.4682
Morphological,env_std-Broadband-ch6,Invariant,0.4509,0.544718763,0.028981893,,,,,,Invariant,Null,0.4509
Morphological,env_std-Broadband-ch5,Quadratic,0.6025,0.728268258,0.016635416,-0.000153247,0.012620764,0.1104,-2.75E-05,0.326475113,Accelerating Down (n) (Parallel),Quadratic_Additive,0.6025
Morphological,env_std-Broadband-ch4,Linear,0.4039,0.546731191,0.028826611,0.002070178,0.072885357,0.0421,-0.001722094,0.455830716,Increasing (Parallel),Linear_Additive,0.4039
Morphological,env_std-Broadband-ch3,Invariant,0.3155,0.765138369,-0.014295026,,,,,,Invariant,Null,0.3155
Morphological,env_std-Broadband-ch2,Inverse,0.8189,0.158907987,0.06674071,3.857139827,2.55E-09,0.1654,-0.239592969,0.853429897,Decreasing (Drop) (Parallel),Inverse_Additive,0.8189
Morphological,env_std-Broadband-ch19,Inverse,0.6287,0.963637458,-0.00213501,5.66668909,1.37E-18,0.2673,-1.377295875,0.28272699,Decreasing (Drop) (Parallel),Inverse_Additive,0.6287
Morphological,env_std-Broadband-ch18,Invariant,0.4457,0.886138778,0.00685194,,,,,,Invariant,Null,0.4457
Morphological,env_std-Broadband-ch17,Quadratic,0.4139,0.57942023,0.026544288,-9.91E-05,0.106722849,0.0175,8.51E-08,0.997580128,Accelerating Down (n) (Parallel),Quadratic_Additive,0.4139
Morphological,env_std-Broadband-ch16,Linear,0.4135,0.932643581,0.004040545,-0.002637603,0.022277131,0.0982,-0.003218557,0.163104775,Decreasing (Parallel),Linear_Additive,0.4135
Morphological,env_std-Broadband-ch15,Inverse,0.3681,0.450335442,0.036113494,0.922074978,0.156510812,0,-0.193331802,0.8826651,Decreasing (Drop) (Parallel),Inverse_Additive,0.3681
Morphological,env_std-Broadband-ch14,Invariant,0.4583,0.281208195,0.051556881,,,,,,Invariant,Null,0.4583
Morphological,env_std-Broadband-ch13,Quadratic,0.7181,0.580166891,-0.02640108,0.000237827,0.000105097,0.2555,-6.14E-05,0.028200831,Accelerating Up (U) (Divergent),Quadratic_Interactive,0.7181
Morphological,env_std-Broadband-ch12,Inverse,0.4779,0.810974021,0.011436807,1.294872045,0.046589524,0.021,0.86823275,0.507250499,Decreasing (Drop) (Parallel),Inverse_Additive,0.4779
Morphological,env_std-Broadband-ch11,Inverse,0.9934,0.414809451,0.038489273,4.540394101,2.15E-12,0.2039,0.728360633,0.573003467,Decreasing (Drop) (Parallel),Inverse_Additive,0.9934
Morphological,env_std-Broadband-ch10,Invariant,0.5341,0.404024568,-0.03992611,,,,,,Invariant,Null,0.5341
Morphological,env_std-Broadband-ch1,Inverse,0.8888,0.422219555,0.03830283,2.107338678,0.001185814,0.0668,-2.952239227,0.023762772,Decreasing (Drop) (Divergent),Inverse_Interactive,0.8888
Morphological,env_std-Broadband-avgch,Invariant,0.3996,0.415273023,0.038978648,,,,,,Invariant,Null,0.3996
Morphological,env_std-Beta-ch9,Inverse,0.8579,0.550247949,-0.02811971,-4.963462565,1.48E-14,0.2277,1.591946203,0.216670674,Increasing (Rise) (Parallel),Inverse_Additive,0.8579
Morphological,env_std-Beta-ch8,Inverse,1,0.001082472,-0.151408461,-6.687282636,1.25E-25,0.3248,1.754833503,0.165813467,Increasing (Rise) (Parallel),Inverse_Additive,1
Morphological,env_std-Beta-ch7,Inverse,1,0.020497742,-0.106914859,-7.178190096,2.51E-29,0.3525,3.668631456,0.003621989,Increasing (Rise) (Divergent),Inverse_Interactive,1
Morphological,env_std-Beta-ch6,Inverse,0.993,0.236183754,-0.055933091,-4.457283045,5.36E-12,0.1992,2.755921679,0.032898074,Increasing (Rise) (Divergent),Inverse_Interactive,0.993
Morphological,env_std-Beta-ch5,Inverse,0.4624,0.449145059,-0.035920284,-3.551036131,4.29E-08,0.1481,2.812640425,0.030321526,Increasing (Rise) (Divergent),Inverse_Interactive,0.4624
Morphological,env_std-Beta-ch4,Inverse,0.8867,0.123679213,-0.072346384,-5.147401483,1.42E-15,0.2381,2.063276002,0.108590495,Increasing (Rise) (Divergent),Inverse_Interactive,0.8867
Morphological,env_std-Beta-ch3,Inverse,0.9851,0.021018549,-0.10772717,-5.935757481,2.39E-20,0.2825,1.013262287,0.427577424,Increasing (Rise) (Parallel),Inverse_Additive,0.9851
Morphological,env_std-Beta-ch2,Inverse,0.5669,0.43897623,-0.03690242,-2.401555895,0.000218542,0.0834,3.058448064,0.019053338,Increasing (Rise) (Divergent),Inverse_Interactive,0.5669
Morphological,env_std-Beta-ch19,Inverse,0.9992,0.038188753,-0.096084428,-6.736711085,6.63E-26,0.3276,0.426874622,0.7364799,Increasing (Rise) (Parallel),Inverse_Additive,0.9992
Morphological,env_std-Beta-ch18,Inverse,0.9569,0.192142042,-0.061509327,-4.643163764,6.57E-13,0.2096,1.383066446,0.283966849,Increasing (Rise) (Parallel),Inverse_Additive,0.9569
Morphological,env_std-Beta-ch17,Inverse,0.9131,0.595617463,-0.025269834,-2.81664905,1.44E-05,0.1067,1.922835024,0.140133502,Increasing (Rise) (Divergent),Inverse_Interactive,0.9131
Morphological,env_std-Beta-ch16,Inverse,0.9034,0.168925444,-0.065618023,-2.223379379,0.000620091,0.0733,4.451464526,0.00063846,Increasing (Rise) (Divergent),Inverse_Interactive,0.9034
Morphological,env_std-Beta-ch15,Inverse,0.9804,0.313139006,-0.046822186,-6.649246293,3.28E-25,0.3227,1.54814087,0.223078172,Increasing (Rise) (Parallel),Inverse_Additive,0.9804
Morphological,env_std-Beta-ch14,Inverse,0.5435,0.44914911,-0.036161274,-1.662243096,0.010589838,0.0417,3.392924603,0.009430754,Increasing (Rise) (Divergent),Inverse_Interactive,0.5435
Morphological,env_std-Beta-ch13,Linear,0.586,0.430970243,-0.037516459,0.004774567,3.39E-05,0.3096,-0.006138801,0.007545937,Increasing (Divergent),Linear_Interactive,0.586
Morphological,env_std-Beta-ch12,Quadratic,0.5135,0.219530901,-0.057925013,-0.000171366,0.004646338,0.1415,-2.66E-05,0.335749071,Accelerating Down (n) (Parallel),Quadratic_Additive,0.5135
Morphological,env_std-Beta-ch11,Inverse,0.8434,0.397292991,-0.04013501,-3.740111188,7.77E-09,0.1588,2.52341666,0.051796379,Increasing (Rise) (Divergent),Inverse_Interactive,0.8434
Morphological,env_std-Beta-ch10,Inverse,0.9923,0.09111878,-0.078420408,-6.624460572,4.67E-25,0.3213,3.642316286,0.004101007,Increasing (Rise) (Divergent),Inverse_Interactive,0.9923
Morphological,env_std-Beta-ch1,Inverse,0.7053,0.779171565,-0.013345325,-2.938547831,5.99E-06,0.1136,0.012918722,0.992090818,Increasing (Rise) (Parallel),Inverse_Additive,0.7053
Morphological,env_std-Beta-avgch,Inverse,1,0.000171822,-0.163161958,-11.34411834,4.34E-75,0.5872,4.471977235,0.000159411,Increasing (Rise) (Divergent),Inverse_Interactive,1
Morphological,env_std-Alpha-ch9,Invariant,0.3494,0.646205955,0.021965132,,,,,,Invariant,Null,0.3494
Morphological,env_std-Alpha-ch8,Invariant,0.5024,0.62260512,-0.023549936,,,,,,Invariant,Null,0.5024
Morphological,env_std-Alpha-ch7,Invariant,0.4604,0.57284511,0.026980718,,,,,,Invariant,Null,0.4604
Morphological,env_std-Alpha-ch6,Invariant,0.4238,0.217509532,0.058996845,,,,,,Invariant,Null,0.4238
Morphological,env_std-Alpha-ch5,Quadratic,0.7938,0.533968879,0.029714961,-0.000224211,0.000258403,0.2321,6.72E-06,0.810301305,Accelerating Down (n) (Parallel),Quadratic_Additive,0.7938
Morphological,env_std-Alpha-ch4,Inverse,0.5331,0.556659653,0.028069546,-1.92466969,0.003075351,0.0565,-0.494520174,0.705268015,Increasing (Rise) (Parallel),Inverse_Additive,0.5331
Morphological,env_std-Alpha-ch3,Inverse,0.7223,0.889926944,0.006575801,-3.339288822,2.63E-07,0.1362,-1.440744848,0.268050947,Increasing (Rise) (Parallel),Inverse_Additive,0.7223
Morphological,env_std-Alpha-ch2,Invariant,0.4363,0.285028241,0.051149516,,,,,,Invariant,Null,0.4363
Morphological,env_std-Alpha-ch19,Invariant,0.3653,0.881655428,-0.007123701,,,,,,Invariant,Null,0.3653
Morphological,env_std-Alpha-ch18,Invariant,0.3983,0.593048999,0.025571982,,,,,,Invariant,Null,0.3983
Morphological,env_std-Alpha-ch17,Quadratic,0.6955,0.170239241,0.065643856,-0.000144841,0.018319885,0.096,2.07E-05,0.459760528,Accelerating Down (n) (Parallel),Quadratic_Additive,0.6955
Morphological,env_std-Alpha-ch16,Inverse,0.5289,0.767629702,-0.014122319,-1.551241078,0.017096666,0.0355,-1.229980433,0.347245503,Increasing (Rise) (Parallel),Inverse_Additive,0.5289
Morphological,env_std-Alpha-ch15,Inverse,0.5909,0.711788333,0.017650116,-1.759726067,0.006815427,0.0472,-3.284400911,0.011970232,Increasing (Rise) (Divergent),Inverse_Interactive,0.5909
Morphological,env_std-Alpha-ch14,Invariant,0.5213,0.405004723,0.039842932,,,,,,Invariant,Null,0.5213
Morphological,env_std-Alpha-ch13,Invariant,0.4433,0.953512762,-0.002789564,,,,,,Invariant,Null,0.4433
Morphological,env_std-Alpha-ch12,Inverse,0.4907,0.96000525,-0.002397623,-1.381539098,0.033726149,0.0259,1.806532145,0.167512678,Increasing (Rise) (Parallel),Inverse_Additive,0.4907
Morphological,env_std-Alpha-ch11,Invariant,0.4891,0.365707725,0.043278834,,,,,,Invariant,Null,0.4891
Morphological,env_std-Alpha-ch10,Invariant,0.4281,0.351911756,-0.044539027,,,,,,Invariant,Null,0.4281
Morphological,env_std-Alpha-ch1,Invariant,0.38,0.035220837,0.100703082,,,,,,Invariant,Null,0.38
Morphological,env_std-Alpha-avgch,Quadratic,0.4911,0.501347341,0.032181519,-0.000170029,0.005638446,0.1392,3.00E-05,0.284108906,Accelerating Down (n) (Parallel),Quadratic_Additive,0.4911
Morphological,env_mean-Theta-ch9,Inverse,0.7214,0.066358248,0.087695536,1.612663471,0.013078835,0.0389,-2.771689357,0.033876102,Decreasing (Drop) (Divergent),Inverse_Interactive,0.7214
Morphological,env_mean-Theta-ch8,Invariant,0.4893,0.874505292,-0.00755759,,,,,,Invariant,Null,0.4893
Morphological,env_mean-Theta-ch7,Invariant,0.3392,0.396186964,0.040595624,,,,,,Invariant,Null,0.3392
Morphological,env_mean-Theta-ch6,Quadratic,0.9372,0.245986252,0.054690176,0.000298454,8.55E-07,0.3594,-1.50E-05,0.587594928,Accelerating Up (U) (Parallel),Quadratic_Additive,0.9372
Morphological,env_mean-Theta-ch5,Invariant,0.4438,0.335398422,0.046089289,,,,,,Invariant,Null,0.4438
Morphological,env_mean-Theta-ch4,Linear,0.6347,0.252069333,0.054683208,0.003517831,0.002279886,0.1853,0.000314244,0.891554806,Increasing (Parallel),Linear_Additive,0.6347
Morphological,env_mean-Theta-ch3,Linear,0.3212,0.743912721,0.015630415,0.001719851,0.136296342,0.0074,0.002394027,0.300008137,Increasing (Parallel),Linear_Additive,0.3212
Morphological,env_mean-Theta-ch2,Quadratic,0.6982,0.04601601,0.094780789,0.00030098,8.31E-07,0.3637,-1.97E-05,0.478935916,Accelerating Up (U) (Parallel),Quadratic_Additive,0.6982
Morphological,env_mean-Theta-ch19,Inverse,0.6882,0.600989233,0.024987116,1.694484166,0.009177148,0.0435,-3.606471665,0.005785162,Decreasing (Drop) (Divergent),Inverse_Interactive,0.6882
Morphological,env_mean-Theta-ch18,Invariant,0.4538,0.145612024,0.069613117,,,,,,Invariant,Null,0.4538
Morphological,env_mean-Theta-ch17,Invariant,0.3684,0.084890618,0.082413101,,,,,,Invariant,Null,0.3684
Morphological,env_mean-Theta-ch16,Inverse,0.6259,0.091451195,0.080628465,1.58107486,0.014992856,0.0371,0.041536746,0.974658456,Decreasing (Drop) (Parallel),Inverse_Additive,0.6259
Morphological,env_mean-Theta-ch15,Invariant,0.5118,0.073538146,0.085590475,,,,,,Invariant,Null,0.5118
Morphological,env_mean-Theta-ch14,Invariant,0.4399,0.037977915,0.099235945,,,,,,Invariant,Null,0.4399
Morphological,env_mean-Theta-ch13,Quadratic,0.8325,0.969654522,0.001811053,0.000273447,7.91E-06,0.3165,-3.60E-05,0.196812071,Accelerating Up (U) (Parallel),Quadratic_Additive,0.8325
Morphological,env_mean-Theta-ch12,Linear,0.557,0.400579609,0.040130191,0.003614629,0.001719685,0.1948,-0.001228969,0.593888374,Increasing (Parallel),Linear_Additive,0.557
Morphological,env_mean-Theta-ch11,Inverse,0.7363,0.23465424,0.056692819,2.221634646,0.00062739,0.0732,0.780549125,0.550032701,Decreasing (Drop) (Parallel),Inverse_Additive,0.7363
Morphological,env_mean-Theta-ch10,Linear,0.5505,0.490792759,0.03294324,0.002529795,0.028357778,0.0875,0.002203899,0.339641864,Increasing (Parallel),Linear_Additive,0.5505
Morphological,env_mean-Theta-ch1,Inverse,0.8058,0.035893444,0.100045019,2.209565574,0.000664454,0.0725,-2.662416395,0.041191698,Decreasing (Drop) (Divergent),Inverse_Interactive,0.8058
Morphological,env_mean-Theta-avgch,Inverse,0.6758,0.020950563,0.109713108,3.120946308,1.46E-06,0.1239,-1.166557645,0.369540935,Decreasing (Drop) (Parallel),Inverse_Additive,0.6758
Morphological,env_mean-Gamma-ch9,Inverse,0.8839,0.54907202,0.028411106,-3.750176226,7.13E-09,0.1593,1.911919185,0.140752446,Increasing (Rise) (Divergent),Inverse_Interactive,0.8839
Morphological,env_mean-Gamma-ch8,Inverse,1,0.108775842,-0.074599388,-6.396115806,2.03E-23,0.3084,1.9412732,0.127224434,Increasing (Rise) (Divergent),Inverse_Interactive,1
Morphological,env_mean-Gamma-ch7,Inverse,1,0.235030887,-0.055234355,-6.426775444,1.28E-23,0.3101,3.487863449,0.006107308,Increasing (Rise) (Divergent),Inverse_Interactive,1
Morphological,env_mean-Gamma-ch6,Inverse,0.9914,0.938744307,-0.003640117,-3.957111407,9.95E-10,0.171,2.617175914,0.043490012,Increasing (Rise) (Divergent),Inverse_Interactive,0.9914
Morphological,env_mean-Gamma-ch5,Quadratic,0.7981,0.637226337,0.021700605,-0.000481223,6.39E-16,0.6728,-5.78E-06,0.830460499,Accelerating Down (n) (Parallel),Quadratic_Additive,0.7981
Morphological,env_mean-Gamma-ch4,Inverse,0.8569,0.431728941,-0.037059672,-4.752662629,1.87E-13,0.2158,2.089193788,0.105358414,Increasing (Rise) (Divergent),Inverse_Interactive,0.8569
Morphological,env_mean-Gamma-ch3,Inverse,0.9996,0.043343184,-0.092349824,-8.045550417,1.03E-36,0.4013,1.358125295,0.277522555,Increasing (Rise) (Parallel),Inverse_Additive,0.9996
Morphological,env_mean-Gamma-ch2,Linear,0.4138,0.910747834,-0.005354463,0.003282345,0.004434471,0.162,-0.004847357,0.035467461,Increasing (Divergent),Linear_Interactive,0.4138
Morphological,env_mean-Gamma-ch19,Inverse,0.9933,0.45890176,-0.034832205,-5.08632041,3.19E-15,0.2346,1.535882964,0.232866698,Increasing (Rise) (Parallel),Inverse_Additive,0.9933
Morphological,env_mean-Gamma-ch18,Inverse,0.989,0.432021453,-0.036789676,-5.671072135,1.26E-18,0.2676,1.518821013,0.236026467,Increasing (Rise) (Parallel),Inverse_Additive,0.989
Morphological,env_mean-Gamma-ch17,Inverse,0.879,0.346923459,-0.044727102,-3.112574589,1.60E-06,0.1234,1.994067388,0.125496498,Increasing (Rise) (Divergent),Inverse_Interactive,0.879
Morphological,env_mean-Gamma-ch16,Inverse,0.9979,0.918467925,0.004787523,-5.830128643,1.31E-19,0.2765,4.410811525,0.000560631,Increasing (Rise) (Divergent),Inverse_Interactive,0.9979
Morphological,env_mean-Gamma-ch15,Inverse,0.9995,0.720155868,0.016550844,-7.160298053,4.35E-29,0.3515,1.813111257,0.151662735,Increasing (Rise) (Divergent),Inverse_Interactive,0.9995
Morphological,env_mean-Gamma-ch14,Inverse,0.5019,0.889084511,0.006669131,-1.285941094,0.048128122,0.0205,2.781405193,0.033545184,Increasing (Rise) (Divergent),Inverse_Interactive,0.5019
Morphological,env_mean-Gamma-ch13,Inverse,0.8726,0.908415481,-0.005432455,-4.482287004,4.16E-12,0.2006,3.57922233,0.005588768,Increasing (Rise) (Divergent),Inverse_Interactive,0.8726
Morphological,env_mean-Gamma-ch12,Linear,0.5716,0.749821945,-0.015054271,0.008041915,2.34E-12,0.6327,-0.002751561,0.227311493,Increasing (Parallel),Linear_Additive,0.5716
Morphological,env_mean-Gamma-ch11,Inverse,0.8421,0.605205933,-0.024635803,-2.569452668,7.63E-05,0.0928,2.858475285,0.028380181,Increasing (Rise) (Divergent),Inverse_Interactive,0.8421
Morphological,env_mean-Gamma-ch10,Inverse,0.998,0.943945302,-0.003269321,-6.498563901,4.18E-24,0.3142,3.083502193,0.01535674,Increasing (Rise) (Divergent),Inverse_Interactive,0.998
Morphological,env_mean-Gamma-ch1,Inverse,0.5764,0.37077043,-0.042751672,-1.77329068,0.006386594,0.048,0.496798339,0.704031679,Increasing (Rise) (Parallel),Inverse_Additive,0.5764
Morphological,env_mean-Gamma-avgch,Inverse,1,0.030429139,-0.096752218,-9.706649596,8.85E-54,0.4949,3.860357868,0.00157526,Increasing (Rise) (Divergent),Inverse_Interactive,1
Morphological,env_mean-Delta-ch9,Inverse,0.9755,0.572500508,0.026756664,3.775907035,5.60E-09,0.1608,-0.346794613,0.789352489,Decreasing (Drop) (Parallel),Inverse_Additive,0.9755
Morphological,env_mean-Delta-ch8,Quadratic,0.5484,0.25967263,-0.053941014,0.000128311,0.036577281,0.0677,-5.00E-07,0.9857736,Accelerating Up (U) (Parallel),Quadratic_Additive,0.5484
Morphological,env_mean-Delta-ch7,Quadratic,0.733,0.766725541,-0.01412376,0.000187659,0.002137359,0.1694,-3.29E-05,0.238271315,Accelerating Up (U) (Parallel),Quadratic_Additive,0.733
Morphological,env_mean-Delta-ch6,Quadratic,0.7559,0.715624189,0.017054454,0.000303342,4.75E-07,0.3678,-3.64E-05,0.184395601,Accelerating Up (U) (Parallel),Quadratic_Additive,0.7559
Morphological,env_mean-Delta-ch5,Linear,0.4143,0.964281341,0.002140837,-0.00264082,0.022114527,0.0985,-0.003606964,0.118022752,Decreasing (Divergent),Linear_Interactive,0.4143
Morphological,env_mean-Delta-ch4,Linear,0.3863,0.629054067,0.023109892,0.001866182,0.105960572,0.0219,-0.001294032,0.575323103,Increasing (Parallel),Linear_Additive,0.3863
Morphological,env_mean-Delta-ch3,Invariant,0.423,0.856628049,-0.008645231,,,,,,Invariant,Null,0.423
Morphological,env_mean-Delta-ch2,Inverse,0.5922,0.070220126,0.084646073,5.794262247,2.02E-19,0.2745,-0.028798036,0.98204503,Decreasing (Drop) (Parallel),Inverse_Additive,0.5922
Morphological,env_mean-Delta-ch19,Inverse,0.6026,0.574911528,-0.02635025,5.238535501,4.59E-16,0.2432,-1.60978915,0.210720432,Decreasing (Drop) (Parallel),Inverse_Additive,0.6026
Morphological,env_mean-Delta-ch18,Inverse,0.3868,0.940027272,0.003597476,1.332233979,0.040612657,0.0231,-0.14030348,0.914664129,Decreasing (Drop) (Parallel),Inverse_Additive,0.3868
Morphological,env_mean-Delta-ch17,Linear,0.5898,0.914129309,-0.005143001,-0.004228257,0.000244214,0.2555,-0.001001565,0.663623003,Decreasing (Parallel),Linear_Additive,0.5898
Morphological,env_mean-Delta-ch16,Inverse,0.9355,0.801794028,0.01170957,6.137040938,1.31E-21,0.2938,2.53198562,0.047321436,Decreasing (Drop) (Divergent),Inverse_Interactive,0.9355
Morphological,env_mean-Delta-ch15,Inverse,0.9351,0.566462251,0.026939837,5.198100068,7.70E-16,0.2409,-0.762972455,0.553192817,Decreasing (Drop) (Parallel),Inverse_Additive,0.9351
Morphological,env_mean-Delta-ch14,Linear,0.4054,0.37132043,0.042676067,-0.003625275,0.001664473,0.1959,-0.002952835,0.200007004,Decreasing (Parallel),Linear_Additive,0.4054
Morphological,env_mean-Delta-ch13,Quadratic,0.5781,0.283455596,-0.050613133,0.000353337,6.12E-09,0.4535,-5.39E-05,0.051114645,Accelerating Up (U) (Divergent),Quadratic_Interactive,0.5781
Morphological,env_mean-Delta-ch12,Quadratic,0.5287,0.8473837,0.009177822,0.000256008,2.95E-05,0.2866,-2.55E-05,0.361014274,Accelerating Up (U) (Parallel),Quadratic_Additive,0.5287
Morphological,env_mean-Delta-ch11,Inverse,0.9991,0.239283671,0.054337309,7.176650447,3.02E-29,0.3524,0.764229947,0.545455911,Decreasing (Drop) (Parallel),Inverse_Additive,0.9991
Morphological,env_mean-Delta-ch10,Inverse,0.5172,0.605028195,-0.024727542,1.367341171,0.035587112,0.0251,0.122428821,0.925492684,Decreasing (Drop) (Parallel),Inverse_Additive,0.5172
Morphological,env_mean-Delta-ch1,Inverse,0.9274,0.390018593,0.040861135,3.201609396,7.98E-07,0.1284,-2.634216628,0.042852915,Decreasing (Drop) (Divergent),Inverse_Interactive,0.9274
Morphological,env_mean-Delta-avgch,Inverse,0.9999,0.325555801,0.043771842,10.01379661,3.03E-57,0.5122,0.966742077,0.427705271,Decreasing (Drop) (Parallel),Inverse_Additive,0.9999
Morphological,env_mean-Broadband-ch9,Invariant,0.4382,0.47276833,0.034354116,,,,,,Invariant,Null,0.4382
Morphological,env_mean-Broadband-ch8,Inverse,0.8662,0.174233416,-0.064866678,-1.915595212,0.003203101,0.056,-0.467386458,0.720619312,Increasing (Rise) (Parallel),Inverse_Additive,0.8662
Morphological,env_mean-Broadband-ch7,Invariant,0.4361,0.655049352,-0.021377533,,,,,,Invariant,Null,0.4361
Morphological,env_mean-Broadband-ch6,Invariant,0.4895,0.769774837,0.014004546,,,,,,Invariant,Null,0.4895
Morphological,env_mean-Broadband-ch5,Quadratic,0.9463,0.994572184,0.000323293,-0.000287963,2.46E-06,0.3414,-2.56E-05,0.35757382,Accelerating Down (n) (Parallel),Quadratic_Additive,0.9463
Morphological,env_mean-Broadband-ch4,Inverse,0.4157,0.921596821,0.004704612,-1.508982321,0.020368694,0.0331,0.591892194,0.651107637,Increasing (Rise) (Parallel),Inverse_Additive,0.4157
Morphological,env_mean-Broadband-ch3,Inverse,0.3789,0.60671773,-0.024618264,-1.205357481,0.063965199,0.016,-0.733386928,0.575427467,Increasing (Rise) (Parallel),Inverse_Additive,0.3789
Morphological,env_mean-Broadband-ch2,Invariant,0.5185,0.361918656,0.043621932,,,,,,Invariant,Null,0.5185
Morphological,env_mean-Broadband-ch19,Invariant,0.5204,0.379620081,-0.042037689,,,,,,Invariant,Null,0.5204
Morphological,env_mean-Broadband-ch18,Inverse,0.4012,0.87818735,-0.007331936,-1.051134739,0.106289548,0.0073,-0.079720906,0.951470644,Increasing (Rise) (Parallel),Inverse_Additive,0.4012
Morphological,env_mean-Broadband-ch17,Quadratic,0.3688,0.643984864,0.022139965,-9.78E-05,0.111262405,0.0154,-5.10E-06,0.855810599,Accelerating Down (n) (Parallel),Quadratic_Additive,0.3688
Morphological,env_mean-Broadband-ch16,Linear,0.3388,0.975665201,0.001459562,-0.001684313,0.144595526,0.0039,-0.002456614,0.287570098,Decreasing (Parallel),Linear_Additive,0.3388
Morphological,env_mean-Broadband-ch15,Invariant,0.4652,0.664449939,0.020756422,,,,,,Invariant,Null,0.4652
Morphological,env_mean-Broadband-ch14,Inverse,0.7122,0.40192801,0.039954871,2.483890165,0.000131339,0.088,2.264722051,0.082570289,Decreasing (Drop) (Divergent),Inverse_Interactive,0.7122
Morphological,env_mean-Broadband-ch13,Quadratic,0.8571,0.471345426,-0.034409134,0.000224073,0.000260187,0.2319,-6.32E-05,0.024004862,Accelerating Up (U) (Divergent),Quadratic_Interactive,0.8571
Morphological,env_mean-Broadband-ch12,Linear,0.5868,0.931674796,0.004098111,0.002787158,0.015717807,0.113,-0.001392412,0.546280186,Increasing (Parallel),Linear_Additive,0.5868
Morphological,env_mean-Broadband-ch11,Invariant,0.3445,0.49155706,0.032911804,,,,,,Invariant,Null,0.3445
Morphological,env_mean-Broadband-ch10,Inverse,0.4186,0.423723418,-0.038255523,-1.215856354,0.061653047,0.0166,-0.246485893,0.850677276,Increasing (Rise) (Parallel),Inverse_Additive,0.4186
Morphological,env_mean-Broadband-ch1,Inverse,0.517,0.587092721,0.025962419,1.394984926,0.032014901,0.0267,-2.516711167,0.054410186,Decreasing (Drop) (Divergent),Inverse_Interactive,0.517
Morphological,env_mean-Broadband-avgch,Invariant,0.5095,0.960030703,-0.002398087,,,,,,Invariant,Null,0.5095
Morphological,env_mean-Beta-ch9,Inverse,0.9232,0.364179009,-0.042410107,-5.890536201,5.26E-20,0.2799,1.389877336,0.277322209,Increasing (Rise) (Parallel),Inverse_Additive,0.9232
Morphological,env_mean-Beta-ch8,Inverse,1,0.000482116,-0.16189454,-6.541255934,1.40E-24,0.3166,1.982172676,0.117825383,Increasing (Rise) (Divergent),Inverse_Interactive,1
Morphological,env_mean-Beta-ch7,Inverse,1,0.007462343,-0.12393201,-6.761083204,3.96E-26,0.329,3.543540371,0.005115404,Increasing (Rise) (Divergent),Inverse_Interactive,1
Morphological,env_mean-Beta-ch6,Inverse,0.9994,0.124793815,-0.071769342,-5.804768756,1.78E-19,0.2751,2.740608455,0.03213736,Increasing (Rise) (Divergent),Inverse_Interactive,0.9994
Morphological,env_mean-Beta-ch5,Inverse,0.6838,0.188411918,-0.059092248,-9.399139692,3.10E-50,0.4776,2.518086892,0.040502101,Increasing (Rise) (Divergent),Inverse_Interactive,0.6838
Morphological,env_mean-Beta-ch4,Inverse,0.8462,0.055950853,-0.090031162,-4.782588253,1.25E-13,0.2175,2.0095649,0.118893053,Increasing (Rise) (Divergent),Inverse_Interactive,0.8462
Morphological,env_mean-Beta-ch3,Inverse,0.9274,0.004661916,-0.132983931,-5.001770898,8.02E-15,0.2299,1.027479948,0.424077337,Increasing (Rise) (Parallel),Inverse_Additive,0.9274
Morphological,env_mean-Beta-ch2,Inverse,0.5253,0.26186298,-0.053509721,-2.308099661,0.000381031,0.0781,3.242002299,0.012948323,Increasing (Rise) (Divergent),Inverse_Interactive,0.5253
Morphological,env_mean-Beta-ch19,Inverse,0.9983,0.021289546,-0.107378432,-6.070573938,3.12E-21,0.2901,0.309997979,0.808026299,Increasing (Rise) (Parallel),Inverse_Additive,0.9983
Morphological,env_mean-Beta-ch18,Inverse,0.9165,0.107213899,-0.076209992,-4.090247402,2.56E-10,0.1785,1.322969155,0.306901191,Increasing (Rise) (Parallel),Inverse_Additive,0.9165
Morphological,env_mean-Beta-ch17,Inverse,0.9984,0.202843757,-0.058539822,-7.591240785,1.15E-32,0.3757,1.686684799,0.180032725,Increasing (Rise) (Parallel),Inverse_Additive,0.9984
Morphological,env_mean-Beta-ch16,Inverse,0.9805,0.095229484,-0.079296958,-3.164917232,1.05E-06,0.1264,4.465250299,0.000585666,Increasing (Rise) (Divergent),Inverse_Interactive,0.9805
Morphological,env_mean-Beta-ch15,Inverse,0.9972,0.138368803,-0.067849081,-7.932252257,1.19E-35,0.395,1.472329558,0.240007716,Increasing (Rise) (Parallel),Inverse_Additive,0.9972
Morphological,env_mean-Beta-ch14,Inverse,0.8661,0.292683483,-0.049992266,-3.311651045,3.27E-07,0.1346,3.19646753,0.013910919,Increasing (Rise) (Divergent),Inverse_Interactive,0.8661
Morphological,env_mean-Beta-ch13,Linear,0.424,0.330031777,-0.046267883,0.005988134,1.92E-07,0.4296,-0.007209127,0.00164373,Increasing (Divergent),Linear_Interactive,0.424
Morphological,env_mean-Beta-ch12,Inverse,0.7562,0.086280783,-0.079715255,-6.494025499,4.06E-24,0.3139,3.457378171,0.006508987,Increasing (Rise) (Divergent),Inverse_Interactive,0.7562
Morphological,env_mean-Beta-ch11,Inverse,0.7797,0.305973592,-0.048798747,-2.465745468,0.000146881,0.087,2.780369975,0.033025044,Increasing (Rise) (Divergent),Inverse_Interactive,0.7797
Morphological,env_mean-Beta-ch10,Inverse,0.9978,0.044473073,-0.092620073,-7.308806503,2.33E-30,0.3598,3.077129207,0.014617519,Increasing (Rise) (Divergent),Inverse_Interactive,0.9978
Morphological,env_mean-Beta-ch1,Inverse,0.7466,0.380740101,-0.04140488,-4.408549813,9.23E-12,0.1964,0.13655811,0.915910167,Increasing (Rise) (Parallel),Inverse_Additive,0.7466
Morphological,env_mean-Beta-avgch,Inverse,1,1.16E-06,-0.20748686,-12.15688373,1.09E-87,0.633,4.188540748,0.000314752,Increasing (Rise) (Divergent),Inverse_Interactive,1
Morphological,env_mean-Alpha-ch9,Invariant,0.4055,0.370234524,0.042871829,,,,,,Invariant,Null,0.4055
Morphological,env_mean-Alpha-ch8,Invariant,0.4712,0.86836362,-0.007930777,,,,,,Invariant,Null,0.4712
Morphological,env_mean-Alpha-ch7,Linear,0.3915,0.420634805,0.038525892,-0.001798637,0.119164565,0.0152,0.002709719,0.240630913,Decreasing (Parallel),Linear_Additive,0.3915
Morphological,env_mean-Alpha-ch6,Linear,0.673,0.293677752,0.050130235,-0.003550888,0.002070339,0.1885,0.000745375,0.746381119,Decreasing (Parallel),Linear_Additive,0.673
Morphological,env_mean-Alpha-ch5,Quadratic,0.8872,0.342298497,0.045403332,-0.000211172,0.000582202,0.2097,1.55E-05,0.579551489,Accelerating Down (n) (Parallel),Quadratic_Additive,0.8872
Morphological,env_mean-Alpha-ch4,Quadratic,0.6977,0.393041791,0.040873968,-0.000179904,0.003400042,0.1561,1.21E-05,0.666089852,Accelerating Down (n) (Parallel),Quadratic_Additive,0.6977
Morphological,env_mean-Alpha-ch3,Inverse,0.6609,0.717548955,0.017204068,-3.120237891,1.52E-06,0.1239,-1.901366347,0.144159723,Increasing (Rise) (Divergent),Inverse_Interactive,0.6609
Morphological,env_mean-Alpha-ch2,Invariant,0.3355,0.200651881,0.061221359,,,,,,Invariant,Null,0.3355
Morphological,env_mean-Alpha-ch19,Invariant,0.3993,0.683703178,0.019495025,,,,,,Invariant,Null,0.3993
Morphological,env_mean-Alpha-ch18,Quadratic,0.4507,0.329838129,0.046675507,-0.000122516,0.046128941,0.0577,7.84E-05,0.005198845,Accelerating Down (n) (Divergent),Quadratic_Interactive,0.4507
Morphological,env_mean-Alpha-ch17,Quadratic,0.9497,0.111402321,0.076091629,-0.000209542,0.000637794,0.207,2.76E-05,0.324859394,Accelerating Down (n) (Parallel),Quadratic_Additive,0.9497
Morphological,env_mean-Alpha-ch16,Invariant,0.4236,0.712390616,0.017640044,,,,,,Invariant,Null,0.4236
Morphological,env_mean-Alpha-ch15,Invariant,0.4838,0.35176766,0.044552352,,,,,,Invariant,Null,0.4838
Morphological,env_mean-Alpha-ch14,Invariant,0.5166,0.211515002,0.059773104,,,,,,Invariant,Null,0.5166
Morphological,env_mean-Alpha-ch13,Invariant,0.5313,0.709953822,0.017796547,,,,,,Invariant,Null,0.5313
Morphological,env_mean-Alpha-ch12,Invariant,0.4295,0.82989823,0.010280004,,,,,,Invariant,Null,0.4295
Morphological,env_mean-Alpha-ch11,Linear,0.3454,0.25428429,0.054537793,-0.001644675,0.154130656,0,-0.000681438,0.767950284,Decreasing (Parallel),Linear_Additive,0.3454
Morphological,env_mean-Alpha-ch10,Inverse,0.4625,0.53668959,-0.029544115,-1.256012744,0.053554792,0.0188,-2.378112686,0.069199301,Increasing (Rise) (Divergent),Inverse_Interactive,0.4625
Morphological,env_mean-Alpha-ch1,Invariant,0.3352,0.028919152,0.104465288,,,,,,Invariant,Null,0.3352
Morphological,env_mean-Alpha-avgch,Quadratic,0.7498,0.234360521,0.056882313,-0.000194828,0.001507757,0.1817,4.20E-05,0.133624176,Accelerating Down (n) (Divergent),Quadratic_Interactive,0.7498
Complexity,detrend_fluc-Theta-ch9,Linear,0.6864,0.003320969,-0.13821598,-0.008608745,5.06E-14,0.6888,-0.00685181,0.002508701,Decreasing (Divergent),Linear_Interactive,0.6864
Complexity,detrend_fluc-Theta-ch8,Linear,0.7198,0.117927391,-0.074130994,-0.00665337,6.96E-09,0.4954,-0.005965309,0.00907723,Decreasing (Divergent),Linear_Interactive,0.7198
Complexity,detrend_fluc-Theta-ch7,Quadratic,0.9758,0.007240196,-0.124926131,0.000187988,0.001627135,0.17,-7.24E-05,0.007833866,Accelerating Up (U) (Divergent),Quadratic_Interactive,0.9758
Complexity,detrend_fluc-Theta-ch6,Linear,0.7197,0.014957326,-0.115172027,-0.007099787,6.01E-10,0.5395,-0.006113493,0.00735994,Decreasing (Divergent),Linear_Interactive,0.7197
Complexity,detrend_fluc-Theta-ch5,Quadratic,0.8218,0.015409473,-0.112734,0.000134709,0.023929336,0.0786,-5.40E-05,0.047428207,Accelerating Up (U) (Divergent),Quadratic_Interactive,0.8218
Complexity,detrend_fluc-Theta-ch4,Linear,0.5139,0.008817589,-0.124117075,-0.00662605,7.71E-09,0.4927,-0.00235154,0.303566219,Decreasing (Parallel),Linear_Additive,0.5139
Complexity,detrend_fluc-Theta-ch3,Quadratic,0.6682,0.009516714,-0.119468097,0.000244086,3.69E-05,0.2662,-5.60E-05,0.037821628,Accelerating Up (U) (Divergent),Quadratic_Interactive,0.6682
Complexity,detrend_fluc-Theta-ch2,Inverse,0.9638,0.056705115,-0.090026773,4.349962862,1.69E-11,0.1931,0.573371143,0.657433295,Decreasing (Drop) (Parallel),Inverse_Additive,0.9638
Complexity,detrend_fluc-Theta-ch19,Linear,0.7138,0.022809987,-0.107907068,-0.006640612,7.26E-09,0.4941,-0.005664796,0.013168972,Decreasing (Divergent),Linear_Interactive,0.7138
Complexity,detrend_fluc-Theta-ch18,Linear,0.6961,0.035872563,-0.099572276,-0.006266327,4.90E-08,0.4571,-0.003862163,0.091535117,Decreasing (Divergent),Linear_Interactive,0.6961
Complexity,detrend_fluc-Theta-ch17,Inverse,0.714,0.009151953,-0.120639973,6.902690826,3.64E-27,0.3369,1.632489823,0.197208125,Decreasing (Drop) (Parallel),Inverse_Additive,0.714
Complexity,detrend_fluc-Theta-ch16,Linear,0.723,0.046941098,-0.093321403,-0.009299276,4.11E-16,0.7571,-0.00703876,0.001873561,Decreasing (Divergent),Linear_Interactive,0.723
Complexity,detrend_fluc-Theta-ch15,Quadratic,0.5612,0.028956961,-0.102647736,9.50E-05,0.114755031,0.0105,-8.10E-05,0.00320349,Accelerating Up (U) (Divergent),Quadratic_Interactive,0.5612
Complexity,detrend_fluc-Theta-ch14,Linear,0.7254,0.186715626,-0.061924527,-0.009713133,1.90E-17,0.798,-0.005097736,0.024242475,Decreasing (Divergent),Linear_Interactive,0.7254
Complexity,detrend_fluc-Theta-ch13,Linear,0.7191,0.004227391,-0.133372787,-0.010849207,1.51E-21,0.9104,-0.003169322,0.158576575,Decreasing (Parallel),Linear_Additive,0.7191
Complexity,detrend_fluc-Theta-ch12,Inverse,0.5567,0.06032552,-0.086941356,6.947234257,1.83E-27,0.3395,1.09046763,0.389277733,Decreasing (Drop) (Parallel),Inverse_Additive,0.5567
Complexity,detrend_fluc-Theta-ch11,Quadratic,0.9753,0.020389437,-0.106435869,0.000239164,4.94E-05,0.2577,-6.95E-06,0.796036414,Accelerating Up (U) (Parallel),Quadratic_Additive,0.9753
Complexity,detrend_fluc-Theta-ch10,Linear,0.6099,0.046476582,-0.093617595,-0.009037513,2.74E-15,0.7312,-0.004958796,0.028751856,Decreasing (Divergent),Linear_Interactive,0.6099
Complexity,detrend_fluc-Theta-ch1,Inverse,0.7211,0.013782125,-0.116476612,4.118303058,1.87E-10,0.1801,0.276170564,0.830978904,Decreasing (Drop) (Parallel),Inverse_Additive,0.7211
Complexity,detrend_fluc-Theta-avgch,Quadratic,0.986,0.01025105,-0.11865604,0.000212149,0.000347386,0.2114,-5.96E-05,0.027511557,Accelerating Up (U) (Divergent),Quadratic_Interactive,0.986
Complexity,detrend_fluc-Gamma-ch9,Inverse,1,0.764009605,-0.013734105,8.049888312,1.17E-36,0.4016,-0.755415985,0.546450605,Decreasing (Drop) (Parallel),Inverse_Additive,1
Complexity,detrend_fluc-Gamma-ch8,Inverse,1,0.185404916,-0.061671061,6.317912254,7.48E-23,0.304,-1.958753996,0.124301266,Decreasing (Drop) (Divergent),Inverse_Interactive,1
Complexity,detrend_fluc-Gamma-ch7,Inverse,1,0.378163223,-0.041246678,5.738448917,4.88E-19,0.2714,-2.144714166,0.094062488,Decreasing (Drop) (Divergent),Inverse_Interactive,1
Complexity,detrend_fluc-Gamma-ch6,Inverse,1,0.268976583,-0.051752938,5.694463501,9.08E-19,0.2689,-0.561408138,0.661377256,Decreasing (Drop) (Parallel),Inverse_Additive,1
Complexity,detrend_fluc-Gamma-ch5,Inverse,0.9994,0.632059636,-0.022291491,6.367801814,3.48E-23,0.3068,-0.565028974,0.657571893,Decreasing (Drop) (Parallel),Inverse_Additive,0.9994
Complexity,detrend_fluc-Gamma-ch4,Inverse,0.9999,0.931335687,0.004011893,6.348561061,4.74E-23,0.3057,-2.896937889,0.022974049,Decreasing (Drop) (Divergent),Inverse_Interactive,0.9999
Complexity,detrend_fluc-Gamma-ch3,Inverse,1,0.941095802,0.003378254,8.099069264,4.16E-37,0.4043,-2.488237356,0.046732704,Decreasing (Drop) (Divergent),Inverse_Interactive,1
Complexity,detrend_fluc-Gamma-ch2,Inverse,0.9987,0.375325836,0.041229279,6.457359584,7.94E-24,0.3119,-2.588318787,0.041955732,Decreasing (Drop) (Divergent),Inverse_Interactive,0.9987
Complexity,detrend_fluc-Gamma-ch19,Inverse,1,0.134741115,-0.070068819,5.597874403,3.48E-18,0.2634,-2.868973638,0.025170503,Decreasing (Drop) (Divergent),Inverse_Interactive,1
Complexity,detrend_fluc-Gamma-ch18,Inverse,0.9996,0.320531775,-0.046912202,4.46555212,4.96E-12,0.1996,-3.081516595,0.017069238,Decreasing (Drop) (Divergent),Inverse_Interactive,0.9996
Complexity,detrend_fluc-Gamma-ch17,Inverse,0.9999,0.438058059,0.036086892,6.39245235,2.29E-23,0.3082,-2.965800911,0.019833206,Decreasing (Drop) (Divergent),Inverse_Interactive,0.9999
Complexity,detrend_fluc-Gamma-ch16,Inverse,0.9999,0.244190106,-0.054075468,6.639181513,3.94E-25,0.3221,-0.959214534,0.450475362,Decreasing (Drop) (Parallel),Inverse_Additive,0.9999
Complexity,detrend_fluc-Gamma-ch15,Inverse,1,0.305467695,-0.047087717,7.66177163,3.07E-33,0.3797,-0.97533814,0.438123419,Decreasing (Drop) (Parallel),Inverse_Additive,1
Complexity,detrend_fluc-Gamma-ch14,Inverse,0.9999,0.517941298,-0.030237697,5.829153166,1.32E-19,0.2765,-0.116191031,0.927705492,Decreasing (Drop) (Parallel),Inverse_Additive,0.9999
Complexity,detrend_fluc-Gamma-ch13,Inverse,0.9998,0.681092842,-0.019134149,6.358067883,4.07E-23,0.3063,0.094124226,0.941144311,Decreasing (Drop) (Parallel),Inverse_Additive,0.9998
Complexity,detrend_fluc-Gamma-ch12,Inverse,1,0.771814503,-0.013302315,7.819037681,1.36E-34,0.3886,-1.816761648,0.147929347,Decreasing (Drop) (Divergent),Inverse_Interactive,1
Complexity,detrend_fluc-Gamma-ch11,Inverse,1,0.435031562,0.0360882,7.073669207,2.03E-28,0.3466,-1.765154978,0.163051857,Decreasing (Drop) (Parallel),Inverse_Additive,1
Complexity,detrend_fluc-Gamma-ch10,Inverse,1,0.653420955,-0.02069099,7.404184746,4.61E-31,0.3652,-1.028446276,0.414981953,Decreasing (Drop) (Parallel),Inverse_Additive,1
Complexity,detrend_fluc-Gamma-ch1,Inverse,0.8872,0.57285412,0.026876636,2.518170365,0.000105983,0.0899,-2.370363502,0.069215998,Decreasing (Drop) (Divergent),Inverse_Interactive,0.8872
Complexity,detrend_fluc-Gamma-avgch,Inverse,1,0.60560231,-0.023643902,7.970937828,6.05E-36,0.3971,-1.867469581,0.136240225,Decreasing (Drop) (Divergent),Inverse_Interactive,1
Complexity,detrend_fluc-Delta-ch9,Quadratic,0.8296,0.246716472,0.055416486,0.000162289,0.008195489,0.1259,-1.25E-05,0.656764946,Accelerating Up (U) (Parallel),Quadratic_Additive,0.8296
Complexity,detrend_fluc-Delta-ch8,Linear,0.5472,0.049453755,0.09363646,0.004370972,0.000146837,0.2696,-0.000267429,0.907437078,Increasing (Parallel),Linear_Additive,0.5472
Complexity,detrend_fluc-Delta-ch7,Quadratic,0.999,0.005629762,0.131892003,0.000257853,2.49E-05,0.2898,-3.71E-05,0.183223621,Accelerating Up (U) (Parallel),Quadratic_Additive,0.999
Complexity,detrend_fluc-Delta-ch6,Linear,0.5722,0.137950452,0.070889703,0.00276564,0.016479752,0.1109,0.000415745,0.856966277,Increasing (Parallel),Linear_Additive,0.5722
Complexity,detrend_fluc-Delta-ch5,Linear,0.6571,0.098501991,0.078875543,0.003441515,0.002827401,0.1777,0.001554026,0.500025655,Increasing (Parallel),Linear_Additive,0.6571
Complexity,detrend_fluc-Delta-ch4,Linear,0.5701,0.0451663,0.095677798,0.002943056,0.010664901,0.1284,-0.000176778,0.938868058,Increasing (Parallel),Linear_Additive,0.5701
Complexity,detrend_fluc-Delta-ch3,Linear,0.4478,0.014654434,0.116666007,0.002014071,0.080533324,0.0365,0.002314116,0.315539561,Increasing (Parallel),Linear_Additive,0.4478
Complexity,detrend_fluc-Delta-ch2,Inverse,0.417,0.005462553,0.132720641,1.243317156,0.0554982,0.0181,-2.373145665,0.069194679,Decreasing (Drop) (Divergent),Inverse_Interactive,0.417
Complexity,detrend_fluc-Delta-ch19,Quadratic,0.9978,0.052428454,0.092464063,0.000235195,0.000121902,0.2509,-4.73E-05,0.089937541,Accelerating Up (U) (Divergent),Quadratic_Interactive,0.9978
Complexity,detrend_fluc-Delta-ch18,Quadratic,0.9494,0.935485929,0.003856841,0.000171321,0.00508724,0.1414,-1.82E-05,0.515305443,Accelerating Up (U) (Parallel),Quadratic_Additive,0.9494
Complexity,detrend_fluc-Delta-ch17,Invariant,0.3569,0.328282445,0.046772439,,,,,,Invariant,Null,0.3569
Complexity,detrend_fluc-Delta-ch16,Linear,0.4661,0.20526067,0.0605549,0.00248651,0.031130705,0.0833,-0.002939199,0.202694584,Increasing (Parallel),Linear_Additive,0.4661
Complexity,detrend_fluc-Delta-ch15,Quadratic,0.5772,0.00922943,0.124525799,0.000153785,0.012141044,0.1113,-4.12E-05,0.141518803,Accelerating Up (U) (Divergent),Quadratic_Interactive,0.5772
Complexity,detrend_fluc-Delta-ch14,Linear,0.4829,0.238188875,0.056392309,0.002427403,0.035380546,0.0774,-0.000763581,0.740764131,Increasing (Parallel),Linear_Additive,0.4829
Complexity,detrend_fluc-Delta-ch13,Quadratic,0.6555,0.029620215,0.103782954,0.000111042,0.069421779,0.038,3.05E-06,0.91307511,Accelerating Up (U) (Parallel),Quadratic_Additive,0.6555
Complexity,detrend_fluc-Delta-ch12,Invariant,0.4559,0.022507497,0.109102093,,,,,,Invariant,Null,0.4559
Complexity,detrend_fluc-Delta-ch11,Invariant,0.4547,0.024669622,0.107423518,,,,,,Invariant,Null,0.4547
Complexity,detrend_fluc-Delta-ch10,Quadratic,0.9364,0.172527784,0.06521248,0.000197446,0.00129215,0.1862,-3.31E-05,0.237157528,Accelerating Up (U) (Parallel),Quadratic_Additive,0.9364
Complexity,detrend_fluc-Delta-ch1,Inverse,0.437,0.241215693,0.056052453,1.040827195,0.109623269,0.0067,-3.283391746,0.012079919,Decreasing (Drop) (Divergent),Inverse_Interactive,0.437
Complexity,detrend_fluc-Delta-avgch,Quadratic,0.713,0.033635462,0.101603959,0.000135589,0.027021173,0.0801,-8.38E-06,0.764929949,Accelerating Up (U) (Parallel),Quadratic_Additive,0.713
Complexity,detrend_fluc-Broadband-ch9,Inverse,1,0.072195578,0.077877732,11.58330275,4.69E-78,0.6006,0.175614677,0.882241803,Decreasing (Drop) (Parallel),Inverse_Additive,1
Complexity,detrend_fluc-Broadband-ch8,Inverse,1,0.003098592,0.123505275,13.27168676,1.10E-105,0.6958,-1.509321068,0.186161763,Decreasing (Drop) (Parallel),Inverse_Additive,1
Complexity,detrend_fluc-Broadband-ch7,Inverse,1,0.000252509,0.149666649,14.08436873,2.55E-121,0.7415,-1.060987303,0.342426666,Decreasing (Drop) (Parallel),Inverse_Additive,1
Complexity,detrend_fluc-Broadband-ch6,Inverse,1,0.038914858,0.087931622,12.42965596,4.33E-91,0.6483,-1.44320959,0.215412751,Decreasing (Drop) (Parallel),Inverse_Additive,1
Complexity,detrend_fluc-Broadband-ch5,Inverse,1,0.169539574,0.057322503,13.35719678,8.49E-107,0.7006,-0.550988508,0.62955715,Decreasing (Drop) (Parallel),Inverse_Additive,1
Complexity,detrend_fluc-Broadband-ch4,Inverse,1,0.006367394,0.118877721,11.22289039,4.18E-73,0.5803,-2.736433597,0.021583183,Decreasing (Drop) (Divergent),Inverse_Interactive,1
Complexity,detrend_fluc-Broadband-ch3,Inverse,1,0.003799631,0.121633371,12.99568675,8.56E-101,0.6802,-2.52142945,0.028145432,Decreasing (Drop) (Divergent),Inverse_Interactive,1
Complexity,detrend_fluc-Broadband-ch2,Inverse,1,0.00012904,0.165204947,11.67335967,6.89E-80,0.6057,-3.376698934,0.004145109,Decreasing (Drop) (Divergent),Inverse_Interactive,1
Complexity,detrend_fluc-Broadband-ch19,Inverse,1,0.019413032,0.097194702,13.4757696,3.45E-109,0.7073,-0.910148009,0.423672743,Decreasing (Drop) (Parallel),Inverse_Additive,1
Complexity,detrend_fluc-Broadband-ch18,Inverse,1,0.050749317,0.080734939,13.74129004,4.93E-114,0.7222,-2.10373266,0.062748162,Decreasing (Drop) (Divergent),Inverse_Interactive,1
Complexity,detrend_fluc-Broadband-ch17,Inverse,1,0.255855454,0.04954309,11.25099495,3.14E-73,0.5819,-3.01739922,0.0114059,Decreasing (Drop) (Divergent),Inverse_Interactive,1
Complexity,detrend_fluc-Broadband-ch16,Inverse,1,0.005347644,0.113239346,14.34795419,3.00E-126,0.7564,-0.168073041,0.879864601,Decreasing (Drop) (Parallel),Inverse_Additive,1
Complexity,detrend_fluc-Broadband-ch15,Inverse,1,0.002625336,0.119575051,15.14739148,1.58E-143,0.8014,-0.161178985,0.882115382,Decreasing (Drop) (Parallel),Inverse_Additive,1
Complexity,detrend_fluc-Broadband-ch14,Inverse,1,0.002167561,0.130901313,12.25958448,1.25E-88,0.6387,-1.025291993,0.379753876,Decreasing (Drop) (Parallel),Inverse_Additive,1
Complexity,detrend_fluc-Broadband-ch13,Inverse,1,0.040630444,0.085419978,13.3418012,1.14E-106,0.6997,-1.061137594,0.352652554,Decreasing (Drop) (Parallel),Inverse_Additive,1
Complexity,detrend_fluc-Broadband-ch12,Inverse,1,0.000816867,0.137016002,14.06082777,1.04E-120,0.7402,-2.776364689,0.013031126,Decreasing (Drop) (Divergent),Inverse_Interactive,1
Complexity,detrend_fluc-Broadband-ch11,Inverse,1,0.010731085,0.105303711,13.77093898,8.93E-115,0.7239,-2.44324407,0.03036809,Decreasing (Drop) (Divergent),Inverse_Interactive,1
Complexity,detrend_fluc-Broadband-ch10,Inverse,1,0.010896661,0.108106273,12.54139092,5.01E-93,0.6546,-0.931894602,0.422375377,Decreasing (Drop) (Parallel),Inverse_Additive,1
Complexity,detrend_fluc-Broadband-ch1,Inverse,1,0.049685906,0.086809493,10.39227554,5.63E-62,0.5335,-3.501785315,0.00377542,Decreasing (Drop) (Divergent),Inverse_Interactive,1
Complexity,detrend_fluc-Broadband-avgch,Inverse,1,0.003819152,0.117483523,14.38275073,5.27E-127,0.7584,-1.808721177,0.103322265,Decreasing (Drop) (Divergent),Inverse_Interactive,1
Complexity,detrend_fluc-Beta-ch9,Linear,0.6486,0.610833103,-0.024180362,-0.005935119,2.48E-07,0.4243,0.000470424,0.837536921,Decreasing (Parallel),Linear_Additive,0.6486
Complexity,detrend_fluc-Beta-ch8,Quadratic,0.982,0.926238389,-0.004335701,0.00020364,0.000708793,0.1968,2.76E-05,0.314883069,Accelerating Up (U) (Parallel),Quadratic_Additive,0.982
Complexity,detrend_fluc-Beta-ch7,Quadratic,0.9599,0.753287757,-0.014724973,0.000204756,0.000665254,0.1987,1.80E-05,0.511903251,Accelerating Up (U) (Parallel),Quadratic_Additive,0.9599
Complexity,detrend_fluc-Beta-ch6,Quadratic,0.976,0.567956824,0.026689416,0.000186195,0.001913052,0.1669,1.59E-05,0.562761735,Accelerating Up (U) (Parallel),Quadratic_Additive,0.976
Complexity,detrend_fluc-Beta-ch5,Quadratic,0.9981,0.505502891,-0.030914839,0.000228865,0.000124461,0.2401,6.80E-06,0.802556408,Accelerating Up (U) (Parallel),Quadratic_Additive,0.9981
Complexity,detrend_fluc-Beta-ch4,Linear,0.5603,0.991987984,0.000469928,-0.01022816,3.31E-19,0.8489,0.00197581,0.38185118,Decreasing (Parallel),Linear_Additive,0.5603
Complexity,detrend_fluc-Beta-ch3,Quadratic,0.9804,0.539994294,0.028507545,0.000195071,0.001090315,0.1821,3.02E-05,0.267253807,Accelerating Up (U) (Parallel),Quadratic_Additive,0.9804
Complexity,detrend_fluc-Beta-ch2,Linear,0.652,0.373317397,0.041918399,-0.008724578,2.55E-14,0.7002,0.003207533,0.158128577,Decreasing (Parallel),Linear_Additive,0.652
Complexity,detrend_fluc-Beta-ch19,Quadratic,0.634,0.28590235,-0.05019074,0.000106133,0.078461095,0.0296,5.58E-05,0.042990224,Accelerating Up (U) (Divergent),Quadratic_Interactive,0.634
Complexity,detrend_fluc-Beta-ch18,Quadratic,0.6457,0.763016187,0.014191843,0.000108116,0.073303603,0.033,5.21E-05,0.059057388,Accelerating Up (U) (Divergent),Quadratic_Interactive,0.6457
Complexity,detrend_fluc-Beta-ch17,Quadratic,0.9873,0.811886851,0.011030887,0.000194472,0.001083937,0.1811,2.45E-05,0.367784647,Accelerating Up (U) (Parallel),Quadratic_Additive,0.9873
Complexity,detrend_fluc-Beta-ch16,Quadratic,0.9326,0.35124634,-0.04374385,0.000224038,0.000201537,0.2318,1.16E-05,0.674442411,Accelerating Up (U) (Parallel),Quadratic_Additive,0.9326
Complexity,detrend_fluc-Beta-ch15,Quadratic,0.5098,0.705286675,-0.017954049,8.89E-05,0.144426393,0,-7.28E-06,0.7935389,Accelerating Up (U) (Parallel),Quadratic_Additive,0.5098
Complexity,detrend_fluc-Beta-ch14,Quadratic,0.6894,0.804598875,-0.011713887,0.000124227,0.040824753,0.0607,-1.10E-05,0.69306924,Accelerating Up (U) (Parallel),Quadratic_Additive,0.6894
Complexity,detrend_fluc-Beta-ch13,Linear,0.5497,0.407918539,-0.039148506,-0.007452616,8.43E-11,0.5744,-0.001157064,0.612418716,Decreasing (Parallel),Linear_Additive,0.5497
Complexity,detrend_fluc-Beta-ch12,Linear,0.7207,0.509147799,-0.031056923,-0.00899745,3.84E-15,0.7272,-0.000362096,0.873341355,Decreasing (Parallel),Linear_Additive,0.7207
Complexity,detrend_fluc-Beta-ch11,Quadratic,0.6336,0.495253971,-0.031986407,0.0001057,0.078885237,0.0289,4.74E-06,0.862977661,Accelerating Up (U) (Parallel),Quadratic_Additive,0.6336
Complexity,detrend_fluc-Beta-ch10,Quadratic,0.9661,0.35086051,-0.043698474,0.000196681,0.001072972,0.1849,-6.46E-06,0.814048035,Accelerating Up (U) (Parallel),Quadratic_Additive,0.9661
Complexity,detrend_fluc-Beta-ch1,Linear,0.6341,0.054148765,0.090378529,-0.009391838,2.02E-16,0.7662,0.004217371,0.062481701,Decreasing (Divergent),Linear_Interactive,0.6341
Complexity,detrend_fluc-Beta-avgch,Quadratic,0.9994,0.751069319,-0.014589313,0.000275391,3.22E-06,0.3199,1.46E-05,0.588312491,Accelerating Up (U) (Parallel),Quadratic_Additive,0.9994
Complexity,detrend_fluc-Alpha-ch9,Quadratic,1,6.85E-07,0.23357293,0.000440948,3.28E-13,0.6038,4.75E-05,0.083798228,Accelerating Up (U) (Divergent),Quadratic_Interactive,1
Complexity,detrend_fluc-Alpha-ch8,Quadratic,0.9147,0.001036697,0.154447699,0.000451326,1.09E-13,0.6216,4.55E-05,0.098732139,Accelerating Up (U) (Divergent),Quadratic_Interactive,0.9147
Complexity,detrend_fluc-Alpha-ch7,Inverse,0.93,6.54E-06,0.21069369,5.50791285,7.99E-18,0.2584,-5.025346732,7.91E-05,Decreasing (Drop) (Divergent),Inverse_Interactive,0.93
Complexity,detrend_fluc-Alpha-ch6,Quadratic,0.9932,0.010268246,0.120559859,0.000493154,4.65E-16,0.6933,5.58E-05,0.042440208,Accelerating Up (U) (Divergent),Quadratic_Interactive,0.9932
Complexity,detrend_fluc-Alpha-ch5,Quadratic,0.8904,0.006689316,0.126714538,0.00053727,6.81E-19,0.7689,3.15E-05,0.250023583,Accelerating Up (U) (Parallel),Quadratic_Additive,0.8904
Complexity,detrend_fluc-Alpha-ch4,Quadratic,1,4.08E-05,0.192448267,0.000494834,3.09E-16,0.6962,5.14E-05,0.061078647,Accelerating Up (U) (Divergent),Quadratic_Interactive,1
Complexity,detrend_fluc-Alpha-ch3,Quadratic,0.9998,0.000511671,0.163077589,0.0004969,2.54E-16,0.6997,4.31E-05,0.116583196,Accelerating Up (U) (Divergent),Quadratic_Interactive,0.9998
Complexity,detrend_fluc-Alpha-ch2,Quadratic,1,3.79E-06,0.216504419,0.000505194,6.52E-17,0.7139,4.66E-05,0.088776421,Accelerating Up (U) (Divergent),Quadratic_Interactive,1
Complexity,detrend_fluc-Alpha-ch19,Quadratic,0.9381,0.00044736,0.163301265,0.000574242,1.71E-21,0.8323,1.91E-05,0.48252489,Accelerating Up (U) (Parallel),Quadratic_Additive,0.9381
Complexity,detrend_fluc-Alpha-ch18,Inverse,0.9522,0.000190183,0.173820644,6.036351946,4.19E-21,0.2881,-3.536625205,0.005412836,Decreasing (Drop) (Divergent),Inverse_Interactive,0.9522
Complexity,detrend_fluc-Alpha-ch17,Quadratic,0.912,0.000869081,0.157179568,0.000421631,4.19E-12,0.5706,4.37E-05,0.113560944,Accelerating Up (U) (Divergent),Quadratic_Interactive,0.912
Complexity,detrend_fluc-Alpha-ch16,Quadratic,0.9997,3.25E-05,0.195013394,0.000483838,1.38E-15,0.6773,4.66E-05,0.089522585,Accelerating Up (U) (Divergent),Quadratic_Interactive,0.9997
Complexity,detrend_fluc-Alpha-ch15,Quadratic,0.6168,4.15E-05,0.191744442,0.000502956,8.47E-17,0.7101,6.15E-05,0.024385418,Accelerating Up (U) (Divergent),Quadratic_Interactive,0.6168
Complexity,detrend_fluc-Alpha-ch14,Quadratic,0.9999,0.000474557,0.16457363,0.000455477,6.52E-14,0.6287,6.23E-05,0.02367538,Accelerating Up (U) (Divergent),Quadratic_Interactive,0.9999
Complexity,detrend_fluc-Alpha-ch13,Quadratic,0.9993,0.002098232,0.142104089,0.000643334,1.02E-26,0.9508,3.88E-05,0.151208235,Accelerating Up (U) (Divergent),Quadratic_Interactive,0.9993
Complexity,detrend_fluc-Alpha-ch12,Quadratic,1,2.52E-05,0.195062057,0.000635702,4.23E-26,0.9377,1.48E-05,0.585393515,Accelerating Up (U) (Parallel),Quadratic_Additive,1
Complexity,detrend_fluc-Alpha-ch11,Quadratic,1,0.001487044,0.147772158,0.00060469,1.36E-23,0.8845,2.28E-05,0.40167829,Accelerating Up (U) (Parallel),Quadratic_Additive,1
Complexity,detrend_fluc-Alpha-ch10,Quadratic,0.9999,6.75E-06,0.211948993,0.000437997,5.09E-13,0.5987,4.13E-05,0.133358174,Accelerating Up (U) (Divergent),Quadratic_Interactive,0.9999
Complexity,detrend_fluc-Alpha-ch1,Quadratic,1,2.31E-05,0.198588772,0.00049142,4.88E-16,0.6903,3.83E-05,0.162603364,Accelerating Up (U) (Parallel),Quadratic_Additive,1
Complexity,detrend_fluc-Alpha-avgch,Quadratic,0.9981,5.42E-05,0.186848242,0.000617773,8.79E-25,0.907,4.13E-05,0.126807291,Accelerating Up (U) (Divergent),Quadratic_Interactive,0.9981
Spectral,delta_beta_ratio-ch9,Inverse,1,0.186691126,0.048297776,17.59823428,1.15E-207,0.9395,-0.678101481,0.498249885,Decreasing (Drop) (Parallel),Inverse_Additive,1
Spectral,delta_beta_ratio-ch8,Inverse,1,0.034903959,0.081295941,16.15996597,1.75E-167,0.8585,-1.056787597,0.316244936,Decreasing (Drop) (Parallel),Inverse_Additive,1
Spectral,delta_beta_ratio-ch7,Inverse,1,0.150741203,0.054725671,16.52203661,1.01E-176,0.8789,0.064352853,0.950781539,Decreasing (Drop) (Parallel),Inverse_Additive,1
Spectral,delta_beta_ratio-ch6,Inverse,1,0.155849784,0.055587543,15.67644731,2.99E-155,0.8312,-1.062627469,0.321600715,Decreasing (Drop) (Parallel),Inverse_Additive,1
Spectral,delta_beta_ratio-ch5,Inverse,1,0.574954022,0.021405661,16.47249373,3.54E-175,0.8761,-0.823918479,0.430484933,Decreasing (Drop) (Parallel),Inverse_Additive,1
Spectral,delta_beta_ratio-ch4,Inverse,1,0.004609138,0.123525382,11.18316552,1.41E-72,0.5781,-4.855228357,4.48E-05,Decreasing (Drop) (Divergent),Inverse_Interactive,1
Spectral,delta_beta_ratio-ch3,Inverse,1,0.159743949,0.059176028,12.98245837,3.46E-100,0.6795,-1.612490008,0.161553786,Decreasing (Drop) (Parallel),Inverse_Additive,1
Spectral,delta_beta_ratio-ch2,Inverse,1,0.013148975,0.108352613,11.07974366,4.49E-71,0.5723,-3.301405401,0.005698557,Decreasing (Drop) (Divergent),Inverse_Interactive,1
Spectral,delta_beta_ratio-ch19,Inverse,1,0.116469655,0.054778842,18.67184148,1.28E-243,1,-1.146817805,0.229813736,Decreasing (Drop) (Parallel),Inverse_Additive,1
Spectral,delta_beta_ratio-ch18,Inverse,1,0.001134723,0.126664007,15.82446892,1.28E-159,0.8396,-3.662073792,0.000565657,Decreasing (Drop) (Divergent),Inverse_Interactive,1
Spectral,delta_beta_ratio-ch17,Inverse,1,0.578195527,0.025030146,9.282042807,6.53E-49,0.471,-4.949958097,5.70E-05,Decreasing (Drop) (Divergent),Inverse_Interactive,1
Spectral,delta_beta_ratio-ch16,Inverse,1,0.019881868,0.08451151,17.76681271,2.10E-213,0.949,-0.67268363,0.498123215,Decreasing (Drop) (Parallel),Inverse_Additive,1
Spectral,delta_beta_ratio-ch15,Inverse,1,0.055798673,0.067021702,18.57603377,2.33E-240,0.9946,0.022287666,0.981459205,Decreasing (Drop) (Parallel),Inverse_Additive,1
Spectral,delta_beta_ratio-ch14,Inverse,1,0.155132553,0.058414083,13.98606274,1.31E-118,0.736,-0.92089271,0.412906168,Decreasing (Drop) (Parallel),Inverse_Additive,1
Spectral,delta_beta_ratio-ch13,Inverse,1,0.075479921,0.065862256,17.26225363,1.11E-197,0.9206,-0.478104495,0.637315391,Decreasing (Drop) (Parallel),Inverse_Additive,1
Spectral,delta_beta_ratio-ch12,Inverse,1,0.018518233,0.091712426,15.83457221,2.00E-159,0.8402,-2.502053671,0.018768355,Decreasing (Drop) (Divergent),Inverse_Interactive,1
Spectral,delta_beta_ratio-ch11,Inverse,1,0.140034064,0.058610682,15.21897989,1.40E-144,0.8055,-2.107880072,0.052407473,Decreasing (Drop) (Divergent),Inverse_Interactive,1
Spectral,delta_beta_ratio-ch10,Inverse,1,0.019692571,0.089694265,16.2145975,5.54E-169,0.8616,-1.555568563,0.139220851,Decreasing (Drop) (Divergent),Inverse_Interactive,1
Spectral,delta_beta_ratio-ch1,Inverse,1,0.240139778,0.054160433,7.314107251,2.36E-30,0.3601,-3.547546591,0.004900156,Decreasing (Drop) (Divergent),Inverse_Interactive,1
Spectral,delta_beta_ratio-avgch,Inverse,1,0.191526818,0.052283309,14.9541077,1.27E-138,0.7905,-2.568763039,0.018983394,Decreasing (Drop) (Divergent),Inverse_Interactive,1
Spectral,delta_alpha_ratio-ch9,Inverse,1,0.434516798,-0.036385124,6.353821141,4.32E-23,0.306,4.122375108,0.00120119,Decreasing (Drop) (Divergent),Inverse_Interactive,1
Spectral,delta_alpha_ratio-ch8,Inverse,1,0.602662675,-0.023872581,7.841498053,8.58E-35,0.3898,3.597283504,0.00412805,Decreasing (Drop) (Divergent),Inverse_Interactive,1
Spectral,delta_alpha_ratio-ch7,Inverse,1,0.678561192,-0.019172816,7.023862251,5.13E-28,0.3438,3.026787819,0.016788531,Decreasing (Drop) (Divergent),Inverse_Interactive,1
Spectral,delta_alpha_ratio-ch6,Inverse,1,0.528332119,-0.028984416,7.631499898,5.68E-33,0.378,3.831994531,0.002298694,Decreasing (Drop) (Divergent),Inverse_Interactive,1
Spectral,delta_alpha_ratio-ch5,Inverse,1,0.128296782,-0.069684054,7.901714131,2.35E-35,0.3932,2.737066849,0.028980397,Decreasing (Drop) (Divergent),Inverse_Interactive,1
Spectral,delta_alpha_ratio-ch4,Inverse,1,0.657667361,-0.020491375,7.070154841,2.23E-28,0.3464,-1.002914238,0.42827278,Decreasing (Drop) (Parallel),Inverse_Additive,1
Spectral,delta_alpha_ratio-ch3,Inverse,0.9505,0.531679006,-0.029851756,2.107575377,0.001185911,0.0668,2.144410303,0.100690529,Decreasing (Drop) (Divergent),Inverse_Interactive,0.9505
Spectral,delta_alpha_ratio-ch2,Inverse,1,0.746112922,-0.014760008,8.337973336,2.49E-39,0.4178,-0.635564666,0.610636904,Decreasing (Drop) (Parallel),Inverse_Additive,1
Spectral,delta_alpha_ratio-ch19,Inverse,1,0.528744642,-0.029052612,7.322120966,2.16E-30,0.3606,5.009843602,7.01E-05,Decreasing (Drop) (Divergent),Inverse_Interactive,1
Spectral,delta_alpha_ratio-ch18,Inverse,1,0.827799644,-0.009895574,8.506883584,5.97E-41,0.4273,-0.382154199,0.759002938,Decreasing (Drop) (Parallel),Inverse_Additive,1
Spectral,delta_alpha_ratio-ch17,Inverse,1,0.252528592,-0.053723921,5.319166765,1.57E-16,0.2477,-1.012865312,0.430678477,Decreasing (Drop) (Parallel),Inverse_Additive,1
Spectral,delta_alpha_ratio-ch16,Inverse,1,0.737893335,-0.015502587,6.889155649,5.56E-27,0.3362,4.026494821,0.00147882,Decreasing (Drop) (Divergent),Inverse_Interactive,1
Spectral,delta_alpha_ratio-ch15,Inverse,1,0.547789394,-0.027521047,7.976692158,5.36E-36,0.3975,2.643563377,0.034860017,Decreasing (Drop) (Divergent),Inverse_Interactive,1
Spectral,delta_alpha_ratio-ch14,Inverse,1,0.684719376,-0.018342714,9.03946757,2.57E-46,0.4573,2.756117759,0.025770137,Decreasing (Drop) (Divergent),Inverse_Interactive,1
Spectral,delta_alpha_ratio-ch13,Inverse,1,0.261415717,-0.049688064,10.43049784,2.60E-62,0.5357,0.317927716,0.792956527,Decreasing (Drop) (Parallel),Inverse_Additive,1
Spectral,delta_alpha_ratio-ch12,Inverse,1,0.740170524,0.014820983,9.783439767,1.66E-54,0.4992,-0.541325226,0.658227173,Decreasing (Drop) (Parallel),Inverse_Additive,1
Spectral,delta_alpha_ratio-ch11,Inverse,1,0.936576498,0.003306557,13.5584506,2.58E-110,0.7119,-0.651156092,0.567117482,Decreasing (Drop) (Parallel),Inverse_Additive,1
Spectral,delta_alpha_ratio-ch10,Inverse,1,0.591972323,-0.025163483,5.341733906,1.18E-16,0.249,3.442072022,0.007355237,Decreasing (Drop) (Divergent),Inverse_Interactive,1
Spectral,delta_alpha_ratio-ch1,Inverse,1,0.382041815,-0.040444638,7.01114107,6.35E-28,0.3431,-1.376825401,0.277018124,Decreasing (Drop) (Parallel),Inverse_Additive,1
Spectral,delta_alpha_ratio-avgch,Inverse,1,0.391746841,-0.038814846,8.799272289,7.44E-44,0.4438,1.140423975,0.358005322,Decreasing (Drop) (Parallel),Inverse_Additive,1
Complexity,app_ent-ch9,Inverse,1,0.073838845,-0.078598802,-10.75495626,1.33E-66,0.554,2.496259968,0.037933817,Increasing (Rise) (Divergent),Inverse_Interactive,1
Complexity,app_ent-ch8,Inverse,1,0.214574565,-0.053532892,-11.82085858,1.78E-81,0.614,3.084581286,0.008930704,Increasing (Rise) (Divergent),Inverse_Interactive,1
Complexity,app_ent-ch7,Inverse,1,0.223714273,-0.052961135,-11.34204686,1.63E-74,0.5871,2.592997422,0.02944879,Increasing (Rise) (Divergent),Inverse_Interactive,1
Complexity,app_ent-ch6,Inverse,1,0.156025622,-0.060827051,-12.11324768,5.86E-86,0.6305,2.49750409,0.033248368,Increasing (Rise) (Divergent),Inverse_Interactive,1
Complexity,app_ent-ch5,Inverse,1,0.465176867,-0.029863988,-14.19000896,1.64E-122,0.7475,1.655904816,0.139008239,Increasing (Rise) (Divergent),Inverse_Interactive,1
Complexity,app_ent-ch4,Inverse,1,0.030334019,-0.092724304,-12.16045005,7.81E-87,0.6332,3.562146691,0.002331242,Increasing (Rise) (Divergent),Inverse_Interactive,1
Complexity,app_ent-ch3,Inverse,1,0.020569887,-0.097078819,-13.12948999,5.88E-103,0.6878,2.791266956,0.014868502,Increasing (Rise) (Divergent),Inverse_Interactive,1
Complexity,app_ent-ch2,Inverse,1,0.000401098,-0.152562083,-11.75129241,5.94E-81,0.6101,3.676283171,0.001780647,Increasing (Rise) (Divergent),Inverse_Interactive,1
Complexity,app_ent-ch19,Inverse,1,0.609436928,-0.021670614,-12.65099778,1.81E-94,0.6608,3.214879556,0.005589441,Increasing (Rise) (Divergent),Inverse_Interactive,1
Complexity,app_ent-ch18,Inverse,1,0.324814996,-0.0416492,-12.7695842,1.69E-96,0.6675,2.980197717,0.010002958,Increasing (Rise) (Divergent),Inverse_Interactive,1
Complexity,app_ent-ch17,Inverse,1,0.015887829,-0.103011052,-12.26170963,1.75E-88,0.6389,3.701490589,0.001515809,Increasing (Rise) (Divergent),Inverse_Interactive,1
Complexity,app_ent-ch16,Inverse,1,0.288316266,-0.046306462,-11.2432995,4.10E-73,0.5815,2.668260871,0.025327376,Increasing (Rise) (Divergent),Inverse_Interactive,1
Complexity,app_ent-ch15,Inverse,1,0.259564101,-0.047858844,-12.60352929,9.37E-94,0.6581,2.145973489,0.064686675,Increasing (Rise) (Divergent),Inverse_Interactive,1
Complexity,app_ent-ch14,Inverse,1,0.087274974,-0.075316157,-10.65493666,2.75E-65,0.5483,1.62554258,0.17743491,Increasing (Rise) (Parallel),Inverse_Additive,1
Complexity,app_ent-ch13,Inverse,1,0.3504094,-0.039184288,-13.12813353,1.20E-102,0.6877,1.440417268,0.209832845,Increasing (Rise) (Parallel),Inverse_Additive,1
Complexity,app_ent-ch12,Inverse,1,0.045911441,-0.083211615,-13.38290891,2.12E-107,0.702,2.753195605,0.015717257,Increasing (Rise) (Divergent),Inverse_Interactive,1
Complexity,app_ent-ch11,Inverse,1,0.020487345,-0.09550345,-13.83887716,5.34E-116,0.7277,2.893697134,0.01021349,Increasing (Rise) (Divergent),Inverse_Interactive,1
Complexity,app_ent-ch10,Inverse,1,0.083122198,-0.075671339,-11.14732842,7.19E-72,0.5761,2.525658214,0.034478746,Increasing (Rise) (Divergent),Inverse_Interactive,1
Complexity,app_ent-ch1,Inverse,1,0.001786327,-0.137015771,-10.82441537,8.99E-68,0.5579,3.786173175,0.001571822,Increasing (Rise) (Divergent),Inverse_Interactive,1
Complexity,app_ent-avgch,Inverse,1,0.054545273,-0.080154326,-13.37699489,2.83E-107,0.7017,2.763970155,0.015337887,Increasing (Rise) (Divergent),Inverse_Interactive,1
Spectral,aperiodic_slope-ch9,Inverse,1,0.040990514,0.085869921,13.03745799,2.82E-101,0.6826,-2.546955561,0.026656495,Decreasing (Drop) (Divergent),Inverse_Interactive,1
Spectral,aperiodic_slope-ch8,Inverse,1,0.168435457,0.056976583,13.71566071,2.05E-113,0.7208,-2.791582425,0.013621323,Decreasing (Drop) (Divergent),Inverse_Interactive,1
Spectral,aperiodic_slope-ch7,Inverse,1,0.107863509,0.067188428,13.29121111,1.17E-105,0.6969,-2.669880809,0.019491441,Decreasing (Drop) (Divergent),Inverse_Interactive,1
Spectral,aperiodic_slope-ch6,Inverse,1,0.211486506,0.053224818,12.43740226,4.60E-91,0.6488,-2.703873659,0.020319968,Decreasing (Drop) (Divergent),Inverse_Interactive,1
Spectral,aperiodic_slope-ch5,Inverse,1,0.255876344,0.046738493,13.94835667,8.05E-118,0.7339,-1.876890608,0.095469554,Decreasing (Drop) (Divergent),Inverse_Interactive,1
Spectral,aperiodic_slope-ch4,Inverse,1,0.022876866,0.09610099,12.80081966,2.82E-97,0.6692,-3.241398582,0.00498353,Decreasing (Drop) (Divergent),Inverse_Interactive,1
Spectral,aperiodic_slope-ch3,Inverse,1,0.00465073,0.118029662,13.33216671,9.92E-107,0.6992,-3.177730732,0.005286202,Decreasing (Drop) (Divergent),Inverse_Interactive,1
Spectral,aperiodic_slope-ch2,Inverse,1,1.50E-05,0.185819752,11.90916425,1.29E-83,0.619,-3.705939583,0.001546732,Decreasing (Drop) (Divergent),Inverse_Interactive,1
Spectral,aperiodic_slope-ch19,Inverse,1,0.706245698,0.01608209,12.37608667,5.53E-90,0.6453,-3.135938678,0.007213893,Decreasing (Drop) (Divergent),Inverse_Interactive,1
Spectral,aperiodic_slope-ch18,Inverse,1,0.108542984,0.066997402,13.33056687,2.31E-106,0.6991,-3.338222392,0.003447536,Decreasing (Drop) (Divergent),Inverse_Interactive,1
Spectral,aperiodic_slope-ch17,Inverse,1,0.034329686,0.090893986,12.00424526,2.10E-84,0.6244,-3.677471618,0.00172964,Decreasing (Drop) (Divergent),Inverse_Interactive,1
Spectral,aperiodic_slope-ch16,Inverse,1,0.205630758,0.052722666,13.43404822,3.58E-108,0.7049,-2.303181731,0.043297263,Decreasing (Drop) (Divergent),Inverse_Interactive,1
Spectral,aperiodic_slope-ch15,Inverse,1,0.091789218,0.067923307,14.72005274,1.18E-133,0.7774,-2.189759531,0.046926202,Decreasing (Drop) (Divergent),Inverse_Interactive,1
Spectral,aperiodic_slope-ch14,Inverse,0.9998,0.051551611,0.089355224,7.69426533,1.37E-33,0.3815,-1.672207844,0.182989948,Decreasing (Drop) (Parallel),Inverse_Additive,0.9998
Spectral,aperiodic_slope-ch13,Inverse,1,0.414440351,0.034802119,12.39569639,2.45E-90,0.6464,-1.241979096,0.287383112,Decreasing (Drop) (Parallel),Inverse_Additive,1
Spectral,aperiodic_slope-ch12,Inverse,1,0.065236916,0.077116626,13.24130738,8.11E-105,0.6941,-2.619508586,0.022030173,Decreasing (Drop) (Divergent),Inverse_Interactive,1
Spectral,aperiodic_slope-ch11,Inverse,1,0.125315552,0.064710065,12.84539603,7.26E-98,0.6717,-2.574883786,0.025762242,Decreasing (Drop) (Divergent),Inverse_Interactive,1
Spectral,aperiodic_slope-ch10,Inverse,1,0.081166578,0.073272057,13.05144614,1.89E-101,0.6834,-2.680583275,0.01965863,Decreasing (Drop) (Divergent),Inverse_Interactive,1
Spectral,aperiodic_slope-ch1,Inverse,1,0.000703137,0.149106485,10.61867802,3.88E-65,0.5463,-4.331063331,0.000309963,Decreasing (Drop) (Divergent),Inverse_Interactive,1
Spectral,aperiodic_slope-avgch,Inverse,1,0.047808663,0.081215518,14.01950709,2.11E-119,0.7379,-2.794844933,0.012747261,Decreasing (Drop) (Divergent),Inverse_Interactive,1
Spectral,aperiodic_intercept-ch9,Inverse,0.9999,0.734316512,0.015656352,7.294021487,3.64E-30,0.359,-1.720950111,0.172952813,Decreasing (Drop) (Parallel),Inverse_Additive,0.9999
Spectral,aperiodic_intercept-ch8,Inverse,0.779,0.180835115,-0.062633825,5.720214612,6.22E-19,0.2703,-2.449676035,0.05576748,Decreasing (Drop) (Divergent),Inverse_Interactive,0.779
Spectral,aperiodic_intercept-ch7,Inverse,0.9712,0.699824783,-0.017976735,6.195904931,5.28E-22,0.2971,-0.64778226,0.61186709,Decreasing (Drop) (Parallel),Inverse_Additive,0.9712
Spectral,aperiodic_intercept-ch6,Inverse,0.9207,0.919928375,0.004681306,6.328796008,6.50E-23,0.3046,-0.657520115,0.606098244,Decreasing (Drop) (Parallel),Inverse_Additive,0.9207
Spectral,aperiodic_intercept-ch5,Linear,0.5617,0.799883405,-0.011979781,-0.007769648,1.27E-11,0.6058,-0.000994035,0.663097749,Decreasing (Parallel),Linear_Additive,0.5617
Spectral,aperiodic_intercept-ch4,Inverse,0.9273,0.576371395,0.026622638,2.605216782,6.04E-05,0.0948,-2.246476033,0.084983145,Decreasing (Drop) (Divergent),Inverse_Interactive,0.9273
Spectral,aperiodic_intercept-ch3,Inverse,0.9992,0.882655327,0.006804917,7.355681616,1.15E-30,0.3625,-1.962990674,0.119825855,Decreasing (Drop) (Divergent),Inverse_Interactive,0.9992
Spectral,aperiodic_intercept-ch2,Inverse,0.9967,0.031132428,0.098767522,7.821952009,1.01E-34,0.3887,-1.802100205,0.150555769,Decreasing (Drop) (Divergent),Inverse_Interactive,0.9967
Spectral,aperiodic_intercept-ch19,Inverse,1,0.170151187,-0.060747784,10.36944594,1.46E-61,0.5323,-3.458994346,0.004283663,Decreasing (Drop) (Divergent),Inverse_Interactive,1
Spectral,aperiodic_intercept-ch18,Inverse,0.6972,0.696396297,0.018586872,2.707723723,3.05E-05,0.1006,-3.543543118,0.006536676,Decreasing (Drop) (Divergent),Inverse_Interactive,0.6972
Spectral,aperiodic_intercept-ch17,Inverse,0.8403,0.381474967,0.041357973,4.340760995,1.92E-11,0.1926,-2.400578517,0.063414446,Decreasing (Drop) (Divergent),Inverse_Interactive,0.8403
Spectral,aperiodic_intercept-ch16,Inverse,0.9994,0.854069447,-0.008294366,9.167423829,1.15E-47,0.4645,0.077701888,0.949825762,Decreasing (Drop) (Parallel),Inverse_Additive,0.9994
Spectral,aperiodic_intercept-ch15,Inverse,0.9068,0.937449742,0.003708045,4.387464351,1.18E-11,0.1952,-1.625394876,0.208923054,Decreasing (Drop) (Parallel),Inverse_Additive,0.9068
Spectral,aperiodic_intercept-ch14,Inverse,0.9602,0.331463253,0.045260806,6.218552813,3.59E-22,0.2984,0.808873768,0.526104591,Decreasing (Drop) (Parallel),Inverse_Additive,0.9602
Spectral,aperiodic_intercept-ch13,Inverse,0.9971,0.955521265,-0.002566497,7.533602417,3.86E-32,0.3725,1.000786595,0.426999518,Decreasing (Drop) (Parallel),Inverse_Additive,0.9971
Spectral,aperiodic_intercept-ch12,Inverse,0.9984,0.681719664,-0.019131069,6.140738948,1.24E-21,0.294,-0.371785128,0.770994402,Decreasing (Drop) (Parallel),Inverse_Additive,0.9984
Spectral,aperiodic_intercept-ch11,Inverse,0.9965,0.76249825,0.013545386,9.587562526,2.85E-52,0.4882,-0.147785426,0.904156519,Decreasing (Drop) (Parallel),Inverse_Additive,0.9965
Spectral,aperiodic_intercept-ch10,Inverse,0.9983,0.865637722,-0.007859476,6.609561628,6.65E-25,0.3204,-1.156247984,0.363262672,Decreasing (Drop) (Parallel),Inverse_Additive,0.9983
Spectral,aperiodic_intercept-ch1,Inverse,0.9782,0.174224022,0.064293229,4.085437869,2.71E-10,0.1782,-3.494535093,0.006921892,Decreasing (Drop) (Divergent),Inverse_Interactive,0.9782
Spectral,aperiodic_intercept-avgch,Inverse,1,0.729517044,0.015149607,10.99833401,1.06E-69,0.5677,-1.637653532,0.172131977,Decreasing (Drop) (Parallel),Inverse_Additive,1
Spectral,adjusted_power-Theta-ch9,Invariant,0.4764,0.78519189,0.013042283,,,,,,Invariant,Null,0.4764
Spectral,adjusted_power-Theta-ch8,Linear,0.4134,0.043914765,0.096342855,0.001896298,0.100080986,0.0249,0.000279458,0.903602237,Increasing (Parallel),Linear_Additive,0.4134
Spectral,adjusted_power-Theta-ch7,Invariant,0.4945,0.234199941,0.056913341,,,,,,Invariant,Null,0.4945
Spectral,adjusted_power-Theta-ch6,Invariant,0.475,0.608096234,0.02453707,,,,,,Invariant,Null,0.475
Spectral,adjusted_power-Theta-ch5,Quadratic,0.7559,0.591021588,0.025692221,0.000198629,0.001213225,0.1882,2.40E-05,0.392306801,Accelerating Up (U) (Parallel),Quadratic_Additive,0.7559
Spectral,adjusted_power-Theta-ch4,Linear,0.3398,0.881796741,0.0071136,-0.001875627,0.104219949,0.0228,0.001845,0.424425623,Decreasing (Parallel),Linear_Additive,0.3398
Spectral,adjusted_power-Theta-ch3,Invariant,0.3566,0.400744821,0.04020532,,,,,,Invariant,Null,0.3566
Spectral,adjusted_power-Theta-ch2,Inverse,0.7023,0.363601682,-0.042885895,-4.520630287,2.67E-12,0.2027,0.493251535,0.70271314,Increasing (Rise) (Parallel),Inverse_Additive,0.7023
Spectral,adjusted_power-Theta-ch19,Invariant,0.5189,0.075478983,0.08502021,,,,,,Invariant,Null,0.5189
Spectral,adjusted_power-Theta-ch18,Invariant,0.4951,0.837630728,0.009805942,,,,,,Invariant,Null,0.4951
Spectral,adjusted_power-Theta-ch17,Linear,0.4631,0.601988459,-0.024942548,0.002222471,0.054150947,0.0571,0.002111696,0.360398298,Increasing (Parallel),Linear_Additive,0.4631
Spectral,adjusted_power-Theta-ch16,Linear,0.4825,0.418618736,0.038605437,0.003753652,0.001131202,0.2086,0.003038144,0.187271143,Increasing (Parallel),Linear_Additive,0.4825
Spectral,adjusted_power-Theta-ch15,Invariant,0.5282,0.597511076,0.025263864,,,,,,Invariant,Null,0.5282
Spectral,adjusted_power-Theta-ch14,Inverse,0.5743,0.663610412,-0.020616733,-3.811709043,4.01E-09,0.1628,-2.004922653,0.122295616,Increasing (Rise) (Divergent),Inverse_Interactive,0.5743
Spectral,adjusted_power-Theta-ch13,Inverse,0.7681,0.918605144,-0.004865226,-2.862558985,1.04E-05,0.1093,-2.150445065,0.09890439,Increasing (Rise) (Divergent),Inverse_Interactive,0.7681
Spectral,adjusted_power-Theta-ch12,Linear,0.4384,0.362011237,0.043594684,-0.002108719,0.067658054,0.0459,0.000634246,0.783555518,Decreasing (Parallel),Linear_Additive,0.4384
Spectral,adjusted_power-Theta-ch11,Linear,0.4857,0.767792837,0.014092084,0.00383366,0.00088473,0.2165,0.001753042,0.446795359,Increasing (Parallel),Linear_Additive,0.4857
Spectral,adjusted_power-Theta-ch10,Invariant,0.53,0.314850519,0.048088618,,,,,,Invariant,Null,0.53
Spectral,adjusted_power-Theta-ch1,Invariant,0.4683,0.931482788,-0.004114253,,,,,,Invariant,Null,0.4683
Spectral,adjusted_power-Theta-avgch,Inverse,0.6643,0.450534715,0.035901083,-3.001233936,3.76E-06,0.1171,-1.365954154,0.294337835,Increasing (Rise) (Parallel),Inverse_Additive,0.6643
Spectral,adjusted_power-Gamma-ch9,Inverse,0.8709,0.351601404,0.044211733,3.528229571,5.22E-08,0.1468,-1.982871411,0.126918733,Decreasing (Drop) (Divergent),Inverse_Interactive,0.8709
Spectral,adjusted_power-Gamma-ch8,Inverse,1,0.033993572,0.097509469,7.497189383,6.34E-32,0.3704,-1.925797663,0.125852925,Decreasing (Drop) (Divergent),Inverse_Interactive,1
Spectral,adjusted_power-Gamma-ch7,Inverse,1,0.159875644,0.065279864,6.570843368,1.18E-24,0.3183,-3.011428302,0.017770069,Decreasing (Drop) (Divergent),Inverse_Interactive,1
Spectral,adjusted_power-Gamma-ch6,Inverse,1,0.408639907,0.038488117,6.28473546,1.28E-22,0.3021,-2.53664618,0.046577694,Decreasing (Drop) (Divergent),Inverse_Interactive,1
Spectral,adjusted_power-Gamma-ch5,Inverse,0.9971,0.250498653,0.051575339,9.47523526,4.62E-51,0.4819,-3.074827923,0.01225722,Decreasing (Drop) (Divergent),Inverse_Interactive,0.9971
Spectral,adjusted_power-Gamma-ch4,Inverse,0.9913,0.278215098,0.050439347,6.424351805,1.34E-23,0.31,-2.657090018,0.036823982,Decreasing (Drop) (Divergent),Inverse_Interactive,0.9913
Spectral,adjusted_power-Gamma-ch3,Inverse,0.9999,0.050358683,0.088556944,8.845885338,1.97E-44,0.4464,-2.27730311,0.065816417,Decreasing (Drop) (Divergent),Inverse_Interactive,0.9999
Spectral,adjusted_power-Gamma-ch2,Linear,0.5836,0.497746459,0.032220586,-0.005861922,3.48E-07,0.4171,0.002912512,0.204190211,Decreasing (Parallel),Linear_Additive,0.5836
Spectral,adjusted_power-Gamma-ch19,Inverse,1,0.192736494,0.059458257,8.192693975,5.15E-38,0.4096,-0.725874674,0.561319214,Decreasing (Drop) (Parallel),Inverse_Additive,1
Spectral,adjusted_power-Gamma-ch18,Inverse,1,0.392818607,0.039077214,8.059842442,9.05E-37,0.4021,-1.707239009,0.172602957,Decreasing (Drop) (Parallel),Inverse_Additive,1
Spectral,adjusted_power-Gamma-ch17,Inverse,0.9999,0.595993739,0.023932952,9.082182861,8.85E-47,0.4597,-3.139847113,0.011004339,Decreasing (Drop) (Divergent),Inverse_Interactive,0.9999
Spectral,adjusted_power-Gamma-ch16,Inverse,0.9936,0.31734616,0.047291327,4.195671047,8.87E-11,0.1844,-3.550217383,0.006056568,Decreasing (Drop) (Divergent),Inverse_Interactive,0.9936
Spectral,adjusted_power-Gamma-ch15,Inverse,0.9988,0.421858373,0.037228969,6.812908499,2.03E-26,0.3319,-1.660551043,0.190607059,Decreasing (Drop) (Parallel),Inverse_Additive,0.9988
Spectral,adjusted_power-Gamma-ch14,Inverse,0.8728,0.663841041,0.020730333,2.320643434,0.000355498,0.0788,-2.357366389,0.070951364,Decreasing (Drop) (Divergent),Inverse_Interactive,0.8728
Spectral,adjusted_power-Gamma-ch13,Inverse,0.9206,0.940191371,0.003556914,3.800792083,4.45E-09,0.1622,-2.749494514,0.034055621,Decreasing (Drop) (Divergent),Inverse_Interactive,0.9206
Spectral,adjusted_power-Gamma-ch12,Inverse,0.8553,0.099463962,0.077160466,5.584915009,4.04E-18,0.2627,-2.834771476,0.026914125,Decreasing (Drop) (Divergent),Inverse_Interactive,0.8553
Spectral,adjusted_power-Gamma-ch11,Inverse,0.9804,0.351750698,0.0435906,5.693271219,9.17E-19,0.2688,-2.982700105,0.019857564,Decreasing (Drop) (Divergent),Inverse_Interactive,0.9804
Spectral,adjusted_power-Gamma-ch10,Inverse,0.9998,0.14373456,0.066369737,8.630141045,3.20E-42,0.4343,-2.43109791,0.050298858,Decreasing (Drop) (Divergent),Inverse_Interactive,0.9998
Spectral,adjusted_power-Gamma-ch1,Inverse,0.5079,0.138304734,0.070487334,3.036666458,2.84E-06,0.1191,-0.282634514,0.828127546,Decreasing (Drop) (Parallel),Inverse_Additive,0.5079
Spectral,adjusted_power-Gamma-avgch,Inverse,1,0.018883702,0.104161585,10.18487288,1.81E-59,0.5219,-3.553885148,0.00337562,Decreasing (Drop) (Divergent),Inverse_Interactive,1
Spectral,adjusted_power-Delta-ch9,Inverse,0.992,0.924881045,-0.004436715,-5.024611646,7.02E-15,0.2311,1.635844928,0.204129611,Increasing (Rise) (Parallel),Inverse_Additive,0.992
Spectral,adjusted_power-Delta-ch8,Quadratic,0.7262,0.025585993,0.104370754,-0.00029722,7.61E-07,0.3573,4.58E-06,0.867183644,Accelerating Down (n) (Parallel),Quadratic_Additive,0.7262
Spectral,adjusted_power-Delta-ch7,Inverse,0.598,0.348418905,0.043842135,-5.858044192,8.60E-20,0.2781,-0.034198005,0.978687979,Increasing (Rise) (Parallel),Inverse_Additive,0.598
Spectral,adjusted_power-Delta-ch6,Quadratic,0.5569,0.553623156,0.027995043,-0.000235325,0.000106314,0.2512,3.15E-05,0.255507447,Accelerating Down (n) (Parallel),Quadratic_Additive,0.5569
Spectral,adjusted_power-Delta-ch5,Linear,0.6203,0.534537437,0.02952508,0.005757554,5.63E-07,0.4068,0.000804479,0.725957703,Increasing (Parallel),Linear_Additive,0.6203
Spectral,adjusted_power-Delta-ch4,Inverse,0.955,0.772545009,-0.013492665,-6.054367797,4.64E-21,0.2892,1.381790896,0.27959446,Increasing (Rise) (Parallel),Inverse_Additive,0.955
Spectral,adjusted_power-Delta-ch3,Inverse,0.5776,0.738107947,0.015945767,-2.383377001,0.00024464,0.0823,1.229208006,0.346490031,Increasing (Rise) (Parallel),Inverse_Additive,0.5776
Spectral,adjusted_power-Delta-ch2,Inverse,0.9967,0.163328365,-0.064940249,-6.240416614,2.47E-22,0.2996,1.83840944,0.149311536,Increasing (Rise) (Divergent),Inverse_Interactive,0.9967
Spectral,adjusted_power-Delta-ch19,Inverse,0.5487,0.043577018,0.096363756,-1.759345439,0.006768163,0.0472,3.819936591,0.003424148,Increasing (Rise) (Divergent),Inverse_Interactive,0.5487
Spectral,adjusted_power-Delta-ch18,Inverse,0.4004,0.810434656,0.011463554,-1.593231346,0.014316346,0.0378,2.876879047,0.027815284,Increasing (Rise) (Divergent),Inverse_Interactive,0.4004
Spectral,adjusted_power-Delta-ch17,Linear,0.4623,0.402708734,-0.039926245,0.003925539,0.000660355,0.2256,-0.000629054,0.784796178,Increasing (Parallel),Linear_Additive,0.4623
Spectral,adjusted_power-Delta-ch16,Inverse,0.796,0.501307873,0.031670665,-4.890728162,3.63E-14,0.2236,-0.140684733,0.913129124,Increasing (Rise) (Parallel),Inverse_Additive,0.796
Spectral,adjusted_power-Delta-ch15,Inverse,0.8419,0.837393326,0.00945527,-7.421757292,3.31E-31,0.3662,0.805274928,0.523241291,Increasing (Rise) (Parallel),Inverse_Additive,0.8419
Spectral,adjusted_power-Delta-ch14,Inverse,0.7764,0.703632844,-0.01792451,-4.825052577,7.99E-14,0.2199,-0.696489915,0.589289151,Increasing (Rise) (Parallel),Inverse_Additive,0.7764
Spectral,adjusted_power-Delta-ch13,Inverse,0.9871,0.60289451,-0.02386827,-7.789432687,2.41E-34,0.3869,-1.150425068,0.359729356,Increasing (Rise) (Parallel),Inverse_Additive,0.9871
Spectral,adjusted_power-Delta-ch12,Inverse,0.9482,0.339882503,0.045167383,-4.106942817,2.22E-10,0.1794,-0.134358607,0.917412131,Increasing (Rise) (Parallel),Inverse_Additive,0.9482
Spectral,adjusted_power-Delta-ch11,Inverse,0.6809,0.788335018,0.012562688,-5.769640336,3.15E-19,0.2731,-0.023093691,0.985619958,Increasing (Rise) (Parallel),Inverse_Additive,0.6809
Spectral,adjusted_power-Delta-ch10,Inverse,0.6652,0.526131568,0.030278918,-1.824921092,0.00501011,0.0509,0.736499715,0.573318843,Increasing (Rise) (Parallel),Inverse_Additive,0.6652
Spectral,adjusted_power-Delta-ch1,Inverse,0.9514,0.537002267,-0.029285964,-3.655686026,1.69E-08,0.154,3.203911265,0.013557731,Increasing (Rise) (Divergent),Inverse_Interactive,0.9514
Spectral,adjusted_power-Delta-avgch,Inverse,0.9948,0.737671284,0.015329038,-8.01323774,2.52E-36,0.3995,1.291924749,0.302508712,Increasing (Rise) (Parallel),Inverse_Additive,0.9948
Spectral,adjusted_power-Beta-ch9,Inverse,0.7917,0.509606105,0.031086506,4.743791034,2.08E-13,0.2153,-1.351190674,0.295096879,Decreasing (Drop) (Parallel),Inverse_Additive,0.7917
Spectral,adjusted_power-Beta-ch8,Inverse,1,0.02613446,0.103222407,6.602865578,6.26E-25,0.3201,-1.439886948,0.256763109,Decreasing (Drop) (Parallel),Inverse_Additive,1
Spectral,adjusted_power-Beta-ch7,Inverse,0.9999,0.168963432,0.064422098,5.608665989,2.95E-18,0.264,-2.659519811,0.037927176,Decreasing (Drop) (Divergent),Inverse_Interactive,0.9999
Spectral,adjusted_power-Beta-ch6,Inverse,0.9998,0.481403501,0.033035716,5.397047605,5.57E-17,0.2521,-2.241506906,0.08090901,Decreasing (Drop) (Divergent),Inverse_Interactive,0.9998
Spectral,adjusted_power-Beta-ch5,Inverse,0.9294,0.324953832,0.045681946,6.675328773,2.11E-25,0.3241,-3.168077564,0.012576896,Decreasing (Drop) (Divergent),Inverse_Interactive,0.9294
Spectral,adjusted_power-Beta-ch4,Inverse,0.953,0.4273131,0.037133299,5.783763336,2.52E-19,0.2739,-2.119155949,0.097888497,Decreasing (Drop) (Divergent),Inverse_Interactive,0.953
Spectral,adjusted_power-Beta-ch3,Inverse,0.9324,0.136729284,0.070720611,3.20053386,7.96E-07,0.1284,-2.028258645,0.118850183,Decreasing (Drop) (Divergent),Inverse_Interactive,0.9324
Spectral,adjusted_power-Beta-ch2,Linear,0.5891,0.973382784,0.001594395,-0.003004445,0.009212573,0.1345,0.002078717,0.367574158,Decreasing (Parallel),Linear_Additive,0.5891
Spectral,adjusted_power-Beta-ch19,Inverse,0.9985,0.142949581,0.068162994,6.370065236,3.12E-23,0.3069,0.017996013,0.988727522,Decreasing (Drop) (Parallel),Inverse_Additive,0.9985
Spectral,adjusted_power-Beta-ch18,Inverse,0.9956,0.635575387,0.022434008,4.054080498,3.80E-10,0.1765,-1.362105033,0.293267869,Decreasing (Drop) (Parallel),Inverse_Additive,0.9956
Spectral,adjusted_power-Beta-ch17,Inverse,0.9876,0.950642289,0.002868024,6.869793298,7.79E-27,0.3351,-2.693278892,0.033652844,Decreasing (Drop) (Divergent),Inverse_Interactive,0.9876
Spectral,adjusted_power-Beta-ch16,Inverse,0.9488,0.408147535,0.039392646,2.746678405,2.33E-05,0.1028,-3.398785672,0.009078711,Decreasing (Drop) (Divergent),Inverse_Interactive,0.9488
Spectral,adjusted_power-Beta-ch15,Inverse,0.9775,0.588396564,0.025587622,4.261865825,4.48E-11,0.1882,-1.318477779,0.308420605,Decreasing (Drop) (Parallel),Inverse_Additive,0.9775
Spectral,adjusted_power-Beta-ch14,Inverse,0.4536,0.92656398,0.004408632,1.129361694,0.08267246,0.0117,-2.270066113,0.082930426,Decreasing (Drop) (Divergent),Inverse_Interactive,0.4536
Spectral,adjusted_power-Beta-ch13,Inverse,0.562,0.958306942,-0.002495501,2.074907768,0.001415089,0.065,-2.669967685,0.040965594,Decreasing (Drop) (Divergent),Inverse_Interactive,0.562
Spectral,adjusted_power-Beta-ch12,Inverse,0.5989,0.199042937,0.060707495,4.268036684,4.12E-11,0.1885,-2.406619796,0.062791211,Decreasing (Drop) (Divergent),Inverse_Interactive,0.5989
Spectral,adjusted_power-Beta-ch11,Inverse,0.6081,0.545688911,0.02888201,1.482802836,0.022640144,0.0316,-2.592362748,0.047499063,Decreasing (Drop) (Divergent),Inverse_Interactive,0.6081
Spectral,adjusted_power-Beta-ch10,Inverse,0.9928,0.20918989,0.058572954,6.112311659,1.83E-21,0.2924,-2.063313957,0.105988265,Decreasing (Drop) (Divergent),Inverse_Interactive,0.9928
Spectral,adjusted_power-Beta-ch1,Linear,0.4678,0.376862044,0.042242122,-0.002600585,0.024194223,0.0945,-2.50E-06,0.999137405,Decreasing (Parallel),Linear_Additive,0.4678
Spectral,adjusted_power-Beta-avgch,Inverse,0.9891,0.053022683,0.091331367,4.434253698,6.67E-12,0.1979,-3.56461019,0.005742688,Decreasing (Drop) (Divergent),Inverse_Interactive,0.9891
Spectral,adjusted_power-Alpha-ch9,Invariant,0.3398,0.621444407,0.023628534,,,,,,Invariant,Null,0.3398
Spectral,adjusted_power-Alpha-ch8,Inverse,0.9861,0.035908274,0.099828685,2.816686296,1.40E-05,0.1067,-1.201062984,0.356274883,Decreasing (Drop) (Parallel),Inverse_Additive,0.9861
Spectral,adjusted_power-Alpha-ch7,Inverse,0.4349,0.254838233,0.054463132,1.019191715,0.11721453,0.0055,-2.708262501,0.038501612,Decreasing (Drop) (Divergent),Inverse_Interactive,0.4349
Spectral,adjusted_power-Alpha-ch6,Inverse,0.67,0.620021651,0.023702654,1.434172214,0.027488573,0.0289,-2.046726612,0.11778095,Decreasing (Drop) (Divergent),Inverse_Interactive,0.67
Spectral,adjusted_power-Alpha-ch5,Inverse,0.5271,0.40260136,0.03963137,3.997504583,6.63E-10,0.1733,-3.075929328,0.017572492,Decreasing (Drop) (Divergent),Inverse_Interactive,0.5271
Spectral,adjusted_power-Alpha-ch4,Inverse,0.4063,0.642216507,0.022140807,2.587762248,6.78E-05,0.0939,-1.446474972,0.267558574,Decreasing (Drop) (Parallel),Inverse_Additive,0.4063
Spectral,adjusted_power-Alpha-ch3,Inverse,0.8547,0.202313408,0.060640864,3.038979307,2.80E-06,0.1193,-1.299742578,0.31810476,Decreasing (Drop) (Parallel),Inverse_Additive,0.8547
Spectral,adjusted_power-Alpha-ch2,Linear,0.4959,0.577044288,-0.026664776,-0.002515654,0.02926217,0.0861,0.001228475,0.59460322,Decreasing (Parallel),Linear_Additive,0.4959
Spectral,adjusted_power-Alpha-ch19,Inverse,0.565,0.111207137,0.076117294,1.429715548,0.027868401,0.0286,0.638611554,0.625397915,Decreasing (Drop) (Parallel),Inverse_Additive,0.565
Spectral,adjusted_power-Alpha-ch18,Inverse,0.8439,0.771999136,0.013836117,1.949512953,0.002715181,0.0579,-0.419878498,0.748107866,Decreasing (Drop) (Parallel),Inverse_Additive,0.8439
Spectral,adjusted_power-Alpha-ch17,Inverse,0.6312,0.797303335,-0.0122649,1.931237392,0.002977753,0.0569,-1.900520583,0.145977554,Decreasing (Drop) (Divergent),Inverse_Interactive,0.6312
Spectral,adjusted_power-Alpha-ch16,Invariant,0.4511,0.456184194,0.0356536,,,,,,Invariant,Null,0.4511
Spectral,adjusted_power-Alpha-ch15,Linear,0.4013,0.575058839,0.026802721,-0.002526291,0.028579589,0.0872,-8.85E-05,0.96943169,Decreasing (Parallel),Linear_Additive,0.4013
Spectral,adjusted_power-Alpha-ch14,Invariant,0.5113,0.906155536,-0.005641177,,,,,,Invariant,Null,0.5113
Spectral,adjusted_power-Alpha-ch13,Invariant,0.5008,0.958649494,-0.002481031,,,,,,Invariant,Null,0.5008
Spectral,adjusted_power-Alpha-ch12,Linear,0.6072,0.353456158,0.044217992,-0.004593186,6.68E-05,0.2916,0.000763149,0.740107748,Decreasing (Parallel),Linear_Additive,0.6072
Spectral,adjusted_power-Alpha-ch11,Invariant,0.3698,0.571362394,0.027085014,,,,,,Invariant,Null,0.3698
Spectral,adjusted_power-Alpha-ch10,Inverse,0.7919,0.322821551,0.04693511,3.484343542,7.64E-08,0.1444,-1.692057242,0.192862499,Decreasing (Drop) (Parallel),Inverse_Additive,0.7919
Spectral,adjusted_power-Alpha-ch1,Invariant,0.4614,0.625250435,0.023371045,,,,,,Invariant,Null,0.4614
Spectral,adjusted_power-Alpha-avgch,Inverse,0.6307,0.177723422,0.064368605,1.770719182,0.006447709,0.0478,-3.042756884,0.019852641,Decreasing (Drop) (Divergent),Inverse_Interactive,0.6307
Spectral,SP_Summaries_welch_rect_centroid-ch9,Inverse,0.9584,0.437910864,-0.036613291,-4.544831344,2.05E-12,0.2041,0.594642211,0.645406081,Increasing (Rise) (Parallel),Inverse_Additive,0.9584
Spectral,SP_Summaries_welch_rect_centroid-ch8,Inverse,0.9828,0.210308769,-0.058659948,-5.636958558,2.00E-18,0.2656,2.417630961,0.059175976,Increasing (Rise) (Divergent),Inverse_Interactive,0.9828
Spectral,SP_Summaries_welch_rect_centroid-ch7,Inverse,0.9935,0.009902452,-0.120171603,-6.136986594,1.08E-21,0.2938,2.276870312,0.073914339,Increasing (Rise) (Divergent),Inverse_Interactive,0.9935
Spectral,SP_Summaries_welch_rect_centroid-ch6,Inverse,0.9979,0.196649203,-0.06072347,-5.053009799,4.75E-15,0.2327,2.787620895,0.030266371,Increasing (Rise) (Divergent),Inverse_Interactive,0.9979
Spectral,SP_Summaries_welch_rect_centroid-ch5,Inverse,0.9936,0.688724839,-0.018731995,-5.843103102,1.08E-19,0.2773,0.973599584,0.446991448,Increasing (Rise) (Parallel),Inverse_Additive,0.9936
Spectral,SP_Summaries_welch_rect_centroid-ch4,Inverse,0.9692,0.13858947,-0.070130685,-3.945816703,1.08E-09,0.1704,3.498047747,0.006902797,Increasing (Rise) (Divergent),Inverse_Interactive,0.9692
Spectral,SP_Summaries_welch_rect_centroid-ch3,Inverse,0.974,0.048937477,-0.091530915,-6.450802516,8.01E-24,0.3115,3.89931864,0.002145343,Increasing (Rise) (Divergent),Inverse_Interactive,0.974
Spectral,SP_Summaries_welch_rect_centroid-ch2,Inverse,0.9255,0.027873176,-0.104875149,-2.131971973,0.001022207,0.0682,4.253894077,0.001096014,Increasing (Rise) (Divergent),Inverse_Interactive,0.9255
Spectral,SP_Summaries_welch_rect_centroid-ch19,Inverse,0.9195,0.206028364,-0.060265674,-2.509867895,0.000111023,0.0895,1.526564235,0.241881913,Increasing (Rise) (Parallel),Inverse_Additive,0.9195
Spectral,SP_Summaries_welch_rect_centroid-ch18,Inverse,0.9777,0.331816847,-0.046123213,-3.236051285,6.05E-07,0.1304,2.966178839,0.022536924,Increasing (Rise) (Divergent),Inverse_Interactive,0.9777
Spectral,SP_Summaries_welch_rect_centroid-ch17,Inverse,0.9806,0.357673125,-0.043587549,-3.845798387,2.88E-09,0.1647,3.274690129,0.011528364,Increasing (Rise) (Divergent),Inverse_Interactive,0.9806
Spectral,SP_Summaries_welch_rect_centroid-ch16,Inverse,0.9977,0.032267094,-0.09942722,-6.542517041,1.73E-24,0.3167,0.73881198,0.560953963,Increasing (Rise) (Parallel),Inverse_Additive,0.9977
Spectral,SP_Summaries_welch_rect_centroid-ch15,Inverse,0.9767,0.067704676,-0.08439436,-7.102149761,1.09E-28,0.3482,0.727216445,0.565141862,Increasing (Rise) (Parallel),Inverse_Additive,0.9767
Spectral,SP_Summaries_welch_rect_centroid-ch14,Inverse,0.9772,0.033184524,-0.099491125,-5.873584266,6.13E-20,0.279,2.901880053,0.023099056,Increasing (Rise) (Divergent),Inverse_Interactive,0.9772
Spectral,SP_Summaries_welch_rect_centroid-ch13,Inverse,0.9975,0.289636618,-0.04918728,-6.578332228,1.07E-24,0.3187,2.304986115,0.06978038,Increasing (Rise) (Divergent),Inverse_Interactive,0.9975
Spectral,SP_Summaries_welch_rect_centroid-ch12,Inverse,0.9915,0.020427552,-0.10770407,-6.485715407,4.32E-24,0.3135,3.152924263,0.013042201,Increasing (Rise) (Divergent),Inverse_Interactive,0.9915
Spectral,SP_Summaries_welch_rect_centroid-ch11,Inverse,0.9877,0.151313383,-0.067023254,-5.933565966,2.69E-20,0.2823,2.741240159,0.031930477,Increasing (Rise) (Divergent),Inverse_Interactive,0.9877
Spectral,SP_Summaries_welch_rect_centroid-ch10,Inverse,0.9587,0.236848522,-0.056370543,-2.536496963,9.38E-05,0.091,1.685450816,0.196288849,Increasing (Rise) (Parallel),Inverse_Additive,0.9587
Spectral,SP_Summaries_welch_rect_centroid-ch1,Inverse,0.8805,0.130048002,-0.072085166,-2.727664488,2.63E-05,0.1017,3.866357289,0.002977098,Increasing (Rise) (Divergent),Inverse_Interactive,0.8805
Spectral,SP_Summaries_welch_rect_centroid-avgch,Inverse,0.9934,0.061685242,-0.08678446,-6.546078788,1.69E-24,0.3169,2.75207841,0.03027389,Increasing (Rise) (Divergent),Inverse_Interactive,0.9934
Spectral,SP_Summaries_welch_rect_area_5_1-ch9,Inverse,0.9989,0.104324287,0.075628243,6.285899194,1.18E-22,0.3022,-3.583181097,0.00488403,Decreasing (Drop) (Divergent),Inverse_Interactive,0.9989
Spectral,SP_Summaries_welch_rect_area_5_1-ch8,Inverse,1,0.072025829,0.081459284,8.80757884,5.00E-44,0.4443,-4.139167244,0.000822505,Decreasing (Drop) (Divergent),Inverse_Interactive,1
Spectral,SP_Summaries_welch_rect_area_5_1-ch7,Inverse,1,0.024195411,0.102321356,8.589655527,6.79E-42,0.432,-3.758344618,0.002448295,Decreasing (Drop) (Divergent),Inverse_Interactive,1
Spectral,SP_Summaries_welch_rect_area_5_1-ch6,Inverse,1,0.168647431,0.063189564,7.711629335,1.06E-33,0.3825,-3.63464531,0.003781458,Decreasing (Drop) (Divergent),Inverse_Interactive,1
Spectral,SP_Summaries_welch_rect_area_5_1-ch5,Inverse,0.9978,0.529708424,0.027931446,10.13658817,1.08E-58,0.5191,-1.867557075,0.124748472,Decreasing (Drop) (Divergent),Inverse_Interactive,0.9978
Spectral,SP_Summaries_welch_rect_area_5_1-ch4,Inverse,0.9999,0.082896902,0.079387067,7.930633474,1.18E-35,0.3949,-4.008750836,0.001355598,Decreasing (Drop) (Divergent),Inverse_Interactive,0.9999
Spectral,SP_Summaries_welch_rect_area_5_1-ch3,Inverse,1,0.004586785,0.127957169,8.979568343,6.39E-46,0.454,-4.006342734,0.00115456,Decreasing (Drop) (Divergent),Inverse_Interactive,1
Spectral,SP_Summaries_welch_rect_area_5_1-ch2,Inverse,0.9994,0.00780167,0.123742737,6.327465875,5.34E-23,0.3045,-4.526030181,0.000365511,Decreasing (Drop) (Divergent),Inverse_Interactive,0.9994
Spectral,SP_Summaries_welch_rect_area_5_1-ch19,Inverse,0.9982,0.183150004,0.062053426,6.168870488,7.58E-22,0.2956,-4.447289577,0.000481432,Decreasing (Drop) (Divergent),Inverse_Interactive,0.9982
Spectral,SP_Summaries_welch_rect_area_5_1-ch18,Inverse,0.9996,0.070018284,0.08213917,8.715498426,4.23E-43,0.4391,-3.832617372,0.001981732,Decreasing (Drop) (Divergent),Inverse_Interactive,0.9996
Spectral,SP_Summaries_welch_rect_area_5_1-ch17,Inverse,0.9998,0.033890317,0.097083022,7.93662499,9.73E-36,0.3952,-4.11169229,0.001008067,Decreasing (Drop) (Divergent),Inverse_Interactive,0.9998
Spectral,SP_Summaries_welch_rect_area_5_1-ch16,Inverse,1,0.134057035,0.068262498,8.342264967,1.96E-39,0.418,-3.282068871,0.008432415,Decreasing (Drop) (Divergent),Inverse_Interactive,1
Spectral,SP_Summaries_welch_rect_area_5_1-ch15,Inverse,0.9998,0.104006189,0.073147151,9.282991987,5.38E-49,0.471,-3.308239106,0.007167322,Decreasing (Drop) (Divergent),Inverse_Interactive,0.9998
Spectral,SP_Summaries_welch_rect_area_5_1-ch14,Inverse,0.9998,0.091868262,0.077943416,7.012004761,5.63E-28,0.3431,-2.865090606,0.023490037,Decreasing (Drop) (Divergent),Inverse_Interactive,0.9998
Spectral,SP_Summaries_welch_rect_area_5_1-ch13,Inverse,0.9941,0.433605016,0.03651916,6.144168711,1.15E-21,0.2942,-2.122269834,0.096384549,Decreasing (Drop) (Divergent),Inverse_Interactive,0.9941
Spectral,SP_Summaries_welch_rect_area_5_1-ch12,Inverse,1,0.058424182,0.085766868,8.739272897,2.40E-43,0.4404,-3.272395298,0.008267235,Decreasing (Drop) (Divergent),Inverse_Interactive,1
Spectral,SP_Summaries_welch_rect_area_5_1-ch11,Inverse,0.9998,0.075127654,0.080159932,9.199394156,4.13E-48,0.4663,-3.303866268,0.007302658,Decreasing (Drop) (Divergent),Inverse_Interactive,0.9998
Spectral,SP_Summaries_welch_rect_area_5_1-ch10,Inverse,0.9992,0.155017641,0.065483767,7.421989538,2.98E-31,0.3662,-3.685807285,0.003417607,Decreasing (Drop) (Divergent),Inverse_Interactive,0.9992
Spectral,SP_Summaries_welch_rect_area_5_1-ch1,Inverse,0.9918,0.004333656,0.132224451,6.682879452,1.46E-25,0.3246,-4.48857779,0.000389495,Decreasing (Drop) (Divergent),Inverse_Interactive,0.9918
Spectral,SP_Summaries_welch_rect_area_5_1-avgch,Inverse,1,0.042947636,0.092429898,8.131475772,1.68E-37,0.4062,-3.792699822,0.002372937,Decreasing (Drop) (Divergent),Inverse_Interactive,1
Complexity,SC_FluctAnal_2_rsrangefit_50_1_logi_prop_r1-ch9,Invariant,0.3696,0.055383735,-0.091628998,,,,,,Invariant,Null,0.3696
Complexity,SC_FluctAnal_2_rsrangefit_50_1_logi_prop_r1-ch8,Inverse,0.4343,0.119555763,-0.074149962,-2.609782918,5.80E-05,0.0951,3.978293926,0.002249762,Increasing (Rise) (Divergent),Inverse_Interactive,0.4343
Complexity,SC_FluctAnal_2_rsrangefit_50_1_logi_prop_r1-ch7,Inverse,0.5692,0.176464115,-0.064539208,-1.875304436,0.003909409,0.0537,3.659443875,0.005064915,Increasing (Rise) (Divergent),Inverse_Interactive,0.5692
Complexity,SC_FluctAnal_2_rsrangefit_50_1_logi_prop_r1-ch6,Inverse,0.8244,0.091991722,-0.079974558,-3.462903445,9.03E-08,0.1432,2.435063004,0.060749769,Increasing (Rise) (Divergent),Inverse_Interactive,0.8244
Complexity,SC_FluctAnal_2_rsrangefit_50_1_logi_prop_r1-ch5,Linear,0.4349,0.738777128,-0.015916798,0.003774517,0.001062295,0.2107,-0.000660065,0.774563891,Increasing (Parallel),Linear_Additive,0.4349
Complexity,SC_FluctAnal_2_rsrangefit_50_1_logi_prop_r1-ch4,Linear,0.689,0.384824858,-0.041281901,0.005982715,1.97E-07,0.4291,-0.003162872,0.167751015,Increasing (Parallel),Linear_Additive,0.689
Complexity,SC_FluctAnal_2_rsrangefit_50_1_logi_prop_r1-ch3,Inverse,0.4573,0.376194659,-0.042245118,-1.997089091,0.002124153,0.0606,1.718348985,0.188509824,Increasing (Rise) (Parallel),Inverse_Additive,0.4573
Complexity,SC_FluctAnal_2_rsrangefit_50_1_logi_prop_r1-ch2,Inverse,0.5552,0.360537928,-0.043689503,-1.616316814,0.012940603,0.0391,3.119308171,0.017020275,Increasing (Rise) (Divergent),Inverse_Interactive,0.5552
Complexity,SC_FluctAnal_2_rsrangefit_50_1_logi_prop_r1-ch19,Linear,0.4669,0.253403149,-0.054511247,0.003678536,0.001416906,0.2012,-0.005804586,0.011686214,Increasing (Divergent),Linear_Interactive,0.4669
Complexity,SC_FluctAnal_2_rsrangefit_50_1_logi_prop_r1-ch18,Linear,0.5293,0.112011841,-0.075692237,0.004717037,4.18E-05,0.3039,-0.005366129,0.019492014,Increasing (Divergent),Linear_Interactive,0.5293
Complexity,SC_FluctAnal_2_rsrangefit_50_1_logi_prop_r1-ch17,Linear,0.3871,0.025308998,-0.106871465,0.002397642,0.037482436,0.0745,-0.004242254,0.065632288,Increasing (Divergent),Linear_Interactive,0.3871
Complexity,SC_FluctAnal_2_rsrangefit_50_1_logi_prop_r1-ch16,Inverse,0.7682,0.26750214,-0.052855787,-2.461565524,0.000150629,0.0867,3.857377931,0.003081988,Increasing (Rise) (Divergent),Inverse_Interactive,0.7682
Complexity,SC_FluctAnal_2_rsrangefit_50_1_logi_prop_r1-ch15,Inverse,0.4838,0.177151347,-0.064517634,-1.294016729,0.046619693,0.021,3.336040845,0.010726601,Increasing (Rise) (Divergent),Inverse_Interactive,0.4838
Complexity,SC_FluctAnal_2_rsrangefit_50_1_logi_prop_r1-ch14,Invariant,0.4515,0.368057681,-0.04306716,,,,,,Invariant,Null,0.4515
Complexity,SC_FluctAnal_2_rsrangefit_50_1_logi_prop_r1-ch13,Inverse,0.3963,0.209253758,-0.060011118,-1.445952698,0.026180658,0.0295,1.475332309,0.259418286,Increasing (Rise) (Parallel),Inverse_Additive,0.3963
Complexity,SC_FluctAnal_2_rsrangefit_50_1_logi_prop_r1-ch12,Inverse,0.6134,0.871953704,-0.007689301,-2.270244587,0.00047751,0.076,1.348260902,0.301954028,Increasing (Rise) (Parallel),Inverse_Additive,0.6134
Complexity,SC_FluctAnal_2_rsrangefit_50_1_logi_prop_r1-ch11,Linear,0.4749,0.345769214,-0.045048812,0.002957341,0.010350876,0.1298,-0.001543296,0.503456663,Increasing (Parallel),Linear_Additive,0.4749
Complexity,SC_FluctAnal_2_rsrangefit_50_1_logi_prop_r1-ch10,Linear,0.4928,0.480937264,-0.033635417,0.00381776,0.000927905,0.2149,-0.003981943,0.08383284,Increasing (Divergent),Linear_Interactive,0.4928
Complexity,SC_FluctAnal_2_rsrangefit_50_1_logi_prop_r1-ch1,Inverse,0.6409,0.191686056,-0.062369533,-1.669179269,0.010243556,0.0421,4.153336749,0.001470263,Increasing (Rise) (Divergent),Inverse_Interactive,0.6409
Complexity,SC_FluctAnal_2_rsrangefit_50_1_logi_prop_r1-avgch,Inverse,0.4392,0.195848082,-0.061745014,-1.964711395,0.002501489,0.0587,3.518305314,0.007037752,Increasing (Rise) (Divergent),Inverse_Interactive,0.4392
Complexity,SC_FluctAnal_2_dfa_50_1_2_logi_prop_r1-ch9,Invariant,0.4573,0.999644425,-2.13E-05,,,,,,Invariant,Null,0.4573
Complexity,SC_FluctAnal_2_dfa_50_1_2_logi_prop_r1-ch8,Invariant,0.4498,0.708703168,0.017876944,,,,,,Invariant,Null,0.4498
Complexity,SC_FluctAnal_2_dfa_50_1_2_logi_prop_r1-ch7,Inverse,0.9689,0.813578129,-0.011235714,-2.647892005,4.57E-05,0.0972,1.171736567,0.369074908,Increasing (Rise) (Parallel),Inverse_Additive,0.9689
Complexity,SC_FluctAnal_2_dfa_50_1_2_logi_prop_r1-ch6,Invariant,0.3717,0.762678926,0.014449326,,,,,,Invariant,Null,0.3717
Complexity,SC_FluctAnal_2_dfa_50_1_2_logi_prop_r1-ch5,Inverse,0.8485,0.247196809,0.055091392,-2.834384024,1.26E-05,0.1077,-1.151563857,0.376901828,Increasing (Rise) (Parallel),Inverse_Additive,0.8485
Complexity,SC_FluctAnal_2_dfa_50_1_2_logi_prop_r1-ch4,Inverse,0.5066,0.789837938,-0.012748193,-1.126148586,0.083544434,0.0115,4.657798884,0.000367069,Increasing (Rise) (Divergent),Inverse_Interactive,0.5066
Complexity,SC_FluctAnal_2_dfa_50_1_2_logi_prop_r1-ch3,Inverse,0.9931,0.805456849,0.011708293,-3.224917945,6.67E-07,0.1297,1.105668625,0.395611398,Increasing (Rise) (Parallel),Inverse_Additive,0.9931
Complexity,SC_FluctAnal_2_dfa_50_1_2_logi_prop_r1-ch2,Inverse,0.6215,0.679488102,0.01944782,-4.980177729,1.22E-14,0.2286,2.406979597,0.061703323,Increasing (Rise) (Divergent),Inverse_Interactive,0.6215
Complexity,SC_FluctAnal_2_dfa_50_1_2_logi_prop_r1-ch19,Inverse,0.8484,0.685514569,-0.019281785,-2.82019025,1.40E-05,0.1069,0.227772099,0.861315183,Increasing (Rise) (Parallel),Inverse_Additive,0.8484
Complexity,SC_FluctAnal_2_dfa_50_1_2_logi_prop_r1-ch18,Inverse,0.9451,0.949773197,0.00299959,-2.811794174,1.49E-05,0.1065,2.423489564,0.062952278,Increasing (Rise) (Divergent),Inverse_Interactive,0.9451
Complexity,SC_FluctAnal_2_dfa_50_1_2_logi_prop_r1-ch17,Inverse,0.9997,0.778347963,0.013241389,-5.064241856,4.28E-15,0.2334,2.504745988,0.051714409,Increasing (Rise) (Divergent),Inverse_Interactive,0.9997
Complexity,SC_FluctAnal_2_dfa_50_1_2_logi_prop_r1-ch16,Invariant,0.3853,0.571344033,0.027086306,,,,,,Invariant,Null,0.3853
Complexity,SC_FluctAnal_2_dfa_50_1_2_logi_prop_r1-ch15,Inverse,0.7294,0.553895867,0.028294508,-1.490157858,0.021980666,0.032,-0.259074338,0.843087708,Increasing (Rise) (Parallel),Inverse_Additive,0.7294
Complexity,SC_FluctAnal_2_dfa_50_1_2_logi_prop_r1-ch14,Invariant,0.4727,0.392137848,-0.040944642,,,,,,Invariant,Null,0.4727
Complexity,SC_FluctAnal_2_dfa_50_1_2_logi_prop_r1-ch13,Inverse,0.8486,0.474497585,0.034108697,-2.356869959,0.000286489,0.0808,0.849259739,0.515438337,Increasing (Rise) (Parallel),Inverse_Additive,0.8486
Complexity,SC_FluctAnal_2_dfa_50_1_2_logi_prop_r1-ch12,Inverse,0.7215,0.832084457,-0.010135518,-1.478391798,0.023060278,0.0314,0.938501755,0.473346697,Increasing (Rise) (Parallel),Inverse_Additive,0.7215
Complexity,SC_FluctAnal_2_dfa_50_1_2_logi_prop_r1-ch11,Inverse,0.9982,0.784551542,0.012899511,-4.621310593,8.69E-13,0.2084,1.454041701,0.26031713,Increasing (Rise) (Parallel),Inverse_Additive,0.9982
Complexity,SC_FluctAnal_2_dfa_50_1_2_logi_prop_r1-ch10,Invariant,0.493,0.974836068,-0.00150941,,,,,,Invariant,Null,0.493
Complexity,SC_FluctAnal_2_dfa_50_1_2_logi_prop_r1-ch1,Inverse,0.9997,0.474927085,0.033293419,-6.261156948,1.89E-22,0.3008,2.537338582,0.046609379,Increasing (Rise) (Divergent),Inverse_Interactive,0.9997
Complexity,SC_FluctAnal_2_dfa_50_1_2_logi_prop_r1-avgch,Inverse,0.9988,0.958402121,-0.002467085,-4.214368007,7.41E-11,0.1855,2.231918115,0.084710873,Increasing (Rise) (Divergent),Inverse_Interactive,0.9988
Complexity,SB_TransitionMatrix_3ac_sumdiagcov-ch9,Inverse,0.6227,0.356000216,0.044111262,1.537189116,0.018101479,0.0347,5.404723015,3.46E-05,Decreasing (Drop) (Divergent),Inverse_Interactive,0.6227
Complexity,SB_TransitionMatrix_3ac_sumdiagcov-ch8,Linear,0.4441,0.854753421,-0.008756613,0.002016239,0.080699149,0.0367,-0.003063511,0.184615886,Increasing (Parallel),Linear_Additive,0.4441
Complexity,SB_TransitionMatrix_3ac_sumdiagcov-ch7,Linear,0.5501,0.502660498,-0.032034046,0.002857631,0.01325102,0.12,-0.002511201,0.276371709,Increasing (Parallel),Linear_Additive,0.5501
Complexity,SB_TransitionMatrix_3ac_sumdiagcov-ch6,Inverse,0.8611,0.518536085,0.030805225,2.188345674,0.00075972,0.0713,1.668997013,0.201332395,Decreasing (Drop) (Parallel),Inverse_Additive,0.8611
Complexity,SB_TransitionMatrix_3ac_sumdiagcov-ch5,Inverse,0.5179,0.519190226,-0.030825967,1.23235388,0.058226202,0.0175,1.089913055,0.405156059,Decreasing (Drop) (Parallel),Inverse_Additive,0.5179
Complexity,SB_TransitionMatrix_3ac_sumdiagcov-ch4,Inverse,0.5731,0.529711904,0.030036175,1.532841389,0.018447203,0.0344,1.138338084,0.384329319,Decreasing (Drop) (Parallel),Inverse_Additive,0.5731
Complexity,SB_TransitionMatrix_3ac_sumdiagcov-ch3,Invariant,0.4325,0.103867192,0.077796121,,,,,,Invariant,Null,0.4325
Complexity,SB_TransitionMatrix_3ac_sumdiagcov-ch2,Inverse,0.5095,0.27685692,0.051967933,1.510506957,0.020196737,0.0332,-0.419345992,0.748585,Decreasing (Drop) (Parallel),Inverse_Additive,0.5095
Complexity,SB_TransitionMatrix_3ac_sumdiagcov-ch19,Invariant,0.4578,0.839790776,0.009673687,,,,,,Invariant,Null,0.4578
Complexity,SB_TransitionMatrix_3ac_sumdiagcov-ch18,Linear,0.3689,0.228487529,0.057609294,0.001739951,0.131632193,0.0094,-0.005854241,0.011171161,Increasing (Divergent),Linear_Interactive,0.3689
Complexity,SB_TransitionMatrix_3ac_sumdiagcov-ch17,Inverse,0.5322,0.590402647,-0.025740606,1.238762632,0.056937987,0.0179,0.407591906,0.75559168,Decreasing (Drop) (Parallel),Inverse_Additive,0.5322
Complexity,SB_TransitionMatrix_3ac_sumdiagcov-ch16,Inverse,0.8651,0.463591377,0.034966078,2.245580181,0.000549156,0.0746,3.103029894,0.0174305,Decreasing (Drop) (Divergent),Inverse_Interactive,0.8651
Complexity,SB_TransitionMatrix_3ac_sumdiagcov-ch15,Inverse,0.3747,0.933463507,0.003991584,1.399106476,0.031525941,0.0269,1.775174871,0.174998288,Decreasing (Drop) (Parallel),Inverse_Additive,0.3747
Complexity,SB_TransitionMatrix_3ac_sumdiagcov-ch14,Invariant,0.4047,0.639847094,0.022389696,,,,,,Invariant,Null,0.4047
Complexity,SB_TransitionMatrix_3ac_sumdiagcov-ch13,Invariant,0.3392,0.410061819,0.039415669,,,,,,Invariant,Null,0.3392
Complexity,SB_TransitionMatrix_3ac_sumdiagcov-ch12,Inverse,0.9442,0.646962194,0.021635912,4.411549916,9.02E-12,0.1966,2.484724704,0.054622187,Decreasing (Drop) (Divergent),Inverse_Interactive,0.9442
Complexity,SB_TransitionMatrix_3ac_sumdiagcov-ch11,Inverse,0.9644,0.158504455,0.06706713,3.027902312,3.04E-06,0.1186,-0.025299567,0.984496779,Decreasing (Drop) (Parallel),Inverse_Additive,0.9644
Complexity,SB_TransitionMatrix_3ac_sumdiagcov-ch10,Invariant,0.3568,0.327786205,0.046820435,,,,,,Invariant,Null,0.3568
Complexity,SB_TransitionMatrix_3ac_sumdiagcov-ch1,Invariant,0.5325,0.611428754,-0.024309427,,,,,,Invariant,Null,0.5325
Complexity,SB_TransitionMatrix_3ac_sumdiagcov-avgch,Invariant,0.4726,0.382465931,0.041787279,,,,,,Invariant,Null,0.4726
Complexity,SB_MotifThree_quantile_hh-ch9,Inverse,1,0.052583394,-0.084411208,-11.29111818,6.66E-74,0.5842,2.836992549,0.017205385,Increasing (Rise) (Divergent),Inverse_Interactive,1
Complexity,SB_MotifThree_quantile_hh-ch8,Inverse,1,0.022631498,-0.095762571,-13.03898039,2.31E-101,0.6827,3.467299712,0.002524379,Increasing (Rise) (Divergent),Inverse_Interactive,1
Complexity,SB_MotifThree_quantile_hh-ch7,Inverse,1,0.009646799,-0.108329912,-13.1865469,4.80E-104,0.691,2.919963666,0.010693378,Increasing (Rise) (Divergent),Inverse_Interactive,1
Complexity,SB_MotifThree_quantile_hh-ch6,Inverse,1,0.071132397,-0.076655473,-12.55326712,4.79E-93,0.6553,3.052293808,0.008588729,Increasing (Rise) (Divergent),Inverse_Interactive,1
Complexity,SB_MotifThree_quantile_hh-ch5,Inverse,1,0.280611421,-0.043527475,-14.68413098,9.57E-133,0.7753,1.787428365,0.105463909,Increasing (Rise) (Divergent),Inverse_Interactive,1
Complexity,SB_MotifThree_quantile_hh-ch4,Inverse,1,0.021990686,-0.097423469,-12.47286699,7.65E-92,0.6508,3.984613448,0.000604617,Increasing (Rise) (Divergent),Inverse_Interactive,1
Complexity,SB_MotifThree_quantile_hh-ch3,Inverse,1,0.003457121,-0.121393562,-13.51402106,4.37E-110,0.7094,3.244242129,0.004230327,Increasing (Rise) (Divergent),Inverse_Interactive,1
Complexity,SB_MotifThree_quantile_hh-ch2,Inverse,1,0.00031293,-0.152538405,-12.64154011,5.04E-95,0.6603,3.876250279,0.000789402,Increasing (Rise) (Divergent),Inverse_Interactive,1
Complexity,SB_MotifThree_quantile_hh-ch19,Inverse,1,0.089034246,-0.070150941,-13.82091491,1.74E-115,0.7267,3.447652484,0.00223263,Increasing (Rise) (Divergent),Inverse_Interactive,1
Complexity,SB_MotifThree_quantile_hh-ch18,Inverse,1,0.047275754,-0.084387624,-12.47964606,6.99E-92,0.6511,3.493758206,0.002655832,Increasing (Rise) (Divergent),Inverse_Interactive,1
Complexity,SB_MotifThree_quantile_hh-ch17,Inverse,1,0.017995501,-0.10024074,-12.64660932,1.03E-94,0.6605,3.965750469,0.000611606,Increasing (Rise) (Divergent),Inverse_Interactive,1
Complexity,SB_MotifThree_quantile_hh-ch16,Inverse,1,0.028632237,-0.092460474,-12.78825092,4.85E-97,0.6685,2.720513047,0.018517791,Increasing (Rise) (Divergent),Inverse_Interactive,1
Complexity,SB_MotifThree_quantile_hh-ch15,Inverse,1,0.040890222,-0.08332767,-14.28364387,1.10E-124,0.7528,2.571958189,0.021007995,Increasing (Rise) (Divergent),Inverse_Interactive,1
Complexity,SB_MotifThree_quantile_hh-ch14,Inverse,1,0.022498341,-0.098562918,-11.7108081,5.11E-80,0.6078,2.278167701,0.0537834,Increasing (Rise) (Divergent),Inverse_Interactive,1
Complexity,SB_MotifThree_quantile_hh-ch13,Inverse,1,0.167242065,-0.057305609,-13.59490025,3.73E-111,0.714,1.680716249,0.138830351,Increasing (Rise) (Divergent),Inverse_Interactive,1
Complexity,SB_MotifThree_quantile_hh-ch12,Inverse,1,0.011889819,-0.104406434,-13.54252979,1.79E-110,0.711,3.187827752,0.004946863,Increasing (Rise) (Divergent),Inverse_Interactive,1
Complexity,SB_MotifThree_quantile_hh-ch11,Inverse,1,0.007698999,-0.110257113,-13.6698503,6.70E-113,0.7182,3.224691936,0.004335901,Increasing (Rise) (Divergent),Inverse_Interactive,1
Complexity,SB_MotifThree_quantile_hh-ch10,Inverse,1,0.016367755,-0.102612498,-12.23104324,5.36E-88,0.6371,2.816816494,0.015927168,Increasing (Rise) (Divergent),Inverse_Interactive,1
Complexity,SB_MotifThree_quantile_hh-ch1,Inverse,1,0.001313751,-0.139158767,-11.52051298,1.85E-77,0.5971,3.956186391,0.000819845,Increasing (Rise) (Divergent),Inverse_Interactive,1
Complexity,SB_MotifThree_quantile_hh-avgch,Inverse,1,0.011976085,-0.102976404,-14.05531772,2.84E-120,0.7399,3.1602259,0.004772696,Increasing (Rise) (Divergent),Inverse_Interactive,1
Complexity,SB_BinaryStats_mean_longstretch1-ch9,Inverse,1,0.119416096,0.068348566,10.86621177,4.86E-68,0.5602,-0.186430952,0.876683994,Decreasing (Drop) (Parallel),Inverse_Additive,1
Complexity,SB_BinaryStats_mean_longstretch1-ch8,Inverse,1,0.004066478,0.122475719,12.3376536,8.10E-90,0.6431,-1.733718287,0.136906123,Decreasing (Drop) (Divergent),Inverse_Interactive,1
Complexity,SB_BinaryStats_mean_longstretch1-ch7,Inverse,1,0.000262752,0.150782203,13.6794792,1.80E-113,0.7187,-0.809544134,0.47338843,Decreasing (Drop) (Parallel),Inverse_Additive,1
Complexity,SB_BinaryStats_mean_longstretch1-ch6,Inverse,1,0.021013405,0.102585206,10.06241993,5.60E-58,0.515,-0.741245815,0.542220768,Decreasing (Drop) (Parallel),Inverse_Additive,1
Complexity,SB_BinaryStats_mean_longstretch1-ch5,Inverse,1,0.072227137,0.077053652,12.11966199,4.01E-86,0.6309,-0.886175313,0.449983305,Decreasing (Drop) (Parallel),Inverse_Additive,1
Complexity,SB_BinaryStats_mean_longstretch1-ch4,Inverse,1,0.002544328,0.130146007,11.75968489,6.35E-81,0.6106,-2.481971527,0.035207357,Decreasing (Drop) (Divergent),Inverse_Interactive,1
Complexity,SB_BinaryStats_mean_longstretch1-ch3,Inverse,1,0.004210018,0.124836818,11.15737123,3.17E-72,0.5766,-2.240432375,0.060256342,Decreasing (Drop) (Divergent),Inverse_Interactive,1
Complexity,SB_BinaryStats_mean_longstretch1-ch2,Inverse,1,0.000352203,0.158791944,10.00523589,1.55E-57,0.5117,-2.062590652,0.089332202,Decreasing (Drop) (Divergent),Inverse_Interactive,1
Complexity,SB_BinaryStats_mean_longstretch1-ch19,Inverse,1,0.008487948,0.11203681,12.42045302,4.41E-91,0.6478,-0.930950089,0.423968242,Decreasing (Drop) (Parallel),Inverse_Additive,1
Complexity,SB_BinaryStats_mean_longstretch1-ch18,Inverse,1,0.0508578,0.084314001,11.74338014,1.96E-80,0.6097,-0.530663839,0.653372717,Decreasing (Drop) (Parallel),Inverse_Additive,1
Complexity,SB_BinaryStats_mean_longstretch1-ch17,Inverse,1,0.066641535,0.081739319,9.920193038,3.21E-56,0.5069,-3.163746801,0.009425684,Decreasing (Drop) (Divergent),Inverse_Interactive,1
Complexity,SB_BinaryStats_mean_longstretch1-ch16,Inverse,1,0.003653633,0.124580058,12.07337216,1.15E-85,0.6283,-0.321828129,0.783664494,Decreasing (Drop) (Parallel),Inverse_Additive,1
Complexity,SB_BinaryStats_mean_longstretch1-ch15,Inverse,1,0.003291844,0.122219794,13.44692225,7.42E-109,0.7056,-0.258873645,0.819937004,Decreasing (Drop) (Parallel),Inverse_Additive,1
Complexity,SB_BinaryStats_mean_longstretch1-ch14,Inverse,1,0.003351847,0.128614038,10.86319798,3.03E-68,0.5601,-1.594262837,0.183547799,Decreasing (Drop) (Parallel),Inverse_Additive,1
Complexity,SB_BinaryStats_mean_longstretch1-ch13,Inverse,1,0.023419369,0.097905922,11.70887583,5.50E-80,0.6077,-0.997691173,0.39856821,Decreasing (Drop) (Parallel),Inverse_Additive,1
Complexity,SB_BinaryStats_mean_longstretch1-ch12,Inverse,1,0.000366331,0.149820913,12.9384362,4.82E-100,0.677,-2.160017007,0.060049603,Decreasing (Drop) (Divergent),Inverse_Interactive,1
Complexity,SB_BinaryStats_mean_longstretch1-ch11,Inverse,1,0.020200505,0.096702391,13.42117059,3.47E-108,0.7042,-1.964938318,0.084426189,Decreasing (Drop) (Divergent),Inverse_Interactive,1
Complexity,SB_BinaryStats_mean_longstretch1-ch10,Inverse,1,0.008601382,0.115007012,10.9756828,1.09E-69,0.5664,-0.756617427,0.52742838,Decreasing (Drop) (Parallel),Inverse_Additive,1
Complexity,SB_BinaryStats_mean_longstretch1-ch1,Inverse,1,0.01030851,0.115223243,9.354266019,6.93E-50,0.4751,-3.198433496,0.009174407,Decreasing (Drop) (Divergent),Inverse_Interactive,1
Complexity,SB_BinaryStats_mean_longstretch1-avgch,Inverse,1,0.001711701,0.131334108,13.1381816,2.26E-103,0.6882,-1.688957822,0.140105152,Decreasing (Drop) (Divergent),Inverse_Interactive,1
Complexity,SB_BinaryStats_diff_longstretch0-ch9,Inverse,1,0.071044048,0.078441223,11.41534675,1.23E-75,0.5912,-3.157130006,0.007877501,Decreasing (Drop) (Divergent),Inverse_Interactive,1
Complexity,SB_BinaryStats_diff_longstretch0-ch8,Inverse,1,0.096751073,0.070501889,12.58758828,1.40E-93,0.6572,-3.309092276,0.004355429,Decreasing (Drop) (Divergent),Inverse_Interactive,1
Complexity,SB_BinaryStats_diff_longstretch0-ch7,Inverse,1,0.017812552,0.100987162,12.37301429,3.00E-90,0.6451,-2.702137367,0.020394619,Decreasing (Drop) (Divergent),Inverse_Interactive,1
Complexity,SB_BinaryStats_diff_longstretch0-ch6,Inverse,1,0.057864569,0.08028071,12.71496315,9.65E-96,0.6644,-2.421243117,0.036486538,Decreasing (Drop) (Divergent),Inverse_Interactive,1
Complexity,SB_BinaryStats_diff_longstretch0-ch5,Inverse,1,0.066186154,0.074705017,14.37406092,1.83E-126,0.7579,-2.290276898,0.039482281,Decreasing (Drop) (Divergent),Inverse_Interactive,1
Complexity,SB_BinaryStats_diff_longstretch0-ch4,Inverse,1,0.010146468,0.111740451,11.36619253,4.37E-75,0.5884,-4.192996149,0.000411588,Decreasing (Drop) (Divergent),Inverse_Interactive,1
Complexity,SB_BinaryStats_diff_longstretch0-ch3,Inverse,1,0.122847915,0.064667896,13.16429383,2.19E-103,0.6897,-3.102627914,0.006786207,Decreasing (Drop) (Divergent),Inverse_Interactive,1
Complexity,SB_BinaryStats_diff_longstretch0-ch2,Inverse,1,0.018048562,0.102808056,11.36089969,5.74E-75,0.5881,-4.178351964,0.000433754,Decreasing (Drop) (Divergent),Inverse_Interactive,1
Complexity,SB_BinaryStats_diff_longstretch0-ch19,Inverse,1,0.061544711,0.077327994,13.70952061,2.07E-113,0.7204,-3.781941564,0.000819275,Decreasing (Drop) (Divergent),Inverse_Interactive,1
Complexity,SB_BinaryStats_diff_longstretch0-ch18,Inverse,1,0.199861307,0.052941646,13.78850326,8.91E-115,0.7249,-3.737962171,0.000928274,Decreasing (Drop) (Divergent),Inverse_Interactive,1
Complexity,SB_BinaryStats_diff_longstretch0-ch17,Inverse,1,0.059867458,0.079048735,13.05436394,1.57E-101,0.6835,-3.968359754,0.000545154,Decreasing (Drop) (Divergent),Inverse_Interactive,1
Complexity,SB_BinaryStats_diff_longstretch0-ch16,Inverse,1,0.066110115,0.078077585,12.54105787,7.48E-93,0.6546,-3.447044227,0.002997113,Decreasing (Drop) (Divergent),Inverse_Interactive,1
Complexity,SB_BinaryStats_diff_longstretch0-ch15,Inverse,1,0.041459185,0.084996921,13.37880066,2.45E-107,0.7018,-2.523085442,0.026886689,Decreasing (Drop) (Divergent),Inverse_Interactive,1
Complexity,SB_BinaryStats_diff_longstretch0-ch14,Inverse,1,0.093658922,0.073496378,10.92653072,7.34E-69,0.5636,-2.045013361,0.088220167,Decreasing (Drop) (Divergent),Inverse_Interactive,1
Complexity,SB_BinaryStats_diff_longstretch0-ch13,Inverse,1,0.115704252,0.065467811,13.46376651,8.94E-109,0.7066,-1.181749891,0.299500516,Decreasing (Drop) (Parallel),Inverse_Additive,1
Complexity,SB_BinaryStats_diff_longstretch0-ch12,Inverse,1,0.149049413,0.061941026,12.0559576,4.47E-85,0.6273,-3.262699692,0.005444266,Decreasing (Drop) (Divergent),Inverse_Interactive,1
Complexity,SB_BinaryStats_diff_longstretch0-ch11,Inverse,1,0.139664064,0.06204834,13.06624962,1.18E-101,0.6842,-4.012434862,0.000473496,Decreasing (Drop) (Divergent),Inverse_Interactive,1
Complexity,SB_BinaryStats_diff_longstretch0-ch10,Inverse,1,0.096900459,0.0706856,12.44435867,3.03E-91,0.6492,-3.334907134,0.004173718,Decreasing (Drop) (Divergent),Inverse_Interactive,1
Complexity,SB_BinaryStats_diff_longstretch0-ch1,Inverse,1,0.038175231,0.091147222,10.74163293,1.80E-66,0.5532,-3.769209496,0.001707504,Decreasing (Drop) (Divergent),Inverse_Interactive,1
Complexity,SB_BinaryStats_diff_longstretch0-avgch,Inverse,1,0.035014205,0.087334412,13.63792846,3.95E-112,0.7164,-3.585988874,0.001536079,Decreasing (Drop) (Divergent),Inverse_Interactive,1
Complexity,PD_PeriodicityWang_th0_01-ch9,Inverse,1,0.157388207,0.063117588,9.829480771,4.12E-55,0.5018,3.785083258,0.001924524,Decreasing (Drop) (Divergent),Inverse_Interactive,1
Complexity,PD_PeriodicityWang_th0_01-ch8,Inverse,1,0.07075052,0.078299643,11.56697885,8.08E-78,0.5997,1.057652134,0.372423342,Decreasing (Drop) (Parallel),Inverse_Additive,1
Complexity,PD_PeriodicityWang_th0_01-ch7,Inverse,1,0.061433047,0.08148082,11.27426413,1.18E-73,0.5832,0.706012614,0.553734946,Decreasing (Drop) (Parallel),Inverse_Additive,1
Complexity,PD_PeriodicityWang_th0_01-ch6,Inverse,1,0.246062714,0.047656863,13.99698321,9.02E-119,0.7366,0.847846049,0.450942256,Decreasing (Drop) (Parallel),Inverse_Additive,1
Complexity,PD_PeriodicityWang_th0_01-ch5,Inverse,1,0.377747162,0.037149777,12.96691936,7.70E-100,0.6786,1.157113235,0.315580368,Decreasing (Drop) (Parallel),Inverse_Additive,1
Complexity,PD_PeriodicityWang_th0_01-ch4,Inverse,1,0.086193772,0.069051711,14.75644157,1.93E-134,0.7794,-1.774280832,0.10710292,Decreasing (Drop) (Divergent),Inverse_Interactive,1
Complexity,PD_PeriodicityWang_th0_01-ch3,Inverse,1,0.140207034,0.060017169,14.36039998,4.31E-126,0.7571,-1.010814604,0.364076422,Decreasing (Drop) (Parallel),Inverse_Additive,1
Complexity,PD_PeriodicityWang_th0_01-ch2,Inverse,1,0.089531205,0.068692877,14.56517729,2.21E-130,0.7686,-2.357819443,0.033126889,Decreasing (Drop) (Divergent),Inverse_Interactive,1
Complexity,PD_PeriodicityWang_th0_01-ch19,Inverse,1,0.057512175,0.082629426,11.34963338,1.01E-74,0.5875,2.570486004,0.0307416,Decreasing (Drop) (Divergent),Inverse_Interactive,1
Complexity,PD_PeriodicityWang_th0_01-ch18,Inverse,1,0.105939573,0.07069248,11.07845763,6.58E-71,0.5722,-0.289008097,0.809191074,Decreasing (Drop) (Parallel),Inverse_Additive,1
Complexity,PD_PeriodicityWang_th0_01-ch17,Inverse,1,0.164341358,0.057105073,14.01059861,4.40E-119,0.7374,-2.065466146,0.066024467,Decreasing (Drop) (Divergent),Inverse_Interactive,1
Complexity,PD_PeriodicityWang_th0_01-ch16,Inverse,1,0.05800178,0.082645559,11.23222526,4.51E-73,0.5809,1.609727162,0.177189029,Decreasing (Drop) (Parallel),Inverse_Additive,1
Complexity,PD_PeriodicityWang_th0_01-ch15,Inverse,1,0.028908559,0.091520275,13.16517192,1.50E-103,0.6898,0.92403581,0.420139682,Decreasing (Drop) (Parallel),Inverse_Additive,1
Complexity,PD_PeriodicityWang_th0_01-ch14,Inverse,1,0.122614903,0.066522109,11.86669569,3.30E-82,0.6166,-1.752421077,0.137205998,Decreasing (Drop) (Divergent),Inverse_Interactive,1
Complexity,PD_PeriodicityWang_th0_01-ch13,Inverse,1,0.14220698,0.059040064,14.77676026,8.24E-135,0.7806,-0.872716214,0.428026597,Decreasing (Drop) (Parallel),Inverse_Additive,1
Complexity,PD_PeriodicityWang_th0_01-ch12,Inverse,1,0.07182475,0.071686772,15.12297332,1.66E-142,0.8001,-2.256054465,0.038336572,Decreasing (Drop) (Divergent),Inverse_Interactive,1
Complexity,PD_PeriodicityWang_th0_01-ch11,Inverse,1,0.068199214,0.071177921,15.77940461,7.19E-158,0.837,-1.071934697,0.315562923,Decreasing (Drop) (Parallel),Inverse_Additive,1
Complexity,PD_PeriodicityWang_th0_01-ch10,Inverse,1,0.230759959,0.054100242,9.060093134,1.39E-46,0.4585,1.481777808,0.230450205,Decreasing (Drop) (Parallel),Inverse_Additive,1
Complexity,PD_PeriodicityWang_th0_01-ch1,Inverse,1,0.179430289,0.057172265,12.44729121,3.08E-91,0.6493,-1.728777472,0.137979369,Decreasing (Drop) (Divergent),Inverse_Interactive,1
Complexity,PD_PeriodicityWang_th0_01-avgch,Inverse,1,0.030949678,0.084835767,15.53585832,3.83E-152,0.8233,-0.490557222,0.64841402,Decreasing (Drop) (Parallel),Inverse_Additive,1
Complexity,MD_hrv_classic_pnn40-ch9,Inverse,1,0.046377908,-0.079256943,-15.14501897,4.59E-143,0.8013,1.417372393,0.192928521,Increasing (Rise) (Parallel),Inverse_Additive,1
Complexity,MD_hrv_classic_pnn40-ch8,Inverse,1,0.00579926,-0.104612068,-16.61241761,9.95E-180,0.884,1.562001736,0.131932633,Increasing (Rise) (Divergent),Inverse_Interactive,1
Complexity,MD_hrv_classic_pnn40-ch7,Inverse,1,0.01986609,-0.090524083,-15.89269456,7.58E-161,0.8434,0.232673543,0.826827332,Increasing (Rise) (Parallel),Inverse_Additive,1
Complexity,MD_hrv_classic_pnn40-ch6,Inverse,1,0.081491959,-0.068909685,-15.34940507,1.21E-147,0.8128,1.599180402,0.139531949,Increasing (Rise) (Divergent),Inverse_Interactive,1
Complexity,MD_hrv_classic_pnn40-ch5,Inverse,1,0.274963567,-0.041285357,-16.72789968,3.32E-182,0.8905,0.276145781,0.789686388,Increasing (Rise) (Parallel),Inverse_Additive,1
Complexity,MD_hrv_classic_pnn40-ch4,Inverse,1,0.039430479,-0.079801216,-16.00003997,2.07E-163,0.8495,3.266226426,0.002037724,Increasing (Rise) (Divergent),Inverse_Interactive,1
Complexity,MD_hrv_classic_pnn40-ch3,Inverse,1,0.020917798,-0.09101208,-15.4560193,2.53E-150,0.8188,2.965000564,0.005910335,Increasing (Rise) (Divergent),Inverse_Interactive,1
Complexity,MD_hrv_classic_pnn40-ch2,Inverse,1,0.003880036,-0.117192839,-14.41118531,1.38E-127,0.76,3.23694551,0.003501839,Increasing (Rise) (Divergent),Inverse_Interactive,1
Complexity,MD_hrv_classic_pnn40-ch19,Inverse,1,0.115463776,-0.059011678,-16.95718258,9.13E-189,0.9034,2.40171414,0.019167349,Increasing (Rise) (Divergent),Inverse_Interactive,1
Complexity,MD_hrv_classic_pnn40-ch18,Inverse,1,0.098776456,-0.063124329,-16.40199787,1.34E-173,0.8721,2.628788537,0.011941477,Increasing (Rise) (Divergent),Inverse_Interactive,1
Complexity,MD_hrv_classic_pnn40-ch17,Inverse,1,0.101547275,-0.065540931,-14.94890102,1.35E-138,0.7903,4.142664785,0.000151386,Increasing (Rise) (Divergent),Inverse_Interactive,1
Complexity,MD_hrv_classic_pnn40-ch16,Inverse,1,0.021907065,-0.088455284,-16.11205298,2.45E-166,0.8558,1.369760542,0.194480948,Increasing (Rise) (Parallel),Inverse_Additive,1
Complexity,MD_hrv_classic_pnn40-ch15,Inverse,1,0.049126828,-0.074326022,-16.73869991,8.30E-183,0.8911,0.162672736,0.874972679,Increasing (Rise) (Parallel),Inverse_Additive,1
Complexity,MD_hrv_classic_pnn40-ch14,Inverse,1,0.041242488,-0.083916973,-13.94424742,5.96E-118,0.7337,1.44286298,0.199600335,Increasing (Rise) (Parallel),Inverse_Additive,1
Complexity,MD_hrv_classic_pnn40-ch13,Inverse,1,0.151010752,-0.055259019,-16.22030825,8.59E-169,0.8619,-0.185715756,0.860059803,Increasing (Rise) (Parallel),Inverse_Additive,1
Complexity,MD_hrv_classic_pnn40-ch12,Inverse,1,0.021483036,-0.088108428,-16.32433008,8.09E-172,0.8677,2.53785882,0.015410834,Increasing (Rise) (Divergent),Inverse_Interactive,1
Complexity,MD_hrv_classic_pnn40-ch11,Inverse,1,0.011959749,-0.09338548,-17.17111988,2.35E-195,0.9155,2.509945488,0.013461629,Increasing (Rise) (Divergent),Inverse_Interactive,1
Complexity,MD_hrv_classic_pnn40-ch10,Inverse,1,0.010184862,-0.097612618,-16.56506848,2.40E-178,0.8813,1.51594482,0.144532657,Increasing (Rise) (Divergent),Inverse_Interactive,1
Complexity,MD_hrv_classic_pnn40-ch1,Inverse,1,0.074287896,-0.07597304,-12.45579152,1.87E-91,0.6498,3.64785099,0.001715626,Increasing (Rise) (Divergent),Inverse_Interactive,1
Complexity,MD_hrv_classic_pnn40-avgch,Inverse,1,0.022168335,-0.085529779,-17.01075161,1.34E-190,0.9064,2.143864091,0.036011234,Increasing (Rise) (Divergent),Inverse_Interactive,1
Complexity,IN_AutoMutualInfoStats_40_gaussian_fmmi-ch9,Inverse,1,0.071503158,0.075757098,13.0291313,4.48E-101,0.6821,2.832143504,0.013745453,Decreasing (Drop) (Divergent),Inverse_Interactive,1
Complexity,IN_AutoMutualInfoStats_40_gaussian_fmmi-ch8,Inverse,1,0.020564545,0.092847845,14.87261487,3.82E-137,0.786,-0.473732324,0.665839568,Decreasing (Drop) (Parallel),Inverse_Additive,1
Complexity,IN_AutoMutualInfoStats_40_gaussian_fmmi-ch7,Inverse,1,0.008628787,0.104085197,15.25975798,6.55E-146,0.8078,-0.334270976,0.757821926,Decreasing (Drop) (Parallel),Inverse_Additive,1
Complexity,IN_AutoMutualInfoStats_40_gaussian_fmmi-ch6,Inverse,1,0.056032197,0.074330953,15.88039252,2.23E-160,0.8427,-0.656532655,0.537432074,Decreasing (Drop) (Parallel),Inverse_Additive,1
Complexity,IN_AutoMutualInfoStats_40_gaussian_fmmi-ch5,Inverse,1,0.195296533,0.050112225,16.05787805,1.31E-164,0.8527,-0.858371725,0.417714207,Decreasing (Drop) (Parallel),Inverse_Additive,1
Complexity,IN_AutoMutualInfoStats_40_gaussian_fmmi-ch4,Inverse,1,0.084579115,0.067073986,15.89378428,1.21E-160,0.8435,-2.001587397,0.05992602,Decreasing (Drop) (Divergent),Inverse_Interactive,1
Complexity,IN_AutoMutualInfoStats_40_gaussian_fmmi-ch3,Inverse,1,0.043403387,0.077459707,16.30769683,2.89E-171,0.8668,-0.85729412,0.413969199,Decreasing (Drop) (Parallel),Inverse_Additive,1
Complexity,IN_AutoMutualInfoStats_40_gaussian_fmmi-ch2,Inverse,1,0.006738382,0.106980519,15.38013508,1.01E-148,0.8146,-1.879809681,0.081635918,Decreasing (Drop) (Divergent),Inverse_Interactive,1
Complexity,IN_AutoMutualInfoStats_40_gaussian_fmmi-ch19,Inverse,1,0.01583158,0.098834405,14.07517432,1.25E-120,0.741,0.50396777,0.65293602,Decreasing (Drop) (Parallel),Inverse_Additive,1
Complexity,IN_AutoMutualInfoStats_40_gaussian_fmmi-ch18,Inverse,1,0.072882365,0.068833136,16.29220206,8.95E-171,0.8659,-0.992968029,0.344431845,Decreasing (Drop) (Parallel),Inverse_Additive,1
Complexity,IN_AutoMutualInfoStats_40_gaussian_fmmi-ch17,Inverse,1,0.090174073,0.066062795,15.81691153,9.64E-159,0.8392,-1.829902986,0.086251417,Decreasing (Drop) (Divergent),Inverse_Interactive,1
Complexity,IN_AutoMutualInfoStats_40_gaussian_fmmi-ch16,Inverse,1,0.004252168,0.11233661,15.53146762,2.43E-152,0.8231,0.560995577,0.601667533,Decreasing (Drop) (Parallel),Inverse_Additive,1
Complexity,IN_AutoMutualInfoStats_40_gaussian_fmmi-ch15,Inverse,1,0.005385445,0.108225279,15.86437223,2.35E-160,0.8418,-0.237428993,0.823365234,Decreasing (Drop) (Parallel),Inverse_Additive,1
Complexity,IN_AutoMutualInfoStats_40_gaussian_fmmi-ch14,Inverse,1,0.021318054,0.096703361,13.04401544,1.86E-101,0.6829,-1.742645975,0.129318679,Decreasing (Drop) (Divergent),Inverse_Interactive,1
Complexity,IN_AutoMutualInfoStats_40_gaussian_fmmi-ch13,Inverse,1,0.153656046,0.054895204,16.22507904,6.52E-169,0.8622,-1.092400045,0.299589623,Decreasing (Drop) (Parallel),Inverse_Additive,1
Complexity,IN_AutoMutualInfoStats_40_gaussian_fmmi-ch12,Inverse,1,0.024376708,0.086318649,16.30567517,2.61E-171,0.8667,-2.614371864,0.012632765,Decreasing (Drop) (Divergent),Inverse_Interactive,1
Complexity,IN_AutoMutualInfoStats_40_gaussian_fmmi-ch11,Inverse,1,0.040181774,0.076386106,17.13284275,5.22E-194,0.9133,-1.987366708,0.050961122,Decreasing (Drop) (Divergent),Inverse_Interactive,1
Complexity,IN_AutoMutualInfoStats_40_gaussian_fmmi-ch10,Inverse,1,0.039150685,0.088786777,11.89629715,9.50E-83,0.6183,1.251736894,0.287886335,Decreasing (Drop) (Parallel),Inverse_Additive,1
Complexity,IN_AutoMutualInfoStats_40_gaussian_fmmi-ch1,Inverse,1,0.178875116,0.055679188,13.66624931,1.77E-112,0.718,-1.971875207,0.081904493,Decreasing (Drop) (Divergent),Inverse_Interactive,1
Complexity,IN_AutoMutualInfoStats_40_gaussian_fmmi-avgch,Inverse,1,0.008539221,0.096093274,17.59487277,3.49E-208,0.9393,-1.070361276,0.284142993,Decreasing (Drop) (Parallel),Inverse_Additive,1
Complexity,FC_LocalSimple_mean3_stderr-ch9,Inverse,1,0.011496447,-0.111258401,-10.64649717,2.61E-65,0.5479,2.410900102,0.045187079,Increasing (Rise) (Divergent),Inverse_Interactive,1
Complexity,FC_LocalSimple_mean3_stderr-ch8,Inverse,1,0.001719558,-0.12983464,-13.60524114,7.35E-112,0.7146,3.001575201,0.007977518,Increasing (Rise) (Divergent),Inverse_Interactive,1
Complexity,FC_LocalSimple_mean3_stderr-ch7,Inverse,1,0.000455131,-0.14510738,-13.6137578,3.59E-112,0.715,2.662850508,0.018498448,Increasing (Rise) (Divergent),Inverse_Interactive,1
Complexity,FC_LocalSimple_mean3_stderr-ch6,Inverse,1,0.01816261,-0.098913621,-13.17788184,7.98E-104,0.6905,2.743989722,0.016525636,Increasing (Rise) (Divergent),Inverse_Interactive,1
Complexity,FC_LocalSimple_mean3_stderr-ch5,Inverse,1,0.21882131,-0.050388559,-14.0973465,9.35E-121,0.7423,1.375958046,0.219896757,Increasing (Rise) (Parallel),Inverse_Additive,1
Complexity,FC_LocalSimple_mean3_stderr-ch4,Inverse,1,0.004292095,-0.121224254,-12.54208942,3.98E-93,0.6547,3.714613766,0.001354204,Increasing (Rise) (Divergent),Inverse_Interactive,1
Complexity,FC_LocalSimple_mean3_stderr-ch3,Inverse,1,0.00101276,-0.138626218,-12.81686362,7.39E-98,0.6701,3.430918151,0.002889925,Increasing (Rise) (Divergent),Inverse_Interactive,1
Complexity,FC_LocalSimple_mean3_stderr-ch2,Inverse,1,0.000107241,-0.167422964,-11.58827788,1.19E-78,0.6009,3.880284703,0.000999474,Increasing (Rise) (Divergent),Inverse_Interactive,1
Complexity,FC_LocalSimple_mean3_stderr-ch19,Inverse,1,0.017157752,-0.097953081,-13.94600775,4.33E-118,0.7338,2.947978221,0.008686419,Increasing (Rise) (Divergent),Inverse_Interactive,1
Complexity,FC_LocalSimple_mean3_stderr-ch18,Inverse,1,0.008202555,-0.108458195,-14.00601526,2.38E-119,0.7371,3.122238622,0.005351255,Increasing (Rise) (Divergent),Inverse_Interactive,1
Complexity,FC_LocalSimple_mean3_stderr-ch17,Inverse,1,0.028701046,-0.094978133,-11.44383268,4.11E-76,0.5928,3.951954458,0.000863371,Increasing (Rise) (Divergent),Inverse_Interactive,1
Complexity,FC_LocalSimple_mean3_stderr-ch16,Inverse,1,0.003398995,-0.122575708,-13.17941159,4.99E-104,0.6906,2.321612433,0.042384657,Increasing (Rise) (Divergent),Inverse_Interactive,1
Complexity,FC_LocalSimple_mean3_stderr-ch15,Inverse,1,0.003019545,-0.120004474,-14.51671082,8.25E-130,0.7659,2.209443915,0.045746659,Increasing (Rise) (Divergent),Inverse_Interactive,1
Complexity,FC_LocalSimple_mean3_stderr-ch14,Inverse,1,0.003044308,-0.131061972,-10.33986171,1.70E-61,0.5306,2.229601015,0.065162192,Increasing (Rise) (Divergent),Inverse_Interactive,1
Complexity,FC_LocalSimple_mean3_stderr-ch13,Inverse,1,0.074013506,-0.075077252,-13.04038177,2.88E-101,0.6827,1.382312174,0.229345305,Increasing (Rise) (Parallel),Inverse_Additive,1
Complexity,FC_LocalSimple_mean3_stderr-ch12,Inverse,1,0.001656568,-0.130563217,-13.51741861,3.13E-110,0.7096,3.061577895,0.006924323,Increasing (Rise) (Divergent),Inverse_Interactive,1
Complexity,FC_LocalSimple_mean3_stderr-ch11,Inverse,1,0.008867975,-0.108879661,-13.44194596,1.18E-108,0.7054,2.991239096,0.008516218,Increasing (Rise) (Divergent),Inverse_Interactive,1
Complexity,FC_LocalSimple_mean3_stderr-ch10,Inverse,1,0.007209989,-0.115278233,-12.03628197,4.96E-85,0.6262,2.741815779,0.019381032,Increasing (Rise) (Divergent),Inverse_Interactive,1
Complexity,FC_LocalSimple_mean3_stderr-ch1,Inverse,1,0.004932885,-0.125411576,-9.805892018,5.00E-55,0.5005,4.032477423,0.000932507,Increasing (Rise) (Divergent),Inverse_Interactive,1
Complexity,FC_LocalSimple_mean3_stderr-avgch,Inverse,1,0.002666231,-0.123158214,-14.015608,1.13E-119,0.7377,2.934283245,0.008805837,Increasing (Rise) (Divergent),Inverse_Interactive,1
Complexity,FC_LocalSimple_mean1_tauresrat-ch9,Invariant,0.4786,0.90114626,0.005943807,,,,,,Invariant,Null,0.4786
Complexity,FC_LocalSimple_mean1_tauresrat-ch8,Linear,0.5404,0.896004447,0.006244967,-0.003127612,0.006706908,0.1467,0.003729738,0.105801459,Decreasing (Divergent),Linear_Interactive,0.5404
Complexity,FC_LocalSimple_mean1_tauresrat-ch7,Linear,0.3894,0.536485729,-0.029569879,-0.001936298,0.093450268,0.0288,0.002219432,0.336531639,Decreasing (Parallel),Linear_Additive,0.3894
Complexity,FC_LocalSimple_mean1_tauresrat-ch6,Linear,0.3572,0.432753304,0.037527568,-0.001864414,0.106244788,0.0217,0.000826664,0.720396883,Decreasing (Parallel),Linear_Additive,0.3572
Complexity,FC_LocalSimple_mean1_tauresrat-ch5,Invariant,0.5057,0.668867365,0.020465765,,,,,,Invariant,Null,0.5057
Complexity,FC_LocalSimple_mean1_tauresrat-ch4,Quadratic,0.7251,0.260076919,0.053772388,-0.000121776,0.046741054,0.0565,1.25E-05,0.656246806,Accelerating Down (n) (Parallel),Quadratic_Additive,0.7251
Complexity,FC_LocalSimple_mean1_tauresrat-ch3,Linear,0.3849,0.950086394,0.002994775,-0.001881979,0.103053664,0.0235,-0.000863419,0.708569494,Decreasing (Parallel),Linear_Additive,0.3849
Complexity,FC_LocalSimple_mean1_tauresrat-ch2,Linear,0.5605,0.671869851,0.020224562,-0.003553103,0.002063095,0.1888,0.000989479,0.66776783,Decreasing (Parallel),Linear_Additive,0.5605
Complexity,FC_LocalSimple_mean1_tauresrat-ch19,Linear,0.4083,0.64298299,-0.022170904,-0.002125562,0.065547601,0.0476,0.005935275,0.010098673,Decreasing (Divergent),Linear_Interactive,0.4083
Complexity,FC_LocalSimple_mean1_tauresrat-ch18,Linear,0.5639,0.741248998,0.015775738,-0.003125294,0.006745926,0.1464,0.002570871,0.265003469,Decreasing (Parallel),Linear_Additive,0.5639
Complexity,FC_LocalSimple_mean1_tauresrat-ch17,Linear,0.6893,0.576774663,0.026610851,-0.00434471,0.000163165,0.267,0.004443434,0.053468889,Decreasing (Divergent),Linear_Interactive,0.6893
Complexity,FC_LocalSimple_mean1_tauresrat-ch16,Invariant,0.4662,0.806286881,0.011734034,,,,,,Invariant,Null,0.4662
Complexity,FC_LocalSimple_mean1_tauresrat-ch15,Invariant,0.4953,0.934512117,-0.003931931,,,,,,Invariant,Null,0.4953
Complexity,FC_LocalSimple_mean1_tauresrat-ch14,Invariant,0.5246,0.275034907,0.052223206,,,,,,Invariant,Null,0.5246
Complexity,FC_LocalSimple_mean1_tauresrat-ch13,Invariant,0.4402,0.222493819,0.05836303,,,,,,Invariant,Null,0.4402
Complexity,FC_LocalSimple_mean1_tauresrat-ch12,Linear,0.56,0.482676029,0.033550554,-0.002808208,0.014930075,0.1151,-0.000824726,0.720780886,Decreasing (Parallel),Linear_Additive,0.56
Complexity,FC_LocalSimple_mean1_tauresrat-ch11,Linear,0.3885,0.5055862,0.03184798,-0.001832659,0.112356408,0.0186,-0.000646624,0.779514654,Decreasing (Parallel),Linear_Additive,0.3885
Complexity,FC_LocalSimple_mean1_tauresrat-ch10,Linear,0.4073,0.690095055,0.019073037,-0.002003316,0.082650728,0.0355,0.00398195,0.084570493,Decreasing (Divergent),Linear_Interactive,0.4073
Complexity,FC_LocalSimple_mean1_tauresrat-ch1,Linear,0.3222,0.825509399,0.010548823,-0.001677514,0.146217686,0.0032,0.001514759,0.51202938,Decreasing (Parallel),Linear_Additive,0.3222
Complexity,FC_LocalSimple_mean1_tauresrat-avgch,Invariant,0.3342,0.698005753,0.01856671,,,,,,Invariant,Null,0.3342
Morphological,DN_Spread_Std-ch9,Inverse,0.7313,0.521347883,0.030633315,1.762167637,0.006732762,0.0473,-1.671826244,0.201083325,Decreasing (Drop) (Parallel),Inverse_Additive,0.7313
Morphological,DN_Spread_Std-ch8,Invariant,0.5217,0.156637063,-0.067761269,,,,,,Invariant,Null,0.5217
Morphological,DN_Spread_Std-ch7,Invariant,0.4891,0.569861995,-0.027190684,,,,,,Invariant,Null,0.4891
Morphological,DN_Spread_Std-ch6,Inverse,0.412,0.724961324,0.01678116,2.338120443,0.000320665,0.0798,1.975425495,0.130265383,Decreasing (Drop) (Divergent),Inverse_Interactive,0.412
Morphological,DN_Spread_Std-ch5,Quadratic,0.6725,0.895167138,-0.006307189,-0.000159909,0.009231753,0.1218,-2.25E-05,0.423044724,Accelerating Down (n) (Parallel),Quadratic_Additive,0.6725
Morphological,DN_Spread_Std-ch4,Linear,0.3548,0.848596659,0.009130976,0.002179887,0.058954366,0.0529,-0.0018009,0.435465237,Increasing (Parallel),Linear_Additive,0.3548
Morphological,DN_Spread_Std-ch3,Inverse,0.299,0.531011379,-0.029966104,-1.063141238,0.102312549,0.008,-1.046584969,0.424201167,Increasing (Rise) (Parallel),Inverse_Additive,0.299
Morphological,DN_Spread_Std-ch2,Inverse,0.6299,0.444775674,0.036516093,1.598077153,0.01400565,0.0381,-0.761565445,0.560508165,Decreasing (Drop) (Parallel),Inverse_Additive,0.6299
Morphological,DN_Spread_Std-ch19,Invariant,0.5152,0.436568781,-0.037225406,,,,,,Invariant,Null,0.5152
Morphological,DN_Spread_Std-ch18,Invariant,0.3727,0.914657143,-0.005128071,,,,,,Invariant,Null,0.3727
Morphological,DN_Spread_Std-ch17,Quadratic,0.5698,0.925676804,0.004467759,-0.000136202,0.026643933,0.0812,1.25E-05,0.65521704,Accelerating Down (n) (Parallel),Quadratic_Additive,0.5698
Morphological,DN_Spread_Std-ch16,Linear,0.3816,0.965655714,-0.002059493,-0.002127384,0.065330247,0.0477,-0.002222383,0.335855672,Decreasing (Parallel),Linear_Additive,0.3816
Morphological,DN_Spread_Std-ch15,Invariant,0.5112,0.717104903,0.017337801,,,,,,Invariant,Null,0.5112
Morphological,DN_Spread_Std-ch14,Inverse,0.8752,0.432747054,0.037354286,2.797995502,1.63E-05,0.1057,1.965350824,0.131557546,Decreasing (Drop) (Divergent),Inverse_Interactive,0.8752
Morphological,DN_Spread_Std-ch13,Invariant,0.4127,0.597481586,-0.025265897,,,,,,Invariant,Null,0.4127
Morphological,DN_Spread_Std-ch12,Linear,0.5524,0.966456468,-0.002010636,0.002530058,0.028359314,0.0876,-0.000616167,0.789544882,Increasing (Parallel),Linear_Additive,0.5524
Morphological,DN_Spread_Std-ch11,Inverse,0.9969,0.506076305,0.031091031,5.848668636,9.85E-20,0.2776,0.516513271,0.686605933,Decreasing (Drop) (Parallel),Inverse_Additive,0.9969
Morphological,DN_Spread_Std-ch10,Invariant,0.3363,0.225160909,-0.058028043,,,,,,Invariant,Null,0.3363
Morphological,DN_Spread_Std-ch1,Inverse,0.4823,0.624831464,0.023384658,1.26269543,0.052304556,0.0192,-3.051195963,0.019697884,Decreasing (Drop) (Divergent),Inverse_Interactive,0.4823
Morphological,DN_Spread_Std-avgch,Invariant,0.5141,0.774948771,-0.013681001,,,,,,Invariant,Null,0.5141
Morphological,DN_OutlierInclude_p_001_mdrmd-ch9,Inverse,0.355,0.043545748,-0.096498481,-1.05065808,0.106035105,0.0073,1.513388196,0.247301683,Increasing (Rise) (Parallel),Inverse_Additive,0.355
Morphological,DN_OutlierInclude_p_001_mdrmd-ch8,Invariant,0.5137,0.0576915,-0.090777659,,,,,,Invariant,Null,0.5137
Morphological,DN_OutlierInclude_p_001_mdrmd-ch7,Linear,0.3481,0.062116018,-0.089201519,0.001842434,0.110136096,0.0196,0.003554319,0.123389981,Increasing (Divergent),Linear_Interactive,0.3481
Morphological,DN_OutlierInclude_p_001_mdrmd-ch6,Invariant,0.3549,0.273556745,-0.052384263,,,,,,Invariant,Null,0.3549
Morphological,DN_OutlierInclude_p_001_mdrmd-ch5,Invariant,0.5032,0.017381901,-0.113725136,,,,,,Invariant,Null,0.5032
Morphological,DN_OutlierInclude_p_001_mdrmd-ch4,Inverse,0.9698,0.541266509,-0.029092023,-2.774596802,1.93E-05,0.1044,0.066237903,0.959485943,Increasing (Rise) (Parallel),Inverse_Additive,0.9698
Morphological,DN_OutlierInclude_p_001_mdrmd-ch3,Inverse,0.4244,0.559538426,-0.027896779,-1.402447313,0.031103969,0.0271,1.487852898,0.255609817,Increasing (Rise) (Parallel),Inverse_Additive,0.4244
Morphological,DN_OutlierInclude_p_001_mdrmd-ch2,Inverse,0.4887,0.811708784,-0.011392532,-1.241813361,0.056341726,0.018,1.728813001,0.186658065,Increasing (Rise) (Parallel),Inverse_Additive,0.4887
Morphological,DN_OutlierInclude_p_001_mdrmd-ch19,Inverse,0.8943,0.573382938,-0.026813907,-2.7844153,1.80E-05,0.1049,0.331766282,0.799153484,Increasing (Rise) (Parallel),Inverse_Additive,0.8943
Morphological,DN_OutlierInclude_p_001_mdrmd-ch18,Invariant,0.4487,0.284629368,-0.051191878,,,,,,Invariant,Null,0.4487
Morphological,DN_OutlierInclude_p_001_mdrmd-ch17,Inverse,0.3263,0.343173418,-0.045339152,-1.057861148,0.10397802,0.0077,2.657933246,0.042270739,Increasing (Rise) (Divergent),Inverse_Interactive,0.3263
Morphological,DN_OutlierInclude_p_001_mdrmd-ch16,Inverse,0.7297,0.184282074,-0.063428964,-1.631753279,0.012077692,0.04,-1.276554272,0.328962162,Increasing (Rise) (Parallel),Inverse_Additive,0.7297
Morphological,DN_OutlierInclude_p_001_mdrmd-ch15,Inverse,0.6798,0.028673309,-0.104300759,-2.275091403,0.000455696,0.0762,-1.985738249,0.127813374,Increasing (Rise) (Divergent),Inverse_Interactive,0.6798
Morphological,DN_OutlierInclude_p_001_mdrmd-ch14,Inverse,0.5201,0.613982298,-0.024103626,1.62823246,0.01230587,0.0398,0.682645518,0.601858806,Decreasing (Drop) (Parallel),Inverse_Additive,0.5201
Morphological,DN_OutlierInclude_p_001_mdrmd-ch13,Linear,0.4704,0.039807849,-0.098195282,0.002784691,0.015678594,0.1128,0.001984134,0.389307584,Increasing (Parallel),Linear_Additive,0.4704
Morphological,DN_OutlierInclude_p_001_mdrmd-ch12,Inverse,0.4228,0.745489735,0.015518003,-1.424969262,0.028508652,0.0283,0.200936824,0.878007172,Increasing (Rise) (Parallel),Inverse_Additive,0.4228
Morphological,DN_OutlierInclude_p_001_mdrmd-ch11,Invariant,0.5182,0.599755748,-0.02510926,,,,,,Invariant,Null,0.5182
Morphological,DN_OutlierInclude_p_001_mdrmd-ch10,Inverse,0.5506,0.044265866,-0.096094138,-1.503596229,0.020669838,0.0328,-0.735729623,0.573573077,Increasing (Rise) (Parallel),Inverse_Additive,0.5506
Morphological,DN_OutlierInclude_p_001_mdrmd-ch1,Linear,0.3241,0.538728969,-0.029407801,0.001881659,0.103071814,0.0234,-0.002329504,0.313120006,Increasing (Parallel),Linear_Additive,0.3241
Morphological,DN_OutlierInclude_p_001_mdrmd-avgch,Inverse,0.3522,0.150292767,-0.068797802,-0.997928387,0.124977727,0.0043,0.272950402,0.834849815,Increasing (Rise) (Parallel),Inverse_Additive,0.3522
Morphological,DN_OutlierInclude_n_001_mdrmd-ch9,Inverse,0.4865,0.211000594,-0.059671712,-2.191614051,0.00074278,0.0715,0.409200079,0.754035729,Increasing (Rise) (Parallel),Inverse_Additive,0.4865
Morphological,DN_OutlierInclude_n_001_mdrmd-ch8,Invariant,0.3632,0.250394362,-0.054989994,,,,,,Invariant,Null,0.3632
Morphological,DN_OutlierInclude_n_001_mdrmd-ch7,Inverse,0.9814,0.14638854,-0.069099069,-2.949788912,5.44E-06,0.1142,-1.580317964,0.224864928,Increasing (Rise) (Parallel),Inverse_Additive,0.9814
Morphological,DN_OutlierInclude_n_001_mdrmd-ch6,Inverse,0.6439,0.824358659,-0.010603229,1.751406685,0.007084261,0.0467,-0.358260496,0.78418856,Decreasing (Drop) (Parallel),Inverse_Additive,0.6439
Morphological,DN_OutlierInclude_n_001_mdrmd-ch5,Inverse,0.5688,0.239825832,-0.056166189,-1.56453691,0.016126882,0.0362,0.467497659,0.72081442,Increasing (Rise) (Parallel),Inverse_Additive,0.5688
Morphological,DN_OutlierInclude_n_001_mdrmd-ch4,Inverse,0.6745,0.059972134,-0.089843033,-1.611565073,0.013136664,0.0389,-1.039836916,0.42630808,Increasing (Rise) (Parallel),Inverse_Additive,0.6745
Morphological,DN_OutlierInclude_n_001_mdrmd-ch3,Inverse,0.7855,0.476177124,-0.033934371,-2.723942341,2.73E-05,0.1015,0.681447844,0.601284365,Increasing (Rise) (Parallel),Inverse_Additive,0.7855
Morphological,DN_OutlierInclude_n_001_mdrmd-ch2,Inverse,0.978,0.686623177,-0.019065883,-4.354858254,1.67E-11,0.1934,0.925709612,0.47434279,Increasing (Rise) (Parallel),Inverse_Additive,0.978
Morphological,DN_OutlierInclude_n_001_mdrmd-ch19,Invariant,0.489,0.499960832,-0.032276314,,,,,,Invariant,Null,0.489
Morphological,DN_OutlierInclude_n_001_mdrmd-ch18,Inverse,0.9543,0.840231242,0.009611934,-2.459522113,0.000153461,0.0866,0.413455769,0.751475816,Increasing (Rise) (Parallel),Inverse_Additive,0.9543
Morphological,DN_OutlierInclude_n_001_mdrmd-ch17,Inverse,0.9209,0.380992188,-0.041746552,-2.580474701,7.09E-05,0.0934,3.013643778,0.020799242,Increasing (Rise) (Divergent),Inverse_Interactive,0.9209
Morphological,DN_OutlierInclude_n_001_mdrmd-ch16,Invariant,0.4245,0.595440156,-0.025406735,,,,,,Invariant,Null,0.4245
Morphological,DN_OutlierInclude_n_001_mdrmd-ch15,Invariant,0.381,0.216717983,-0.059098456,,,,,,Invariant,Null,0.381
Morphological,DN_OutlierInclude_n_001_mdrmd-ch14,Invariant,0.4169,0.614685661,-0.02408748,,,,,,Invariant,Null,0.4169
Morphological,DN_OutlierInclude_n_001_mdrmd-ch13,Inverse,0.6553,0.409271049,-0.039393017,-1.999573647,0.002097706,0.0607,-0.696779454,0.593963192,Increasing (Rise) (Parallel),Inverse_Additive,0.6553
Morphological,DN_OutlierInclude_n_001_mdrmd-ch12,Linear,0.4427,0.40870687,-0.039421773,0.003892158,0.000734254,0.2223,0.003475713,0.131248781,Increasing (Divergent),Linear_Interactive,0.4427
Morphological,DN_OutlierInclude_n_001_mdrmd-ch11,Inverse,0.6986,0.840363892,-0.009610293,-2.243488825,0.000556909,0.0745,0.286057782,0.826679251,Increasing (Rise) (Parallel),Inverse_Additive,0.6986
Morphological,DN_OutlierInclude_n_001_mdrmd-ch10,Inverse,0.3581,0.049716914,-0.093837234,-0.932201497,0.151618931,0.0006,-1.402302877,0.283838304,Increasing (Rise) (Parallel),Inverse_Additive,0.3581
Morphological,DN_OutlierInclude_n_001_mdrmd-ch1,Inverse,0.6002,0.718095519,-0.017247279,-1.7303605,0.007801626,0.0455,2.337542692,0.073830786,Increasing (Rise) (Divergent),Inverse_Interactive,0.6002
Morphological,DN_OutlierInclude_n_001_mdrmd-avgch,Inverse,0.5537,0.240872484,-0.056047008,-1.516376191,0.019708872,0.0335,0.030152638,0.981612873,Increasing (Rise) (Parallel),Inverse_Additive,0.5537
Morphological,DN_Mean-ch9,Inverse,0.5281,0.952520015,0.002841997,-2.107441932,0.001187994,0.0668,-1.44093131,0.270166384,Increasing (Rise) (Parallel),Inverse_Additive,0.5281
Morphological,DN_Mean-ch8,Inverse,0.8408,0.862577608,-0.008257777,-2.271001635,0.000475414,0.076,0.35435561,0.786188264,Increasing (Rise) (Parallel),Inverse_Additive,0.8408
Morphological,DN_Mean-ch7,Invariant,0.4894,0.80872578,0.011583363,,,,,,Invariant,Null,0.4894
Morphological,DN_Mean-ch6,Invariant,0.5182,0.956524293,-0.002608666,,,,,,Invariant,Null,0.5182
Morphological,DN_Mean-ch5,Inverse,0.4007,0.32295802,0.047270005,-1.15194235,0.076632905,0.013,2.057998821,0.115884493,Increasing (Rise) (Divergent),Inverse_Interactive,0.4007
Morphological,DN_Mean-ch4,Quadratic,0.9859,0.423479841,-0.037907011,0.000368985,1.48E-09,0.4804,5.14E-06,0.853214667,Accelerating Up (U) (Parallel),Quadratic_Additive,0.9859
Morphological,DN_Mean-ch3,Inverse,0.4119,0.872913411,0.007640448,-1.835470056,0.004766869,0.0515,1.536071319,0.24012761,Increasing (Rise) (Parallel),Inverse_Additive,0.4119
Morphological,DN_Mean-ch2,Linear,0.376,0.262212938,-0.053628157,0.001869836,0.105165202,0.0223,0.000973843,0.673215934,Increasing (Parallel),Linear_Additive,0.376
Morphological,DN_Mean-ch19,Invariant,0.4796,0.867529514,0.007981497,,,,,,Invariant,Null,0.4796
Morphological,DN_Mean-ch18,Quadratic,0.5171,0.149233133,-0.06904428,-0.000147622,0.016216632,0.1008,-2.38E-05,0.396858833,Accelerating Down (n) (Parallel),Quadratic_Additive,0.5171
Morphological,DN_Mean-ch17,Inverse,0.3988,0.865407807,0.008105136,1.28957009,0.047497542,0.0207,0.062716843,0.961798334,Decreasing (Drop) (Parallel),Inverse_Additive,0.3988
Morphological,DN_Mean-ch16,Invariant,0.4833,0.143439815,0.069990513,,,,,,Invariant,Null,0.4833
Morphological,DN_Mean-ch15,Invariant,0.4714,0.388865997,0.041228261,,,,,,Invariant,Null,0.4714
Morphological,DN_Mean-ch14,Inverse,0.4105,0.847851822,-0.009172463,1.424123298,0.028605786,0.0283,-0.001896624,0.998844023,Decreasing (Drop) (Parallel),Inverse_Additive,0.4105
Morphological,DN_Mean-ch13,Invariant,0.3552,0.455123948,0.035737568,,,,,,Invariant,Null,0.3552
Morphological,DN_Mean-ch12,Quadratic,0.8769,0.098783931,-0.078900035,0.000153735,0.012154323,0.1113,2.91E-05,0.298492056,Accelerating Up (U) (Parallel),Quadratic_Additive,0.8769
Morphological,DN_Mean-ch11,Invariant,0.3895,0.507517441,-0.031709707,,,,,,Invariant,Null,0.3895
Morphological,DN_Mean-ch10,Invariant,0.3892,0.703096631,0.01823798,,,,,,Invariant,Null,0.3892
Morphological,DN_Mean-ch1,Inverse,0.4911,0.581548757,0.026351158,1.333978973,0.040331044,0.0232,1.503888584,0.250585839,Decreasing (Drop) (Parallel),Inverse_Additive,0.4911
Morphological,DN_Mean-avgch,Linear,0.6067,0.75298025,-0.015021544,0.003767051,0.001087021,0.2099,0.001359613,0.555213773,Increasing (Parallel),Linear_Additive,0.6067
Morphological,DN_HistogramMode_5-ch9,Quadratic,0.5906,0.19023193,-0.062693559,0.000153659,0.012328957,0.1111,1.08E-05,0.701270608,Accelerating Up (U) (Parallel),Quadratic_Additive,0.5906
Morphological,DN_HistogramMode_5-ch8,Inverse,0.9634,0.39568426,-0.040176657,4.195775558,8.93E-11,0.1844,0.861013165,0.506146267,Decreasing (Drop) (Parallel),Inverse_Additive,0.9634
Morphological,DN_HistogramMode_5-ch7,Linear,0.6667,0.686558639,0.019253696,-0.003983705,0.000549125,0.2313,-0.002234747,0.33196751,Decreasing (Parallel),Linear_Additive,0.6667
Morphological,DN_HistogramMode_5-ch6,Linear,0.6034,0.418219364,-0.038685132,-0.002903859,0.01183183,0.1245,-0.000646627,0.779276352,Decreasing (Parallel),Linear_Additive,0.6034
Morphological,DN_HistogramMode_5-ch5,Linear,0.5079,0.466772487,0.034791801,-0.002520152,0.028958288,0.0866,0.000172403,0.940461252,Decreasing (Parallel),Linear_Additive,0.5079
Morphological,DN_HistogramMode_5-ch4,Quadratic,0.7549,0.568829094,0.026869335,-0.000387019,1.95E-10,0.5113,2.06E-05,0.455241588,Accelerating Down (n) (Parallel),Quadratic_Additive,0.7549
Morphological,DN_HistogramMode_5-ch3,Inverse,0.5096,0.471179379,0.03441576,-1.836054317,0.004748331,0.0515,0.780734898,0.550485175,Increasing (Rise) (Parallel),Inverse_Additive,0.5096
Morphological,DN_HistogramMode_5-ch2,Invariant,0.5091,0.169918931,0.065657126,,,,,,Invariant,Null,0.5091
Morphological,DN_HistogramMode_5-ch19,Invariant,0.5151,0.512714105,0.031322621,,,,,,Invariant,Null,0.5151
Morphological,DN_HistogramMode_5-ch18,Linear,0.6071,0.273019428,-0.052363159,-0.00313461,0.006569103,0.1474,-0.004001875,0.082565664,Decreasing (Divergent),Linear_Interactive,0.6071
Morphological,DN_HistogramMode_5-ch17,Invariant,0.4605,0.746663292,0.015457874,,,,,,Invariant,Null,0.4605
Morphological,DN_HistogramMode_5-ch16,Invariant,0.4599,0.111546621,-0.076117998,,,,,,Invariant,Null,0.4599
Morphological,DN_HistogramMode_5-ch15,Quadratic,0.3886,0.188663398,0.062881111,9.66E-05,0.115240323,0.0133,-4.48E-05,0.10970106,Accelerating Up (U) (Divergent),Quadratic_Interactive,0.3886
Morphological,DN_HistogramMode_5-ch14,Linear,0.6652,0.891726653,-0.006491525,-0.004285089,0.000201003,0.2612,-0.001846887,0.422482569,Decreasing (Parallel),Linear_Additive,0.6652
Morphological,DN_HistogramMode_5-ch13,Inverse,0.3996,0.199994225,0.061272015,1.256259218,0.053419206,0.0188,-0.082212132,0.949916024,Decreasing (Drop) (Parallel),Inverse_Additive,0.3996
Morphological,DN_HistogramMode_5-ch12,Invariant,0.4217,0.783987724,-0.013117247,,,,,,Invariant,Null,0.4217
Morphological,DN_HistogramMode_5-ch11,Invariant,0.3485,0.201196885,0.061147359,,,,,,Invariant,Null,0.3485
Morphological,DN_HistogramMode_5-ch10,Invariant,0.4797,0.454379838,-0.035796565,,,,,,Invariant,Null,0.4797
Morphological,DN_HistogramMode_5-ch1,Invariant,0.5239,0.80120302,-0.012048482,,,,,,Invariant,Null,0.5239
Morphological,DN_HistogramMode_5-avgch,Linear,0.7168,0.796344474,0.01226972,-0.005710945,6.96E-07,0.4022,-0.004390914,0.055648694,Decreasing (Divergent),Linear_Interactive,0.7168
Morphological,DN_HistogramMode_10-ch9,Linear,0.6747,0.792698381,0.012538352,-0.004044684,0.000450579,0.2374,-0.000834673,0.71710047,Decreasing (Parallel),Linear_Additive,0.6747
Morphological,DN_HistogramMode_10-ch8,Invariant,0.3327,0.290569502,0.050565106,,,,,,Invariant,Null,0.3327
Morphological,DN_HistogramMode_10-ch7,Invariant,0.5286,0.958430711,-0.002494169,,,,,,Invariant,Null,0.5286
Morphological,DN_HistogramMode_10-ch6,Invariant,0.4904,0.637432924,0.022551344,,,,,,Invariant,Null,0.4904
Morphological,DN_HistogramMode_10-ch5,Quadratic,0.9838,0.794016844,-0.012386885,0.000274902,6.58E-06,0.319,-1.16E-05,0.677733442,Accelerating Up (U) (Parallel),Quadratic_Additive,0.9838
Morphological,DN_HistogramMode_10-ch4,Linear,0.6085,0.171582178,-0.065159814,-0.004493499,9.57E-05,0.2818,0.000513539,0.82337387,Decreasing (Parallel),Linear_Additive,0.6085
Morphological,DN_HistogramMode_10-ch3,Invariant,0.5275,0.78610792,-0.012985278,,,,,,Invariant,Null,0.5275
Morphological,DN_HistogramMode_10-ch2,Invariant,0.4985,0.98891337,-0.000664922,,,,,,Invariant,Null,0.4985
Morphological,DN_HistogramMode_10-ch19,Invariant,0.4525,0.222742595,-0.058331663,,,,,,Invariant,Null,0.4525
Morphological,DN_HistogramMode_10-ch18,Linear,0.4252,0.037153336,-0.099622551,-0.002179246,0.058730993,0.0529,-0.003844442,0.095454853,Decreasing (Divergent),Linear_Interactive,0.4252
Morphological,DN_HistogramMode_10-ch17,Invariant,0.4964,0.433267719,0.037493869,,,,,,Invariant,Null,0.4964
Morphological,DN_HistogramMode_10-ch16,Quadratic,0.5653,0.283778606,-0.051210365,-0.000186033,0.002415473,0.1666,1.20E-05,0.66887091,Accelerating Down (n) (Parallel),Quadratic_Additive,0.5653
Morphological,DN_HistogramMode_10-ch15,Invariant,0.5128,0.290637873,-0.050557942,,,,,,Invariant,Null,0.5128
Morphological,DN_HistogramMode_10-ch14,Invariant,0.5082,0.977185915,0.001368419,,,,,,Invariant,Null,0.5082
Morphological,DN_HistogramMode_10-ch13,Invariant,0.3454,0.950215776,0.002987655,,,,,,Invariant,Null,0.3454
Morphological,DN_HistogramMode_10-ch12,Inverse,0.2839,0.902635348,-0.005851935,-1.072520667,0.099357168,0.0085,-0.495625303,0.705144332,Increasing (Rise) (Parallel),Inverse_Additive,0.2839
Morphological,DN_HistogramMode_10-ch11,Inverse,0.4924,0.28751494,0.050719439,2.343465763,0.000309295,0.0801,1.829833498,0.160933245,Decreasing (Drop) (Parallel),Inverse_Additive,0.4924
Morphological,DN_HistogramMode_10-ch10,Linear,0.5064,0.071049938,-0.086256304,-0.002702965,0.019059492,0.1047,0.00415915,0.071179541,Decreasing (Divergent),Linear_Interactive,0.5064
Morphological,DN_HistogramMode_10-ch1,Invariant,0.4857,0.781900106,0.013247286,,,,,,Invariant,Null,0.4857
Morphological,DN_HistogramMode_10-avgch,Inverse,0.4508,0.208214219,-0.060003579,2.403849679,0.000214883,0.0835,-0.191374428,0.883434641,Decreasing (Drop) (Parallel),Inverse_Additive,0.4508
Complexity,CO_trev_1_num-ch9,Quadratic,0.9957,0.942533439,-0.003392405,-0.000382082,3.03E-10,0.5028,1.48E-05,0.591847624,Accelerating Down (n) (Parallel),Quadratic_Additive,0.9957
Complexity,CO_trev_1_num-ch8,Invariant,0.3168,0.263072584,-0.053544055,,,,,,Invariant,Null,0.3168
Complexity,CO_trev_1_num-ch7,Inverse,0.3844,0.620006274,0.023721076,-0.997426611,0.125374999,0.0043,-0.214489276,0.869934847,Increasing (Rise) (Parallel),Inverse_Additive,0.3844
Complexity,CO_trev_1_num-ch6,Linear,0.5372,0.600945843,0.024924398,-0.00465215,5.39E-05,0.2975,-0.002642244,0.250722878,Decreasing (Parallel),Linear_Additive,0.5372
Complexity,CO_trev_1_num-ch5,Linear,0.6691,0.710131271,0.017747541,-0.00351467,0.002307242,0.185,-0.004781834,0.037957091,Decreasing (Divergent),Linear_Interactive,0.6691
Complexity,CO_trev_1_num-ch4,Quadratic,0.4852,0.69818618,0.018533126,0.000102495,0.094501013,0.0234,-2.22E-05,0.427613188,Accelerating Up (U) (Parallel),Quadratic_Additive,0.4852
Complexity,CO_trev_1_num-ch3,Invariant,0.4119,0.995111821,0.000293161,,,,,,Invariant,Null,0.4119
Complexity,CO_trev_1_num-ch2,Invariant,0.4374,0.683880205,-0.01948349,,,,,,Invariant,Null,0.4374
Complexity,CO_trev_1_num-ch19,Linear,0.6289,0.0607005,-0.089578268,-0.003106985,0.007025548,0.1446,0.000824177,0.720650609,Decreasing (Parallel),Linear_Additive,0.6289
Complexity,CO_trev_1_num-ch18,Quadratic,0.5982,0.362110616,0.043641017,-0.000140714,0.021984591,0.0889,3.99E-05,0.155127395,Accelerating Down (n) (Divergent),Quadratic_Interactive,0.5982
Complexity,CO_trev_1_num-ch17,Linear,0.3282,0.389278664,0.041189585,0.001709111,0.138694977,0.0064,0.004981149,0.030937605,Increasing (Divergent),Linear_Interactive,0.3282
Complexity,CO_trev_1_num-ch16,Invariant,0.3598,0.244049131,-0.055732874,,,,,,Invariant,Null,0.3598
Complexity,CO_trev_1_num-ch15,Linear,0.6779,0.660743378,-0.020939947,-0.004024349,0.00048149,0.2354,-0.003987223,0.083357534,Decreasing (Divergent),Linear_Interactive,0.6779
Complexity,CO_trev_1_num-ch14,Invariant,0.3598,0.730642122,0.016473683,,,,,,Invariant,Null,0.3598
Complexity,CO_trev_1_num-ch13,Inverse,0.7258,0.344547453,0.04515259,-1.755152531,0.006950222,0.0469,0.182459291,0.889048766,Increasing (Rise) (Parallel),Inverse_Additive,0.7258
Complexity,CO_trev_1_num-ch12,Quadratic,0.4553,0.430956054,-0.037709643,-9.84E-05,0.108985016,0.0164,9.90E-07,0.971869912,Accelerating Down (n) (Parallel),Quadratic_Additive,0.4553
Complexity,CO_trev_1_num-ch11,Invariant,0.4613,0.530282304,0.030028829,,,,,,Invariant,Null,0.4613
Complexity,CO_trev_1_num-ch10,Quadratic,1,0.091665028,-0.080232812,-0.000291631,1.86E-06,0.3477,-2.99E-05,0.283505274,Accelerating Down (n) (Parallel),Quadratic_Additive,1
Complexity,CO_trev_1_num-ch1,Invariant,0.5232,0.568278865,-0.027302324,,,,,,Invariant,Null,0.5232
Complexity,CO_trev_1_num-avgch,Quadratic,1,0.986910115,0.000775353,-0.000431102,1.61E-12,0.5869,8.60E-06,0.756134356,Accelerating Down (n) (Parallel),Quadratic_Additive,1
Complexity,CO_f1ecac-ch9,Inverse,1,0.201913362,0.058517648,7.808185347,1.54E-34,0.388,1.882928796,0.133512651,Decreasing (Drop) (Divergent),Inverse_Interactive,1
Complexity,CO_f1ecac-ch8,Inverse,1,0.008430692,0.116574635,10.32773103,2.80E-61,0.5299,0.532116791,0.660241041,Decreasing (Drop) (Parallel),Inverse_Additive,1
Complexity,CO_f1ecac-ch7,Inverse,1,0.003747094,0.124746279,11.87025836,1.49E-82,0.6168,0.962790099,0.413312347,Decreasing (Drop) (Parallel),Inverse_Additive,1
Complexity,CO_f1ecac-ch6,Inverse,1,0.044241225,0.089481692,10.04010933,1.14E-57,0.5137,0.251533539,0.836286795,Decreasing (Drop) (Parallel),Inverse_Additive,1
Complexity,CO_f1ecac-ch5,Inverse,1,0.480736416,0.031282918,10.2473483,4.76E-60,0.5254,0.175024882,0.88543462,Decreasing (Drop) (Parallel),Inverse_Additive,1
Complexity,CO_f1ecac-ch4,Inverse,1,0.039054025,0.090991991,10.57547574,2.58E-64,0.5439,-1.396644786,0.246998777,Decreasing (Drop) (Parallel),Inverse_Additive,1
Complexity,CO_f1ecac-ch3,Inverse,1,0.058839173,0.084245352,9.885857818,8.01E-56,0.505,-1.859508868,0.12743802,Decreasing (Drop) (Divergent),Inverse_Interactive,1
Complexity,CO_f1ecac-ch2,Inverse,1,0.008449618,0.11545283,10.88578614,1.76E-68,0.5613,-1.584083194,0.186424225,Decreasing (Drop) (Parallel),Inverse_Additive,1
Complexity,CO_f1ecac-ch19,Inverse,1,0.054647868,0.084813089,10.52508772,1.20E-63,0.541,1.134209229,0.347672941,Decreasing (Drop) (Parallel),Inverse_Additive,1
Complexity,CO_f1ecac-ch18,Inverse,1,0.179350177,0.059104606,10.70656319,6.52E-66,0.5513,0.022636829,0.985011947,Decreasing (Drop) (Parallel),Inverse_Additive,1
Complexity,CO_f1ecac-ch17,Inverse,1,0.35799472,0.041537619,8.995183243,6.89E-46,0.4548,-2.451271817,0.047441038,Decreasing (Drop) (Divergent),Inverse_Interactive,1
Complexity,CO_f1ecac-ch16,Inverse,1,0.007269747,0.12036614,9.461533151,4.35E-51,0.4811,1.810811847,0.139753564,Decreasing (Drop) (Divergent),Inverse_Interactive,1
Complexity,CO_f1ecac-ch15,Inverse,1,0.010273992,0.113334314,10.45975231,6.33E-63,0.5373,1.831178102,0.129447284,Decreasing (Drop) (Divergent),Inverse_Interactive,1
Complexity,CO_f1ecac-ch14,Inverse,1,0.024182345,0.101745586,9.023255212,2.67E-46,0.4564,-0.362296053,0.769252389,Decreasing (Drop) (Parallel),Inverse_Additive,1
Complexity,CO_f1ecac-ch13,Inverse,1,0.077645609,0.077198199,11.04141325,2.00E-70,0.5701,-0.408356019,0.733086503,Decreasing (Drop) (Parallel),Inverse_Additive,1
Complexity,CO_f1ecac-ch12,Inverse,1,0.011742025,0.108749281,11.74359034,1.48E-80,0.6097,-1.737825596,0.14093697,Decreasing (Drop) (Divergent),Inverse_Interactive,1
Complexity,CO_f1ecac-ch11,Inverse,1,0.01945956,0.099136464,12.58751857,9.91E-94,0.6572,-1.897349678,0.102040077,Decreasing (Drop) (Divergent),Inverse_Interactive,1
Complexity,CO_f1ecac-ch10,Inverse,1,0.096014573,0.076414857,7.687585042,1.64E-33,0.3812,0.4148016,0.741322573,Decreasing (Drop) (Parallel),Inverse_Additive,1
Complexity,CO_f1ecac-ch1,Inverse,1,0.185087723,0.060450266,8.253453218,1.39E-38,0.413,-2.554085078,0.04069891,Decreasing (Drop) (Divergent),Inverse_Interactive,1
Complexity,CO_f1ecac-avgch,Inverse,1,0.013358819,0.10550599,12.3402141,9.47E-90,0.6433,-0.463526334,0.691144019,Decreasing (Drop) (Parallel),Inverse_Additive,1
Complexity,CO_HistogramAMI_even_2_5-ch9,Inverse,1,0.009833036,0.107310199,13.48016502,2.41E-109,0.7075,-2.513652663,0.026960846,Decreasing (Drop) (Divergent),Inverse_Interactive,1
Complexity,CO_HistogramAMI_even_2_5-ch8,Inverse,1,0.00330837,0.117342228,14.97758483,1.06E-139,0.7919,-3.18021635,0.00356221,Decreasing (Drop) (Divergent),Inverse_Interactive,1
Complexity,CO_HistogramAMI_even_2_5-ch7,Inverse,1,0.005849419,0.111106932,14.66075814,9.31E-133,0.774,-2.70897564,0.013938944,Decreasing (Drop) (Divergent),Inverse_Interactive,1
Complexity,CO_HistogramAMI_even_2_5-ch6,Inverse,1,0.020741727,0.094110602,14.33061154,1.01E-125,0.7554,-2.793701824,0.012028745,Decreasing (Drop) (Divergent),Inverse_Interactive,1
Complexity,CO_HistogramAMI_even_2_5-ch5,Inverse,1,0.251303799,0.044361312,16.08047352,3.85E-165,0.854,-1.417299037,0.180540161,Decreasing (Drop) (Parallel),Inverse_Additive,1
Complexity,CO_HistogramAMI_even_2_5-ch4,Inverse,1,0.007029743,0.110419614,14.0619584,1.81E-120,0.7403,-3.461599211,0.001979291,Decreasing (Drop) (Divergent),Inverse_Interactive,1
Complexity,CO_HistogramAMI_even_2_5-ch3,Inverse,1,0.002559707,0.121481504,14.68319298,2.40E-133,0.7753,-3.195204039,0.003679535,Decreasing (Drop) (Divergent),Inverse_Interactive,1
Complexity,CO_HistogramAMI_even_2_5-ch2,Inverse,1,0.00016036,0.158469421,12.99165483,4.74E-101,0.68,-3.341581566,0.003545152,Decreasing (Drop) (Divergent),Inverse_Interactive,1
Complexity,CO_HistogramAMI_even_2_5-ch19,Inverse,1,0.084368539,0.066854685,16.01520735,1.14E-163,0.8503,-3.454747249,0.001101026,Decreasing (Drop) (Divergent),Inverse_Interactive,1
Complexity,CO_HistogramAMI_even_2_5-ch18,Inverse,1,0.049592741,0.076926821,15.65455727,6.71E-155,0.83,-3.388921877,0.001550225,Decreasing (Drop) (Divergent),Inverse_Interactive,1
Complexity,CO_HistogramAMI_even_2_5-ch17,Inverse,1,0.014288638,0.101878305,13.46768865,4.49E-109,0.7068,-3.790033738,0.000848227,Decreasing (Drop) (Divergent),Inverse_Interactive,1
Complexity,CO_HistogramAMI_even_2_5-ch16,Inverse,1,0.00326575,0.119434943,14.39058818,3.47E-127,0.7588,-2.820223022,0.011019645,Decreasing (Drop) (Divergent),Inverse_Interactive,1
Complexity,CO_HistogramAMI_even_2_5-ch15,Inverse,1,0.003684189,0.11088367,16.40854483,2.45E-174,0.8725,-2.340382687,0.024914771,Decreasing (Drop) (Divergent),Inverse_Interactive,1
Complexity,CO_HistogramAMI_even_2_5-ch14,Inverse,1,0.009987654,0.108324081,12.98630784,1.56E-100,0.6797,-2.052596989,0.074219189,Decreasing (Drop) (Divergent),Inverse_Interactive,1
Complexity,CO_HistogramAMI_even_2_5-ch13,Inverse,1,0.126618686,0.060897397,15.09188709,9.88E-142,0.7983,-1.260946451,0.247794783,Decreasing (Drop) (Parallel),Inverse_Additive,1
Complexity,CO_HistogramAMI_even_2_5-ch12,Inverse,1,0.002616912,0.119717875,15.11776495,7.33E-143,0.7998,-3.122821189,0.004053971,Decreasing (Drop) (Divergent),Inverse_Interactive,1
Complexity,CO_HistogramAMI_even_2_5-ch11,Inverse,1,0.004757878,0.111960016,15.22720831,2.97E-145,0.8059,-3.078823004,0.004490167,Decreasing (Drop) (Divergent),Inverse_Interactive,1
Complexity,CO_HistogramAMI_even_2_5-ch10,Inverse,1,0.002298043,0.126051396,13.67977789,3.16E-113,0.7188,-3.078247367,0.006421716,Decreasing (Drop) (Divergent),Inverse_Interactive,1
Complexity,CO_HistogramAMI_even_2_5-ch1,Inverse,1,0.002672766,0.130069527,11.53189749,1.44E-77,0.5977,-3.9327656,0.000882686,Decreasing (Drop) (Divergent),Inverse_Interactive,1
Complexity,CO_HistogramAMI_even_2_5-avgch,Inverse,1,0.004531901,0.110995022,15.68925062,4.19E-156,0.832,-2.950858159,0.005743371,Decreasing (Drop) (Divergent),Inverse_Interactive,1
Complexity,CO_FirstMin_ac-ch9,Inverse,1,0.17673539,0.056738705,13.07715469,8.03E-102,0.6848,3.235439164,0.004846289,Decreasing (Drop) (Divergent),Inverse_Interactive,1
Complexity,CO_FirstMin_ac-ch8,Inverse,1,0.052820041,0.078525315,14.47263224,1.60E-128,0.7634,-0.163501299,0.882878788,Decreasing (Drop) (Parallel),Inverse_Additive,1
Complexity,CO_FirstMin_ac-ch7,Inverse,1,0.041113882,0.080002707,15.65878431,4.97E-155,0.8302,0.439283275,0.681952972,Decreasing (Drop) (Parallel),Inverse_Additive,1
Complexity,CO_FirstMin_ac-ch6,Inverse,1,0.173906441,0.053041924,15.80761984,2.05E-158,0.8386,-0.044725648,0.966591758,Decreasing (Drop) (Parallel),Inverse_Additive,1
Complexity,CO_FirstMin_ac-ch5,Inverse,1,0.513284982,0.025124631,16.2726792,5.96E-170,0.8648,-0.576208681,0.583976964,Decreasing (Drop) (Parallel),Inverse_Additive,1
Complexity,CO_FirstMin_ac-ch4,Inverse,1,0.270003367,0.043628923,15.36664315,7.19E-148,0.8138,-1.735083586,0.108958768,Decreasing (Drop) (Divergent),Inverse_Interactive,1
Complexity,CO_FirstMin_ac-ch3,Inverse,1,0.196867819,0.049063027,16.57562521,4.09E-178,0.8819,-0.9712973,0.350634709,Decreasing (Drop) (Parallel),Inverse_Additive,1
Complexity,CO_FirstMin_ac-ch2,Inverse,1,0.034466691,0.083315687,15.46816391,1.56E-150,0.8195,-1.515591303,0.159707652,Decreasing (Drop) (Parallel),Inverse_Additive,1
Complexity,CO_FirstMin_ac-ch19,Inverse,1,0.042763948,0.082211843,14.4463098,5.27E-128,0.7619,1.487673253,0.180244359,Decreasing (Drop) (Parallel),Inverse_Additive,1
Complexity,CO_FirstMin_ac-ch18,Inverse,1,0.161722855,0.053629721,16.34076421,6.57E-172,0.8687,-0.660056213,0.529246385,Decreasing (Drop) (Parallel),Inverse_Additive,1
Complexity,CO_FirstMin_ac-ch17,Inverse,1,0.236251189,0.047318439,15.0260221,3.51E-140,0.7946,-2.580294128,0.018225082,Decreasing (Drop) (Divergent),Inverse_Interactive,1
Complexity,CO_FirstMin_ac-ch16,Inverse,1,0.013757209,0.099903629,14.45474604,2.52E-128,0.7624,1.03843186,0.349232523,Decreasing (Drop) (Parallel),Inverse_Additive,1
Complexity,CO_FirstMin_ac-ch15,Inverse,1,0.04050526,0.080912617,15.38974603,1.11E-148,0.8151,0.56464953,0.601382556,Decreasing (Drop) (Parallel),Inverse_Additive,1
Complexity,CO_FirstMin_ac-ch14,Inverse,1,0.042701596,0.080271221,15.2971292,1.56E-146,0.8099,-1.742916357,0.107719441,Decreasing (Drop) (Divergent),Inverse_Interactive,1
Complexity,CO_FirstMin_ac-ch13,Inverse,1,0.206205408,0.048510662,16.3049379,6.21E-171,0.8667,-0.27203146,0.795689169,Decreasing (Drop) (Parallel),Inverse_Additive,1
Complexity,CO_FirstMin_ac-ch12,Inverse,1,0.058115087,0.07442674,15.57494657,5.65E-153,0.8255,-2.792065877,0.009328999,Decreasing (Drop) (Divergent),Inverse_Interactive,1
Complexity,CO_FirstMin_ac-ch11,Inverse,1,0.084526336,0.062670999,17.75565737,9.45E-213,0.9484,-2.078566291,0.036478523,Decreasing (Drop) (Divergent),Inverse_Interactive,1
Complexity,CO_FirstMin_ac-ch10,Inverse,1,0.172999226,0.057434499,12.92070116,4.05E-99,0.676,1.724320096,0.134949031,Decreasing (Drop) (Divergent),Inverse_Interactive,1
Complexity,CO_FirstMin_ac-ch1,Inverse,1,0.428449999,0.032695493,13.80682061,4.81E-115,0.7259,-2.432390309,0.031320785,Decreasing (Drop) (Divergent),Inverse_Interactive,1
Complexity,CO_FirstMin_ac-avgch,Inverse,1,0.037665377,0.07663298,17.38221703,2.14E-201,0.9273,-0.96068951,0.340957334,Decreasing (Drop) (Parallel),Inverse_Additive,1
Complexity,CO_Embed2_Dist_tau_d_expfit_meandiff-ch9,Inverse,1,0.028664083,0.092985544,12.51762807,1.51E-92,0.6533,-3.363901208,0.003776952,Decreasing (Drop) (Divergent),Inverse_Interactive,1
Complexity,CO_Embed2_Dist_tau_d_expfit_meandiff-ch8,Inverse,1,0.020495126,0.092615332,14.97940523,1.74E-139,0.792,-3.297231333,0.00253726,Decreasing (Drop) (Divergent),Inverse_Interactive,1
Complexity,CO_Embed2_Dist_tau_d_expfit_meandiff-ch7,Inverse,1,0.018186502,0.09814845,13.49882857,1.28E-109,0.7086,-2.407878509,0.034085596,Decreasing (Drop) (Divergent),Inverse_Interactive,1
Complexity,CO_Embed2_Dist_tau_d_expfit_meandiff-ch6,Inverse,1,0.141407068,0.062618022,12.44942483,2.71E-91,0.6494,-2.918637306,0.012203744,Decreasing (Drop) (Divergent),Inverse_Interactive,1
Complexity,CO_Embed2_Dist_tau_d_expfit_meandiff-ch5,Inverse,1,0.659292812,0.018210362,13.79977531,7.21E-115,0.7255,-1.864490692,0.099102412,Decreasing (Drop) (Divergent),Inverse_Interactive,1
Complexity,CO_Embed2_Dist_tau_d_expfit_meandiff-ch4,Inverse,1,0.020569363,0.097573769,12.90514555,4.62E-99,0.6751,-3.473941294,0.002550872,Decreasing (Drop) (Divergent),Inverse_Interactive,1
Complexity,CO_Embed2_Dist_tau_d_expfit_meandiff-ch3,Inverse,1,0.027933088,0.091773613,13.31052466,3.80E-106,0.698,-3.455687426,0.002454716,Decreasing (Drop) (Divergent),Inverse_Interactive,1
Complexity,CO_Embed2_Dist_tau_d_expfit_meandiff-ch2,Inverse,1,0.002954439,0.127645168,11.97468151,3.67E-84,0.6227,-2.786384538,0.017573222,Decreasing (Drop) (Divergent),Inverse_Interactive,1
Complexity,CO_Embed2_Dist_tau_d_expfit_meandiff-ch19,Inverse,1,0.22228222,0.047357104,15.97493597,1.65E-162,0.8481,-3.776781657,0.000368314,Decreasing (Drop) (Divergent),Inverse_Interactive,1
Complexity,CO_Embed2_Dist_tau_d_expfit_meandiff-ch18,Inverse,1,0.048786132,0.075333707,16.39925577,1.20E-173,0.872,-3.996798678,0.000129241,Decreasing (Drop) (Divergent),Inverse_Interactive,1
Complexity,CO_Embed2_Dist_tau_d_expfit_meandiff-ch17,Inverse,1,0.110579061,0.06897256,11.69879012,1.03E-79,0.6072,-4.457248955,0.000160231,Decreasing (Drop) (Divergent),Inverse_Interactive,1
Complexity,CO_Embed2_Dist_tau_d_expfit_meandiff-ch16,Inverse,1,0.001900315,0.129170182,13.42790882,1.44E-108,0.7046,-2.029706261,0.074216358,Decreasing (Drop) (Divergent),Inverse_Interactive,1
Complexity,CO_Embed2_Dist_tau_d_expfit_meandiff-ch15,Inverse,1,0.013458233,0.101053713,14.14270948,5.44E-122,0.7448,-1.595215816,0.153752861,Decreasing (Drop) (Divergent),Inverse_Interactive,1
Complexity,CO_Embed2_Dist_tau_d_expfit_meandiff-ch14,Inverse,1,0.022308972,0.100699902,10.59837002,1.21E-64,0.5452,-1.005389669,0.404356237,Decreasing (Drop) (Parallel),Inverse_Additive,1
Complexity,CO_Embed2_Dist_tau_d_expfit_meandiff-ch13,Inverse,1,0.100267243,0.06937709,12.84661701,6.59E-98,0.6718,0.286772037,0.803978741,Decreasing (Drop) (Parallel),Inverse_Additive,1
Complexity,CO_Embed2_Dist_tau_d_expfit_meandiff-ch12,Inverse,1,0.005136034,0.113455815,14.45069089,2.28E-128,0.7622,-2.009256527,0.069876701,Decreasing (Drop) (Divergent),Inverse_Interactive,1
Complexity,CO_Embed2_Dist_tau_d_expfit_meandiff-ch11,Inverse,1,0.068432727,0.074164279,14.33919466,9.52E-126,0.7559,-3.172023663,0.004361662,Decreasing (Drop) (Divergent),Inverse_Interactive,1
Complexity,CO_Embed2_Dist_tau_d_expfit_meandiff-ch10,Inverse,1,0.02353222,0.095171364,13.02314498,4.39E-101,0.6818,-3.07782941,0.007376135,Decreasing (Drop) (Divergent),Inverse_Interactive,1
Complexity,CO_Embed2_Dist_tau_d_expfit_meandiff-ch1,Inverse,1,0.091947475,0.074686526,10.28141939,1.47E-60,0.5273,-3.453636167,0.004367576,Decreasing (Drop) (Divergent),Inverse_Interactive,1
Complexity,CO_Embed2_Dist_tau_d_expfit_meandiff-avgch,Inverse,1,0.025430775,0.091110451,14.26352762,2.46E-124,0.7516,-3.183372678,0.004277892,Decreasing (Drop) (Divergent),Inverse_Interactive,1
